ブランド,名前,項目,タグの値,票数,表の基本の値,案,確認 (基本に直す / 別の髪型として足す: label を書く / 捨てる),調査の表の状態,セカンドヘアの手がかり (マスタ・公式データ)
765AS,三浦あずさ,髪の長さ,ショートヘア,1,ロング,要確認,,確認済み,なし (マスタに列が無い。デレステのセカンドヘアは別途調査)
961,亜夜,髪色,黒髪,2,,default,,確認済み,なし (マスタに列が無い。デレステのセカンドヘアは別途調査)
961,亜夜,髪の長さ,ロングヘア,1,,default,,確認済み,なし (マスタに列が無い。デレステのセカンドヘアは別途調査)
765AS,双海亜美,髪型,ハーフサイドテール,1,サイドテール,要確認,,確認済み,なし (マスタに列が無い。デレステのセカンドヘアは別途調査)
765AS,天海春香,髪型,外はね,1,ストレート,要確認,,確認済み,なし (マスタに列が無い。デレステのセカンドヘアは別途調査)
765AS,秋月律子,髪型,アホ毛,3,三つ編み・編み込み,要確認,,確認済み,なし (マスタに列が無い。デレステのセカンドヘアは別途調査)
765AS,秋月律子,髪型,まとめ髪,2,三つ編み・編み込み,要確認,,確認済み,なし (マスタに列が無い。デレステのセカンドヘアは別途調査)
765AS,秋月律子,髪の長さ,ロングヘア,1,ボブ〜ミディアム,要確認,,確認済み,なし (マスタに列が無い。デレステのセカンドヘアは別途調査)
765AS,秋月律子,髪型,ひとつ縛り,1,三つ編み・編み込み,要確認,,確認済み,なし (マスタに列が無い。デレステのセカンドヘアは別途調査)
765AS,萩原雪歩,髪の長さ,ボブ〜ミディアムヘア,1,ショート,要確認,,確認済み,なし (マスタに列が無い。デレステのセカンドヘアは別途調査)
961,詩花,髪の長さ,ボブ〜ミディアムヘア,1,ショート,要確認,,未確認,なし (マスタに列が無い。デレステのセカンドヘアは別途調査)
765AS,音無小鳥,髪の長さ,ボブ〜ミディアムヘア,1,ショート,要確認,,確認済み,なし (マスタに列が無い。デレステのセカンドヘアは別途調査)
765AS,高槻やよい,髪の長さ,ロングヘア,1,ボブ〜ミディアム,要確認,,確認済み,なし (マスタに列が無い。デレステのセカンドヘアは別途調査)
876,レトラ,髪の長さ,ショートヘア,2,,default,,未確認,なし (マスタに列が無い。デレステのセカンドヘアは別途調査)
876,レトラ,髪型,三つ編み・編み込み,1,,default,,未確認,なし (マスタに列が無い。デレステのセカンドヘアは別途調査)
876,上水流宇宙,髪型,三つ編み・編み込み,1,,default,,未確認,なし (マスタに列が無い。デレステのセカンドヘアは別途調査)
876,日高愛,髪の長さ,ショートヘア,1,ボブ〜ミディアム,要確認,,確認済み,なし (マスタに列が無い。デレステのセカンドヘアは別途調査)
876,灯里愛夏,髪の長さ,ボブ〜ミディアムヘア,2,,default,,未確認,なし (マスタに列が無い。デレステのセカンドヘアは別途調査)
961,奥空心白,髪色,白髪・銀髪,2,金,要確認,,未確認,なし (マスタに列が無い。デレステのセカンドヘアは別途調査)
961,奥空心白,髪の長さ,ボブ〜ミディアムヘア,1,ショート,要確認,,未確認,なし (マスタに列が無い。デレステのセカンドヘアは別途調査)
デレマス,アナスタシア,髪の長さ,ショートヘア,1,ロング,要確認,,未確認,なし (マスタに列が無い。デレステのセカンドヘアは別途調査)
デレマス,イム・ユジン,髪の長さ,ボブ〜ミディアムヘア,1,(表に基本の髪型が無い),default,,表に無い,なし (マスタに列が無い。デレステのセカンドヘアは別途調査)
デレマス,イム・ユジン,髪型,アホ毛,1,(表に基本の髪型が無い),default,,表に無い,なし (マスタに列が無い。デレステのセカンドヘアは別途調査)
デレマス,クラリス,髪の長さ,ロングヘア,1,,default,,未確認,なし (マスタに列が無い。デレステのセカンドヘアは別途調査)
デレマス,クラリス,髪型,まとめ髪,1,三つ編み・編み込み,要確認,,未確認,なし (マスタに列が無い。デレステのセカンドヘアは別途調査)
デレマス,ケイト,髪の長さ,ボブ〜ミディアムヘア,1,ショート,要確認,,未確認,なし (マスタに列が無い。デレステのセカンドヘアは別途調査)
デレマス,ジュニー,髪の長さ,ロングヘア,1,(表に基本の髪型が無い),default,,表に無い,なし (マスタに列が無い。デレステのセカンドヘアは別途調査)
デレマス,ナターリア,髪の長さ,ボブ〜ミディアムヘア,1,ショート,要確認,,確認済み,なし (マスタに列が無い。デレステのセカンドヘアは別途調査)
デレマス,ヘレン,髪色,黒髪,1,金,要確認,,確認済み,なし (マスタに列が無い。デレステのセカンドヘアは別途調査)
デレマス,メアリー・コクラン,髪型,ツインテール,3,,default,,確認済み,なし (マスタに列が無い。デレステのセカンドヘアは別途調査)
デレマス,メアリー・コクラン,前髪,おでこ,1,,default,,確認済み,なし (マスタに列が無い。デレステのセカンドヘアは別途調査)
デレマス,リュ・ヘナ,髪の長さ,ロングヘア,1,(表に基本の髪型が無い),default,,表に無い,なし (マスタに列が無い。デレステのセカンドヘアは別途調査)
デレマス,一ノ瀬志希,髪の長さ,ロングヘア,1,ボブ〜ミディアム,要確認,,未確認,なし (マスタに列が無い。デレステのセカンドヘアは別途調査)
デレマス,一ノ瀬志希,髪型,ハーフアップツイン,1,ウェーブ、跳ね毛,要確認,,未確認,なし (マスタに列が無い。デレステのセカンドヘアは別途調査)
デレマス,三好紗南,髪の長さ,ロングヘア,1,(表に基本の髪型が無い),default,,表に無い,なし (マスタに列が無い。デレステのセカンドヘアは別途調査)
デレマス,三好紗南,髪型,三つ編み・編み込み,1,(表に基本の髪型が無い),default,,表に無い,なし (マスタに列が無い。デレステのセカンドヘアは別途調査)
デレマス,三船美優,髪型,ポニーテール,1,,default,,確認済み,なし (マスタに列が無い。デレステのセカンドヘアは別途調査)
デレマス,上条春菜,髪色,黒髪,1,茶,要確認,,未確認,なし (マスタに列が無い。デレステのセカンドヘアは別途調査)
デレマス,上田鈴帆,髪の長さ,ショートヘア,1,,default,,未確認,なし (マスタに列が無い。デレステのセカンドヘアは別途調査)
デレマス,並木芽衣子,髪の長さ,ボブ〜ミディアムヘア,1,ショート,要確認,,確認済み,なし (マスタに列が無い。デレステのセカンドヘアは別途調査)
デレマス,中野有香,髪型,ローツインテール,1,ツインテール,要確認,,確認済み,なし (マスタに列が無い。デレステのセカンドヘアは別途調査)
デレマス,丹羽仁美,髪の長さ,ボブ〜ミディアムヘア,2,ショート,要確認,,確認済み,なし (マスタに列が無い。デレステのセカンドヘアは別途調査)
デレマス,久川凪,髪型,三つ編み・編み込み,1,,default,,確認済み,なし (マスタに列が無い。デレステのセカンドヘアは別途調査)
デレマス,久川凪,髪型,ローツインテール,1,,default,,確認済み,なし (マスタに列が無い。デレステのセカンドヘアは別途調査)
デレマス,久川颯,髪の長さ,ロングヘア,2,,default,,確認済み,なし (マスタに列が無い。デレステのセカンドヘアは別途調査)
デレマス,久川颯,髪型,三つ編み・編み込み,1,,default,,確認済み,なし (マスタに列が無い。デレステのセカンドヘアは別途調査)
デレマス,五十嵐響子,髪の長さ,ロングヘア,1,ボブ〜ミディアム,要確認,,未確認,なし (マスタに列が無い。デレステのセカンドヘアは別途調査)
デレマス,今井加奈,髪の長さ,ロングヘア,1,ボブ〜ミディアム,要確認,,未確認,なし (マスタに列が無い。デレステのセカンドヘアは別途調査)
デレマス,仙崎恵磨,髪色,白髪・銀髪,1,金,要確認,,確認済み,なし (マスタに列が無い。デレステのセカンドヘアは別途調査)
デレマス,伊集院惠,髪型,ひとつ縛り,1,ポニーテール,要確認,,未確認,なし (マスタに列が無い。デレステのセカンドヘアは別途調査)
デレマス,佐々木千枝,髪の長さ,ボブ〜ミディアムヘア,2,ショート,要確認,,確認済み,なし (マスタに列が無い。デレステのセカンドヘアは別途調査)
デレマス,依田芳乃,髪型,ひとつ縛り,1,,default,,確認済み,なし (マスタに列が無い。デレステのセカンドヘアは別途調査)
デレマス,八神マキノ,髪の長さ,ロングヘア,1,(表に基本の髪型が無い),default,,表に無い,なし (マスタに列が無い。デレステのセカンドヘアは別途調査)
デレマス,兵藤レナ,髪型,ポニーテール,1,ウェーブ,要確認,,確認済み,なし (マスタに列が無い。デレステのセカンドヘアは別途調査)
デレマス,冴島清美,髪の長さ,ボブ〜ミディアムヘア,1,ショート,要確認,,確認済み,なし (マスタに列が無い。デレステのセカンドヘアは別途調査)
デレマス,前川みく,髪の長さ,ロングヘア,1,,default,,確認済み,なし (マスタに列が無い。デレステのセカンドヘアは別途調査)
デレマス,前川みく,髪の長さ,ボブ〜ミディアムヘア,1,,default,,確認済み,なし (マスタに列が無い。デレステのセカンドヘアは別途調査)
デレマス,前川みく,髪型,ポニーテール,1,,default,,確認済み,なし (マスタに列が無い。デレステのセカンドヘアは別途調査)
デレマス,十時愛梨,髪の長さ,ロングヘア,1,,default,,確認済み,なし (マスタに列が無い。デレステのセカンドヘアは別途調査)
デレマス,原田美世,髪の長さ,ボブ〜ミディアムヘア,1,ショート,要確認,,確認済み,なし (マスタに列が無い。デレステのセカンドヘアは別途調査)
デレマス,双葉杏,髪型,ローツインテール,1,ツインテール,要確認,,確認済み,なし (マスタに列が無い。デレステのセカンドヘアは別途調査)
デレマス,古澤頼子,髪の長さ,ロングヘア,1,,default,,確認済み,なし (マスタに列が無い。デレステのセカンドヘアは別途調査)
デレマス,吉岡沙紀,髪の長さ,ショートヘア,1,(表に基本の髪型が無い),default,,表に無い,なし (マスタに列が無い。デレステのセカンドヘアは別途調査)
デレマス,向井拓海,髪色,黒髪,1,金,要確認,,確認済み,なし (マスタに列が無い。デレステのセカンドヘアは別途調査)
デレマス,和久井留美,髪の長さ,ショートヘア,1,ロング,要確認,,確認済み,なし (マスタに列が無い。デレステのセカンドヘアは別途調査)
デレマス,和久井留美,髪型,アホ毛,1,ストレート,要確認,,確認済み,なし (マスタに列が無い。デレステのセカンドヘアは別途調査)
デレマス,喜多日菜子,髪の長さ,ボブ〜ミディアムヘア,1,ショート,要確認,,未確認,なし (マスタに列が無い。デレステのセカンドヘアは別途調査)
デレマス,喜多見柚,髪の長さ,ボブ〜ミディアムヘア,1,ショート,要確認,,未確認,なし (マスタに列が無い。デレステのセカンドヘアは別途調査)
デレマス,城ヶ崎美嘉,髪型,ツインテール,2,ポニーテール,要確認,,確認済み,なし (マスタに列が無い。デレステのセカンドヘアは別途調査)
デレマス,城ヶ崎莉嘉,髪型,ハーフアップツイン,1,ツーサイドアップ,要確認,,確認済み,なし (マスタに列が無い。デレステのセカンドヘアは別途調査)
デレマス,堀裕子,髪の長さ,ロングヘア,1,,default,,確認済み,なし (マスタに列が無い。デレステのセカンドヘアは別途調査)
デレマス,堀裕子,髪型,ポニーテール,1,,default,,確認済み,なし (マスタに列が無い。デレステのセカンドヘアは別途調査)
デレマス,多田李衣菜,髪の長さ,ボブ〜ミディアムヘア,1,ショート,要確認,,確認済み,なし (マスタに列が無い。デレステのセカンドヘアは別途調査)
デレマス,夢見りあむ,髪の長さ,ボブ〜ミディアムヘア,2,(表に基本の髪型が無い),default,,表に無い,なし (マスタに列が無い。デレステのセカンドヘアは別途調査)
デレマス,夢見りあむ,髪型,アホ毛,2,(表に基本の髪型が無い),default,,表に無い,なし (マスタに列が無い。デレステのセカンドヘアは別途調査)
デレマス,大原みちる,髪の長さ,ロングヘア,1,ボブ〜ミディアム,要確認,,未確認,なし (マスタに列が無い。デレステのセカンドヘアは別途調査)
デレマス,大和亜季,髪の長さ,ロングヘア,1,ショート,要確認,,確認済み,なし (マスタに列が無い。デレステのセカンドヘアは別途調査)
デレマス,大和亜季,髪色,黒髪,1,茶,要確認,,確認済み,なし (マスタに列が無い。デレステのセカンドヘアは別途調査)
デレマス,大和亜季,髪型,ひとつ縛り,1,,default,,確認済み,なし (マスタに列が無い。デレステのセカンドヘアは別途調査)
デレマス,大沼くるみ,髪型,ポニーテール,1,ストレート,要確認,,未確認,なし (マスタに列が無い。デレステのセカンドヘアは別途調査)
デレマス,大西由里子,髪の長さ,ロングヘア,1,,default,,未確認,なし (マスタに列が無い。デレステのセカンドヘアは別途調査)
デレマス,太田優,髪の長さ,ボブ〜ミディアムヘア,1,ショート,要確認,,未確認,なし (マスタに列が無い。デレステのセカンドヘアは別途調査)
デレマス,太田優,髪型,外はね,1,,default,,未確認,なし (マスタに列が無い。デレステのセカンドヘアは別途調査)
デレマス,奥山沙織,髪の長さ,ロングヘア,1,ボブ〜ミディアム,要確認,,未確認,なし (マスタに列が無い。デレステのセカンドヘアは別途調査)
デレマス,姫川友紀,髪の長さ,ロングヘア,1,ボブ〜ミディアム,要確認,,確認済み,なし (マスタに列が無い。デレステのセカンドヘアは別途調査)
デレマス,宮本フレデリカ,髪の長さ,ショートヘア,1,ロング,要確認,,確認済み,なし (マスタに列が無い。デレステのセカンドヘアは別途調査)
デレマス,小日向美穂,髪色,黒髪,1,茶,要確認,,未確認,なし (マスタに列が無い。デレステのセカンドヘアは別途調査)
デレマス,小関麗奈,髪型,ハーフアップツイン,1,ストレート,要確認,,未確認,なし (マスタに列が無い。デレステのセカンドヘアは別途調査)
デレマス,岸部彩華,髪の長さ,ロングヘア,1,,default,,未確認,なし (マスタに列が無い。デレステのセカンドヘアは別途調査)
デレマス,島村卯月,髪型,ハーフサイドテール,1,サイドテール,要確認,,確認済み,なし (マスタに列が無い。デレステのセカンドヘアは別途調査)
デレマス,川島瑞樹,髪の長さ,ロングヘア,1,ボブ〜ミディアム,要確認,,未確認,なし (マスタに列が無い。デレステのセカンドヘアは別途調査)
デレマス,川島瑞樹,髪型,ひとつ縛り,1,サイドテール,要確認,,未確認,なし (マスタに列が無い。デレステのセカンドヘアは別途調査)
デレマス,工藤忍,髪の長さ,ボブ〜ミディアムヘア,1,ショート,要確認,,未確認,なし (マスタに列が無い。デレステのセカンドヘアは別途調査)
デレマス,市原仁奈,髪の長さ,ロングヘア,1,,default,,未確認,なし (マスタに列が無い。デレステのセカンドヘアは別途調査)
デレマス,愛野渚,髪の長さ,ロングヘア,1,ボブ〜ミディアム,要確認,,未確認,なし (マスタに列が無い。デレステのセカンドヘアは別途調査)
デレマス,成宮由愛,髪の長さ,ボブ〜ミディアムヘア,1,ショート,要確認,,確認済み,なし (マスタに列が無い。デレステのセカンドヘアは別途調査)
デレマス,持田亜里沙,髪の長さ,ロングヘア,1,(表に基本の髪型が無い),default,,表に無い,なし (マスタに列が無い。デレステのセカンドヘアは別途調査)
デレマス,持田亜里沙,髪型,ひとつ縛り,1,(表に基本の髪型が無い),default,,表に無い,なし (マスタに列が無い。デレステのセカンドヘアは別途調査)
デレマス,日野茜,髪の長さ,ロングヘア,1,(表に基本の髪型が無い),default,,表に無い,なし (マスタに列が無い。デレステのセカンドヘアは別途調査)
デレマス,日野茜,髪型,ハーフアップ,1,(表に基本の髪型が無い),default,,表に無い,なし (マスタに列が無い。デレステのセカンドヘアは別途調査)
デレマス,早坂美玲,髪の長さ,ボブ〜ミディアムヘア,1,ショート,要確認,,確認済み,なし (マスタに列が無い。デレステのセカンドヘアは別途調査)
デレマス,星輝子,髪型,アホ毛,1,ツインテール,要確認,,確認済み,なし (マスタに列が無い。デレステのセカンドヘアは別途調査)
デレマス,月宮雅,髪の長さ,ボブ〜ミディアムヘア,1,ショート,要確認,,確認済み,なし (マスタに列が無い。デレステのセカンドヘアは別途調査)
デレマス,有浦柑奈,髪の長さ,ロングヘア,1,ボブ〜ミディアム,要確認,,未確認,なし (マスタに列が無い。デレステのセカンドヘアは別途調査)
デレマス,望月聖,髪の長さ,ロングヘア,2,(表に基本の髪型が無い),default,,表に無い,なし (マスタに列が無い。デレステのセカンドヘアは別途調査)
デレマス,本田未央,髪の長さ,ショートヘア,1,ボブ〜ミディアム,要確認,,確認済み,なし (マスタに列が無い。デレステのセカンドヘアは別途調査)
デレマス,本田未央,髪型,外はね,1,,default,,確認済み,なし (マスタに列が無い。デレステのセカンドヘアは別途調査)
デレマス,村上巴,髪の長さ,ボブ〜ミディアムヘア,1,ロング,要確認,,確認済み,なし (マスタに列が無い。デレステのセカンドヘアは別途調査)
デレマス,村松さくら,髪の長さ,ボブ〜ミディアムヘア,1,(表に基本の髪型が無い),default,,表に無い,なし (マスタに列が無い。デレステのセカンドヘアは別途調査)
デレマス,村松さくら,髪型,ローツインテール,1,(表に基本の髪型が無い),default,,表に無い,なし (マスタに列が無い。デレステのセカンドヘアは別途調査)
デレマス,松原早耶,髪の長さ,ショートヘア,1,,default,,確認済み,なし (マスタに列が無い。デレステのセカンドヘアは別途調査)
デレマス,松尾千鶴,髪の長さ,ショートヘア,1,ロング,要確認,,確認済み,なし (マスタに列が無い。デレステのセカンドヘアは別途調査)
デレマス,松山久美子,髪の長さ,ロングヘア,1,,default,,確認済み,なし (マスタに列が無い。デレステのセカンドヘアは別途調査)
デレマス,松山久美子,髪型,ポニーテール,1,,default,,確認済み,なし (マスタに列が無い。デレステのセカンドヘアは別途調査)
デレマス,松永涼,髪の長さ,ロングヘア,1,ショート,要確認,,確認済み,なし (マスタに列が無い。デレステのセカンドヘアは別途調査)
デレマス,柳清良,髪の長さ,ボブ〜ミディアムヘア,1,ロング,要確認,,確認済み,なし (マスタに列が無い。デレステのセカンドヘアは別途調査)
デレマス,柳瀬美由紀,髪の長さ,ボブ〜ミディアムヘア,1,(表に基本の髪型が無い),default,,表に無い,なし (マスタに列が無い。デレステのセカンドヘアは別途調査)
デレマス,柳瀬美由紀,前髪,おでこ,1,(表に基本の髪型が無い),default,,表に無い,なし (マスタに列が無い。デレステのセカンドヘアは別途調査)
デレマス,桃井あずき,髪の長さ,ロングヘア,1,(表に基本の髪型が無い),default,,表に無い,なし (マスタに列が無い。デレステのセカンドヘアは別途調査)
デレマス,桃井あずき,髪色,黒髪,1,(表に基本の髪型が無い),default,,表に無い,なし (マスタに列が無い。デレステのセカンドヘアは別途調査)
デレマス,桃井あずき,髪型,お団子ヘア,1,(表に基本の髪型が無い),default,,表に無い,なし (マスタに列が無い。デレステのセカンドヘアは別途調査)
デレマス,桐野アヤ,髪の長さ,ロングヘア,1,,default,,未確認,なし (マスタに列が無い。デレステのセカンドヘアは別途調査)
デレマス,梅木音葉,髪型,外はね,1,,default,,未確認,なし (マスタに列が無い。デレステのセカンドヘアは別途調査)
デレマス,棟方愛海,髪型,お団子ヘア,2,(表に基本の髪型が無い),default,,表に無い,なし (マスタに列が無い。デレステのセカンドヘアは別途調査)
デレマス,棟方愛海,髪の長さ,ボブ〜ミディアムヘア,1,(表に基本の髪型が無い),default,,表に無い,なし (マスタに列が無い。デレステのセカンドヘアは別途調査)
デレマス,森久保乃々,髪の長さ,ボブ〜ミディアムヘア,1,ロング,要確認,,確認済み,なし (マスタに列が無い。デレステのセカンドヘアは別途調査)
デレマス,楊菲菲,髪の長さ,ロングヘア,1,,default,,確認済み,なし (マスタに列が無い。デレステのセカンドヘアは別途調査)
デレマス,榊原里美,髪型,ローツインテール,1,ツインテール、縦ロール,要確認,,確認済み,なし (マスタに列が無い。デレステのセカンドヘアは別途調査)
デレマス,槙原志保,髪型,ハーフアップ,1,,default,,確認済み,なし (マスタに列が無い。デレステのセカンドヘアは別途調査)
デレマス,横山千佳,髪の長さ,ロングヘア,1,,default,,確認済み,なし (マスタに列が無い。デレステのセカンドヘアは別途調査)
デレマス,橘ありす,髪色,黒髪,2,茶,要確認,,確認済み,なし (マスタに列が無い。デレステのセカンドヘアは別途調査)
デレマス,氏家むつみ,髪の長さ,ロングヘア,1,ボブ〜ミディアム,要確認,,未確認,なし (マスタに列が無い。デレステのセカンドヘアは別途調査)
デレマス,水木聖來,髪の長さ,ボブ〜ミディアムヘア,1,(表に基本の髪型が無い),default,,表に無い,なし (マスタに列が無い。デレステのセカンドヘアは別途調査)
デレマス,水野翠,髪型,ポニーテール,1,ストレート,要確認,,確認済み,なし (マスタに列が無い。デレステのセカンドヘアは別途調査)
デレマス,池袋晶葉,髪の長さ,ロングヘア,1,ボブ〜ミディアム,要確認,,未確認,なし (マスタに列が無い。デレステのセカンドヘアは別途調査)
デレマス,浅利七海,髪の長さ,ロングヘア,1,ボブ〜ミディアム,要確認,,未確認,なし (マスタに列が無い。デレステのセカンドヘアは別途調査)
デレマス,浜口あやめ,髪の長さ,ロングヘア,1,,default,,確認済み,なし (マスタに列が無い。デレステのセカンドヘアは別途調査)
デレマス,海老原菜帆,髪の長さ,ロングヘア,1,,default,,未確認,なし (マスタに列が無い。デレステのセカンドヘアは別途調査)
デレマス,涼宮星花,髪型,ハーフアップ,1,ストレート,要確認,,確認済み,なし (マスタに列が無い。デレステのセカンドヘアは別途調査)
デレマス,片桐早苗,髪の長さ,ロングヘア,1,ボブ〜ミディアム,要確認,,未確認,なし (マスタに列が無い。デレステのセカンドヘアは別途調査)
デレマス,片桐早苗,髪型,ローツインテール,1,ツインテール,要確認,,未確認,なし (マスタに列が無い。デレステのセカンドヘアは別途調査)
デレマス,相馬夏美,髪の長さ,ボブ〜ミディアムヘア,1,,default,,確認済み,なし (マスタに列が無い。デレステのセカンドヘアは別途調査)
デレマス,真鍋いつき,髪の長さ,ボブ〜ミディアムヘア,1,(表に基本の髪型が無い),default,,表に無い,なし (マスタに列が無い。デレステのセカンドヘアは別途調査)
デレマス,真鍋いつき,髪型,ポニーテール,1,(表に基本の髪型が無い),default,,表に無い,なし (マスタに列が無い。デレステのセカンドヘアは別途調査)
デレマス,矢口美羽,髪の長さ,ロングヘア,1,(表に基本の髪型が無い),default,,表に無い,なし (マスタに列が無い。デレステのセカンドヘアは別途調査)
デレマス,矢口美羽,髪色,黒髪,1,(表に基本の髪型が無い),default,,表に無い,なし (マスタに列が無い。デレステのセカンドヘアは別途調査)
デレマス,矢口美羽,髪型,ポニーテール,1,(表に基本の髪型が無い),default,,表に無い,なし (マスタに列が無い。デレステのセカンドヘアは別途調査)
デレマス,矢口美羽,髪型,お団子ヘア,1,(表に基本の髪型が無い),default,,表に無い,なし (マスタに列が無い。デレステのセカンドヘアは別途調査)
デレマス,神崎蘭子,髪型,ツインテール,3,縦ロール,要確認,,未確認,なし (マスタに列が無い。デレステのセカンドヘアは別途調査)
デレマス,神谷奈緒,髪の長さ,ロングヘア,2,ボブ〜ミディアム,要確認,,未確認,なし (マスタに列が無い。デレステのセカンドヘアは別途調査)
デレマス,神谷奈緒,髪型,ハーフアップ,1,お団子、ウェーブ,要確認,,未確認,なし (マスタに列が無い。デレステのセカンドヘアは別途調査)
デレマス,福山舞,髪の長さ,ロングヘア,1,,default,,確認済み,なし (マスタに列が無い。デレステのセカンドヘアは別途調査)
デレマス,福山舞,髪型,ポニーテール,1,ツインテール,要確認,,確認済み,なし (マスタに列が無い。デレステのセカンドヘアは別途調査)
デレマス,結城晴,髪の長さ,ボブ〜ミディアムヘア,1,(表に基本の髪型が無い),default,,表に無い,なし (マスタに列が無い。デレステのセカンドヘアは別途調査)
デレマス,綾瀬穂乃香,髪型,お団子ヘア,1,,default,,未確認,なし (マスタに列が無い。デレステのセカンドヘアは別途調査)
デレマス,緒方智絵里,髪の長さ,ロングヘア,1,ボブ〜ミディアム,要確認,,未確認,なし (マスタに列が無い。デレステのセカンドヘアは別途調査)
デレマス,脇山珠美,髪の長さ,ショートヘア,1,(表に基本の髪型が無い),default,,表に無い,なし (マスタに列が無い。デレステのセカンドヘアは別途調査)
デレマス,脇山珠美,髪型,アホ毛,1,(表に基本の髪型が無い),default,,表に無い,なし (マスタに列が無い。デレステのセカンドヘアは別途調査)
デレマス,若林智香,髪の長さ,ロングヘア,1,(表に基本の髪型が無い),default,,表に無い,なし (マスタに列が無い。デレステのセカンドヘアは別途調査)
デレマス,若林智香,髪型,ポニーテール,1,(表に基本の髪型が無い),default,,表に無い,なし (マスタに列が無い。デレステのセカンドヘアは別途調査)
デレマス,藤原肇,髪の長さ,ボブ〜ミディアムヘア,1,ロング,要確認,,確認済み,なし (マスタに列が無い。デレステのセカンドヘアは別途調査)
デレマス,衛藤美紗希,髪の長さ,ロングヘア,1,,default,,未確認,なし (マスタに列が無い。デレステのセカンドヘアは別途調査)
デレマス,西島櫂,髪型,外はね,1,アホ毛,要確認,,確認済み,なし (マスタに列が無い。デレステのセカンドヘアは別途調査)
デレマス,諸星きらり,髪型,ツインテール,2,,default,,確認済み,なし (マスタに列が無い。デレステのセカンドヘアは別途調査)
デレマス,赤城みりあ,髪色,黒髪,2,茶,要確認,,未確認,なし (マスタに列が無い。デレステのセカンドヘアは別途調査)
デレマス,赤城みりあ,髪型,ハーフアップツイン,2,ツインテール,要確認,,未確認,なし (マスタに列が無い。デレステのセカンドヘアは別途調査)
デレマス,赤西瑛梨華,髪の長さ,ロングヘア,1,ボブ〜ミディアム,要確認,,未確認,なし (マスタに列が無い。デレステのセカンドヘアは別途調査)
デレマス,遊佐こずえ,髪の長さ,ボブ〜ミディアムヘア,1,ロング,要確認,,確認済み,なし (マスタに列が無い。デレステのセカンドヘアは別途調査)
デレマス,遊佐こずえ,髪型,アホ毛,1,,default,,確認済み,なし (マスタに列が無い。デレステのセカンドヘアは別途調査)
デレマス,遊佐こずえ,髪型,ローツインテール,1,,default,,確認済み,なし (マスタに列が無い。デレステのセカンドヘアは別途調査)
デレマス,野々村そら,髪の長さ,ロングヘア,1,,default,,確認済み,なし (マスタに列が無い。デレステのセカンドヘアは別途調査)
デレマス,野々村そら,髪型,ハーフアップツイン,1,ツインテール、ウェーブ,要確認,,確認済み,なし (マスタに列が無い。デレステのセカンドヘアは別途調査)
デレマス,長富蓮実,髪の長さ,ボブ〜ミディアムヘア,1,ショート,要確認,,確認済み,なし (マスタに列が無い。デレステのセカンドヘアは別途調査)
デレマス,間中美里,髪の長さ,ショートヘア,1,(表に基本の髪型が無い),default,,表に無い,なし (マスタに列が無い。デレステのセカンドヘアは別途調査)
デレマス,関裕美,髪の長さ,ボブ〜ミディアムヘア,1,ロング,要確認,,確認済み,なし (マスタに列が無い。デレステのセカンドヘアは別途調査)
デレマス,関裕美,前髪,おでこ,1,,default,,確認済み,なし (マスタに列が無い。デレステのセカンドヘアは別途調査)
デレマス,難波笑美,前髪,おでこ,1,,default,,確認済み,なし (マスタに列が無い。デレステのセカンドヘアは別途調査)
デレマス,首藤葵,髪の長さ,ロングヘア,1,,default,,確認済み,なし (マスタに列が無い。デレステのセカンドヘアは別途調査)
デレマス,高垣楓,髪の長さ,ボブ〜ミディアムヘア,1,ショート,要確認,,確認済み,なし (マスタに列が無い。デレステのセカンドヘアは別途調査)
デレマス,鷹富士茄子,髪の長さ,ボブ〜ミディアムヘア,1,ショート,要確認,,確認済み,なし (マスタに列が無い。デレステのセカンドヘアは別途調査)
デレマス,龍崎薫,髪の長さ,ショートヘア,2,,default,,確認済み,なし (マスタに列が無い。デレステのセカンドヘアは別途調査)
学マス,倉本千奈,前髪,おでこ,2,,default,,未確認,なし (マスタに列が無い。デレステのセカンドヘアは別途調査)
学マス,倉本千奈,髪色,黒髪,1,茶,要確認,,未確認,なし (マスタに列が無い。デレステのセカンドヘアは別途調査)
学マス,秦谷美鈴,髪の長さ,ボブ〜ミディアムヘア,1,ショート,要確認,,未確認,なし (マスタに列が無い。デレステのセカンドヘアは別途調査)
学マス,秦谷美鈴,髪型,三つ編み・編み込み,1,,default,,未確認,なし (マスタに列が無い。デレステのセカンドヘアは別途調査)
学マス,花海咲季,髪の長さ,ボブ〜ミディアムヘア,1,ロング,要確認,,未確認,なし (マスタに列が無い。デレステのセカンドヘアは別途調査)
学マス,花海咲季,髪型,ハーフアップツイン,1,ツーサイドアップ,要確認,,未確認,なし (マスタに列が無い。デレステのセカンドヘアは別途調査)
学マス,葛城リーリヤ,髪の長さ,ボブ〜ミディアムヘア,2,ロング,要確認,,未確認,なし (マスタに列が無い。デレステのセカンドヘアは別途調査)
学マス,賀陽燐羽,髪型,ツインテール,3,(表に基本の髪型が無い),default,,表に無い,なし (マスタに列が無い。デレステのセカンドヘアは別途調査)
学マス,賀陽燐羽,髪の長さ,ロングヘア,1,(表に基本の髪型が無い),default,,表に無い,なし (マスタに列が無い。デレステのセカンドヘアは別途調査)
学マス,賀陽燐羽,髪型,アホ毛,1,(表に基本の髪型が無い),default,,表に無い,なし (マスタに列が無い。デレステのセカンドヘアは別途調査)
学マス,賀陽燐羽,髪型,三つ編み・編み込み,1,(表に基本の髪型が無い),default,,表に無い,なし (マスタに列が無い。デレステのセカンドヘアは別途調査)
ミリオン,エミリースチュアート,髪型,まとめ髪,1,ツインテール,要確認,,確認済み,なし (マスタに列が無い。デレステのセカンドヘアは別途調査)
ミリオン,ジュリア,髪型,アホ毛,1,,default,,確認済み,なし (マスタに列が無い。デレステのセカンドヘアは別途調査)
ミリオン,七尾百合子,髪の長さ,ボブ〜ミディアムヘア,1,ショート,要確認,,確認済み,なし (マスタに列が無い。デレステのセカンドヘアは別途調査)
ミリオン,七尾百合子,髪型,三つ編み・編み込み,1,,default,,確認済み,なし (マスタに列が無い。デレステのセカンドヘアは別途調査)
ミリオン,中谷育,髪の長さ,ボブ〜ミディアムヘア,1,ショート,要確認,,確認済み,なし (マスタに列が無い。デレステのセカンドヘアは別途調査)
ミリオン,中谷育,髪型,お団子ヘア,1,,default,,確認済み,なし (マスタに列が無い。デレステのセカンドヘアは別途調査)
ミリオン,中谷育,髪型,ハーフサイドテール,1,,default,,確認済み,なし (マスタに列が無い。デレステのセカンドヘアは別途調査)
ミリオン,二階堂千鶴,髪型,ポニーテール,1,,default,,確認済み,なし (マスタに列が無い。デレステのセカンドヘアは別途調査)
ミリオン,ロコ,髪型,ローツインテール,1,ツインテール,要確認,,確認済み,なし (マスタに列が無い。デレステのセカンドヘアは別途調査)
ミリオン,北上麗花,髪型,ローツインテール,1,ストレート,要確認,,確認済み,なし (マスタに列が無い。デレステのセカンドヘアは別途調査)
ミリオン,周防桃子,髪の長さ,ボブ〜ミディアムヘア,1,ロング,要確認,,確認済み,なし (マスタに列が無い。デレステのセカンドヘアは別途調査)
ミリオン,周防桃子,髪型,アホ毛,1,,default,,確認済み,なし (マスタに列が無い。デレステのセカンドヘアは別途調査)
ミリオン,大神環,髪型,ハーフサイドテール,1,,default,,確認済み,なし (マスタに列が無い。デレステのセカンドヘアは別途調査)
ミリオン,天空橋朋花,髪型,お団子ヘア,1,,default,,確認済み,なし (マスタに列が無い。デレステのセカンドヘアは別途調査)
ミリオン,島原エレナ,髪型,アホ毛,1,,default,,確認済み,なし (マスタに列が無い。デレステのセカンドヘアは別途調査)
ミリオン,所恵美,髪型,アホ毛,2,ストレート,要確認,,確認済み,なし (マスタに列が無い。デレステのセカンドヘアは別途調査)
ミリオン,春日未来,髪型,ハーフサイドテール,1,,default,,確認済み,なし (マスタに列が無い。デレステのセカンドヘアは別途調査)
ミリオン,最上静香,髪型,ハーフアップ,1,ストレート,要確認,,確認済み,なし (マスタに列が無い。デレステのセカンドヘアは別途調査)
ミリオン,木下ひなた,髪型,アホ毛,1,,default,,確認済み,なし (マスタに列が無い。デレステのセカンドヘアは別途調査)
ミリオン,桜守歌織,髪の長さ,ロングヘア,1,ショート,要確認,,確認済み,なし (マスタに列が無い。デレステのセカンドヘアは別途調査)
ミリオン,桜守歌織,髪型,アホ毛,1,,default,,確認済み,なし (マスタに列が無い。デレステのセカンドヘアは別途調査)
ミリオン,桜守歌織,髪型,三つ編み・編み込み,1,,default,,確認済み,なし (マスタに列が無い。デレステのセカンドヘアは別途調査)
ミリオン,桜守歌織,髪型,まとめ髪,1,,default,,確認済み,なし (マスタに列が無い。デレステのセカンドヘアは別途調査)
ミリオン,横山奈緒,髪型,アホ毛,1,,default,,確認済み,なし (マスタに列が無い。デレステのセカンドヘアは別途調査)
ミリオン,横山奈緒,髪型,サイドテール,1,,default,,確認済み,なし (マスタに列が無い。デレステのセカンドヘアは別途調査)
ミリオン,永吉昴,髪の長さ,ボブ〜ミディアムヘア,1,ショート,要確認,,確認済み,なし (マスタに列が無い。デレステのセカンドヘアは別途調査)
ミリオン,矢吹可奈,髪型,アホ毛,1,,default,,確認済み,なし (マスタに列が無い。デレステのセカンドヘアは別途調査)
ミリオン,箱崎星梨花,髪型,アホ毛,1,ツインテール,要確認,,確認済み,なし (マスタに列が無い。デレステのセカンドヘアは別途調査)
ミリオン,舞浜歩,髪の長さ,ロングヘア,1,ボブ〜ミディアム,要確認,,確認済み,なし (マスタに列が無い。デレステのセカンドヘアは別途調査)
ミリオン,豊川風花,髪型,アホ毛,1,ウェーブ,要確認,,確認済み,なし (マスタに列が無い。デレステのセカンドヘアは別途調査)
ミリオン,野々原茜,髪型,外はね,2,,default,,確認済み,なし (マスタに列が無い。デレステのセカンドヘアは別途調査)
ミリオン,高坂海美,髪型,三つ編み・編み込み,3,,default,,確認済み,なし (マスタに列が無い。デレステのセカンドヘアは別途調査)
ミリオン,高山紗代子,髪型,ローツインテール,1,三つ編み・編み込み,要確認,,確認済み,なし (マスタに列が無い。デレステのセカンドヘアは別途調査)
シャニマス,七草にちか,髪の長さ,ロングヘア,2,ショート,要確認,,未確認,なし (マスタに列が無い。デレステのセカンドヘアは別途調査)
シャニマス,七草にちか,髪の長さ,ボブ〜ミディアムヘア,1,ショート,要確認,,未確認,なし (マスタに列が無い。デレステのセカンドヘアは別途調査)
シャニマス,八宮めぐる,髪型,ローツインテール,1,ツインテール、アホ毛,要確認,,未確認,なし (マスタに列が無い。デレステのセカンドヘアは別途調査)
シャニマス,園田智代子,髪型,ツインテール,1,お団子,要確認,,未確認,なし (マスタに列が無い。デレステのセカンドヘアは別途調査)
シャニマス,市川雛菜,髪の長さ,ボブ〜ミディアムヘア,1,ロング,要確認,,未確認,なし (マスタに列が無い。デレステのセカンドヘアは別途調査)
シャニマス,月岡恋鐘,髪の長さ,ボブ〜ミディアムヘア,1,ロング,要確認,,未確認,なし (マスタに列が無い。デレステのセカンドヘアは別途調査)
シャニマス,杜野凛世,髪の長さ,ロングヘア,1,ボブ〜ミディアム,要確認,,未確認,なし (マスタに列が無い。デレステのセカンドヘアは別途調査)
シャニマス,杜野凛世,髪型,お団子ヘア,1,,default,,未確認,なし (マスタに列が無い。デレステのセカンドヘアは別途調査)
シャニマス,桑山千雪,髪型,アホ毛,2,三つ編み・編み込み,要確認,,確認済み,なし (マスタに列が無い。デレステのセカンドヘアは別途調査)
シャニマス,芹沢あさひ,髪の長さ,ボブ〜ミディアムヘア,1,ショート,要確認,,未確認,なし (マスタに列が無い。デレステのセカンドヘアは別途調査)
シャニマス,風野灯織,髪型,まとめ髪,1,ハーフアップ,要確認,,未確認,なし (マスタに列が無い。デレステのセカンドヘアは別途調査)
シャニマス,黛冬優子,髪型,ハーフアップツイン,1,ツインテール,要確認,,未確認,なし (マスタに列が無い。デレステのセカンドヘアは別途調査)
SideM,九十九一希,髪の長さ,ショートヘア,1,ボブ〜ミディアム,要確認,,確認済み,なし (マスタに列が無い。デレステのセカンドヘアは別途調査)
SideM,九十九一希,髪型,アホ毛,1,,default,,確認済み,なし (マスタに列が無い。デレステのセカンドヘアは別途調査)
SideM,伊瀬谷四季,髪の長さ,ショートヘア,1,ボブ〜ミディアム,要確認,,確認済み,なし (マスタに列が無い。デレステのセカンドヘアは別途調査)
SideM,伊集院北斗,髪の長さ,ショートヘア,1,ボブ〜ミディアム,要確認,,確認済み,なし (マスタに列が無い。デレステのセカンドヘアは別途調査)
SideM,兜大吾,髪型,アホ毛,1,逆立てた髪,要確認,,確認済み,なし (マスタに列が無い。デレステのセカンドヘアは別途調査)
SideM,北村想楽,髪の長さ,ショートヘア,1,ボブ〜ミディアム,要確認,,確認済み,なし (マスタに列が無い。デレステのセカンドヘアは別途調査)
SideM,北村想楽,髪色,白髪・銀髪,1,,default,,確認済み,なし (マスタに列が無い。デレステのセカンドヘアは別途調査)
SideM,卯月巻緒,髪の長さ,ボブ〜ミディアムヘア,1,ショート,要確認,,確認済み,なし (マスタに列が無い。デレステのセカンドヘアは別途調査)
SideM,大河タケル,髪型,アホ毛,1,逆立てた髪,要確認,,確認済み,なし (マスタに列が無い。デレステのセカンドヘアは別途調査)
SideM,天峰秀,髪の長さ,ショートヘア,1,,default,,確認済み,なし (マスタに列が無い。デレステのセカンドヘアは別途調査)
SideM,天峰秀,髪型,アホ毛,1,,default,,確認済み,なし (マスタに列が無い。デレステのセカンドヘアは別途調査)
SideM,天道輝,髪型,アホ毛,1,跳ね毛,要確認,,確認済み,なし (マスタに列が無い。デレステのセカンドヘアは別途調査)
SideM,山下次郎,髪の長さ,ショートヘア,1,ボブ〜ミディアム,要確認,,確認済み,なし (マスタに列が無い。デレステのセカンドヘアは別途調査)
SideM,山下次郎,髪型,ハーフアップ,1,,default,,確認済み,なし (マスタに列が無い。デレステのセカンドヘアは別途調査)
SideM,握野英雄,髪型,アホ毛,1,逆立てた髪,要確認,,確認済み,なし (マスタに列が無い。デレステのセカンドヘアは別途調査)
SideM,柏木翼,髪型,アホ毛,1,跳ね毛,要確認,,確認済み,なし (マスタに列が無い。デレステのセカンドヘアは別途調査)
SideM,榊夏来,髪の長さ,ショートヘア,1,ボブ〜ミディアム,要確認,,確認済み,なし (マスタに列が無い。デレステのセカンドヘアは別途調査)
SideM,橘志狼,髪の長さ,ボブ〜ミディアムヘア,1,ショート,要確認,,確認済み,なし (マスタに列が無い。デレステのセカンドヘアは別途調査)
SideM,橘志狼,髪型,ハーフサイドテール,1,逆立てた髪,要確認,,確認済み,なし (マスタに列が無い。デレステのセカンドヘアは別途調査)
SideM,水嶋咲,髪型,ツインテール,2,ストレート,要確認,,確認済み,なし (マスタに列が無い。デレステのセカンドヘアは別途調査)
SideM,水嶋咲,髪の長さ,ロングヘア,1,ショート,要確認,,確認済み,なし (マスタに列が無い。デレステのセカンドヘアは別途調査)
SideM,渡辺みのり,髪の長さ,ロングヘア,1,ボブ〜ミディアム,要確認,,確認済み,なし (マスタに列が無い。デレステのセカンドヘアは別途調査)
SideM,渡辺みのり,髪型,ポニーテール,1,ひとつ縛り,要確認,,確認済み,なし (マスタに列が無い。デレステのセカンドヘアは別途調査)
SideM,渡辺みのり,髪型,まとめ髪,1,ひとつ縛り,要確認,,確認済み,なし (マスタに列が無い。デレステのセカンドヘアは別途調査)
SideM,牙崎漣,髪の長さ,ロングヘア,1,ボブ〜ミディアム,要確認,,確認済み,なし (マスタに列が無い。デレステのセカンドヘアは別途調査)
SideM,牙崎漣,髪型,三つ編み・編み込み,1,跳ね毛,要確認,,確認済み,なし (マスタに列が無い。デレステのセカンドヘアは別途調査)
SideM,猫柳キリオ,髪型,アホ毛,1,,default,,確認済み,なし (マスタに列が無い。デレステのセカンドヘアは別途調査)
SideM,眉見鋭心,髪の長さ,ショートヘア,1,,default,,確認済み,なし (マスタに列が無い。デレステのセカンドヘアは別途調査)
SideM,秋山隼人,髪型,アホ毛,1,跳ね毛,要確認,,確認済み,なし (マスタに列が無い。デレステのセカンドヘアは別途調査)
SideM,紅井朱雀,髪の長さ,ボブ〜ミディアムヘア,1,ショート,要確認,,確認済み,なし (マスタに列が無い。デレステのセカンドヘアは別途調査)
SideM,舞田類,髪型,アホ毛,1,跳ね毛,要確認,,確認済み,なし (マスタに列が無い。デレステのセカンドヘアは別途調査)
SideM,花園百々人,髪の長さ,ショートヘア,1,,default,,確認済み,なし (マスタに列が無い。デレステのセカンドヘアは別途調査)
SideM,葛之葉雨彦,髪の長さ,ショートヘア,1,ボブ〜ミディアム,要確認,,確認済み,なし (マスタに列が無い。デレステのセカンドヘアは別途調査)
SideM,葛之葉雨彦,髪色,白髪・銀髪,1,水色,要確認,,確認済み,なし (マスタに列が無い。デレステのセカンドヘアは別途調査)
SideM,蒼井享介,髪型,アホ毛,1,跳ね毛,要確認,,確認済み,なし (マスタに列が無い。デレステのセカンドヘアは別途調査)
SideM,蒼井悠介,髪型,アホ毛,1,跳ね毛,要確認,,確認済み,なし (マスタに列が無い。デレステのセカンドヘアは別途調査)
SideM,都築圭,髪型,ひとつ縛り,1,ウェーブ,要確認,,確認済み,なし (マスタに列が無い。デレステのセカンドヘアは別途調査)
SideM,鷹城恭二,髪色,黒髪,1,茶,要確認,,確認済み,なし (マスタに列が無い。デレステのセカンドヘアは別途調査)
