ブランド,名前,入れるタグ,調査の生の値(色/長さ/髪型),メモ,出典,確認(OK/直す値)
765,天海春香,茶髪、ボブ〜ミディアムヘア、ストレートヘア、リボン,"茶/ミディアム/ストレート,リボン",Wikipediaは2つのリボンのみ記載。色・長さは公式のカード絵で確認,https://ja.wikipedia.org/wiki/THE_IDOLM@STERの登場人物,
765,如月千早,青髪、ロングヘア、ストレートヘア,青/ロング/ストレート,Wikipediaは「青味のかかった黒」。青と黒で迷う (青を採用),https://ja.wikipedia.org/wiki/THE_IDOLM@STERの登場人物,
765,星井美希,金髪、ロングヘア、ウェーブ、アホ毛,"金/ロング/ウェーブ,アホ毛",覚醒後 (茶のショート) は別。基本の姿を採用。ふわっとした髪なのでストレートではなくウェーブ (オーナー指摘),https://ja.wikipedia.org/wiki/THE_IDOLM@STERの登場人物,
765,萩原雪歩,茶髪、ショートヘア、ボブ〜ミディアムヘア,茶/ショート/ボブ,Wikipediaはボブ。長さはあご〜首元でショートとミディアムの境目。色はカード絵,https://ja.wikipedia.org/wiki/THE_IDOLM@STERの登場人物,
765,高槻やよい,茶髪、ボブ〜ミディアムヘア、ツインテール,茶/ミディアム/ツインテール,Wikipediaはおさげ (ツインテール)。色・長さはカード絵,https://ja.wikipedia.org/wiki/THE_IDOLM@STERの登場人物,
765,秋月律子,茶髪、ボブ〜ミディアムヘア、三つ編み・編み込み,茶/ミディアム/三つ編み,Wikipediaは2本のお下げ。色・長さはカード絵,https://ja.wikipedia.org/wiki/THE_IDOLM@STERの登場人物,
765,三浦あずさ,青髪、ロングヘア、ストレートヘア、アホ毛,"青/ロング/ストレート,アホ毛",Wikipediaは「青味のかかった黒」。青と黒で迷う。アニメ版は途中から短髪,https://ja.wikipedia.org/wiki/THE_IDOLM@STERの登場人物,
765,水瀬伊織,茶髪、ロングヘア、ストレートヘア、おでこ,"茶/ロング/ストレート,おでこ",Wikipediaは前髪アップ (おでこ)。色はオレンジ寄りの茶,https://ja.wikipedia.org/wiki/THE_IDOLM@STERの登場人物,
765,菊地真,黒髪、ショートヘア、アホ毛,"黒/ショート/ショート,アホ毛",Wikipediaはショートヘア (アホ毛2本),https://ja.wikipedia.org/wiki/THE_IDOLM@STERの登場人物,
765,双海亜美,茶髪、ボブ〜ミディアムヘア、サイドテール,茶/ミディアム/サイドテール,Wikipediaは向かって左で結ぶ。長さは真美より短めでミディアムとした,https://ja.wikipedia.org/wiki/THE_IDOLM@STERの登場人物,
765,双海真美,茶髪、ロングヘア、サイドテール,茶/ロング/サイドテール,Wikipediaは向かって右で結ぶ (『2』では長いサイドテール)。長さの判断は低確度,https://ja.wikipedia.org/wiki/THE_IDOLM@STERの登場人物,
765,四条貴音,白髪・銀髪、ロングヘア、ストレートヘア,銀/ロング/ストレート,,https://ja.wikipedia.org/wiki/THE_IDOLM@STERの登場人物,
765,我那覇響,黒髪、ロングヘア、ポニーテール、アホ毛,"黒/ロング/ポニーテール,アホ毛",Wikipediaはリボンで結ぶポニーテール (アホ毛2本),https://ja.wikipedia.org/wiki/THE_IDOLM@STERの登場人物,
765,音無小鳥,ショートヘア,/ショート/,Wikipediaに「ショートヘアの小鳥」の記述のみ。髪色・髪型は未確認のため空欄,https://ja.wikipedia.org/wiki/THE_IDOLM@STERの登場人物,
876,日高愛,茶髪、ボブ〜ミディアムヘア、アホ毛,"茶/ミディアム/ボブ,アホ毛",Wikipediaは「茶色がかった赤のミディボブ、アホ毛2本」。茶と赤で迷う (茶を採用),https://ja.wikipedia.org/wiki/THE_IDOLM@STERの登場人物,
876,水谷絵理,黒髪、ボブ〜ミディアムヘア、ストレートヘア、ヘアピン,"黒/ミディアム/ストレート,ヘアクリップ",Wikipediaは「青みがかった黒のミディアムレイヤーストレート、左側をヘアクリップでまとめる」。黒と青で迷う (黒を採用),https://ja.wikipedia.org/wiki/THE_IDOLM@STERの登場人物,
765,亜夜,ツインテール,//ツインテール,声優コメントでツインテールの言及のみ。髪色・長さは未確認のため空欄,https://www.gamespark.jp/article/2021/09/14/111827.html,
ミリオン,春日未来,茶髪、ボブ〜ミディアムヘア,茶/ミディアム/,公式カード絵 (ミリシタ公式) を確認。髪型は確認できず空欄 (髪留めを集める設定),https://millionlive-theaterdays.idolmaster-official.jp/idol/,
ミリオン,エミリースチュアート,金髪、ロングヘア、ツインテール,金/ロング/ツインテール,公式カード絵 (ミリシタ公式) を確認,https://millionlive-theaterdays.idolmaster-official.jp/idol/,
ミリオン,高坂海美,茶髪、ロングヘア,茶/ロング/,公式カード絵 (ミリシタ公式) を確認。髪型は確認できず空欄,https://millionlive-theaterdays.idolmaster-official.jp/idol/,
ミリオン,佐竹美奈子,茶髪、ロングヘア、ポニーテール,茶/ロング/ポニーテール,公式カード絵 (ミリシタ公式) を確認。髪型はカード絵に基づく。低確度,https://millionlive-theaterdays.idolmaster-official.jp/idol/,
ミリオン,高山紗代子,黒髪、ロングヘア、三つ編み・編み込み,黒/ロング/三つ編み,公式カード絵 (ミリシタ公式) を確認。Wikipedia ML登場人物に「お下げ」の記述。色はカード絵,https://millionlive-theaterdays.idolmaster-official.jp/idol/,
ミリオン,田中琴葉,茶髪、ロングヘア、ストレートヘア,茶/ロング/ストレート,公式カード絵 (ミリシタ公式) を確認,https://millionlive-theaterdays.idolmaster-official.jp/idol/,
ミリオン,徳川まつり,緑髪、ボブ〜ミディアムヘア、ツインテール,緑/ミディアム/ツインテール,公式カード絵 (ミリシタ公式) を確認。青緑寄りで緑とした。長さは短めのツインテールでミディアム,https://millionlive-theaterdays.idolmaster-official.jp/idol/,
ミリオン,中谷育,黒髪、ショートヘア、ボブ〜ミディアムヘア,黒/ショート/ボブ,公式カード絵 (ミリシタ公式) を確認,https://millionlive-theaterdays.idolmaster-official.jp/idol/,
ミリオン,七尾百合子,青髪、ショートヘア、ボブ〜ミディアムヘア,青/ショート/ボブ,公式カード絵 (ミリシタ公式) を確認。濃い青〜黒で迷う (青を採用),https://millionlive-theaterdays.idolmaster-official.jp/idol/,
ミリオン,福田のり子,金髪、ショートヘア,金/ショート/ショート,公式カード絵 (ミリシタ公式) を確認,https://millionlive-theaterdays.idolmaster-official.jp/idol/,
ミリオン,松田亜利沙,茶髪、ロングヘア、ツインテール,茶/ロング/ツインテール,公式カード絵 (ミリシタ公式) を確認,https://millionlive-theaterdays.idolmaster-official.jp/idol/,
ミリオン,矢吹可奈,オレンジ髪、ボブ〜ミディアムヘア,オレンジ/ミディアム/,公式カード絵 (ミリシタ公式) を確認。オレンジ寄りの茶で迷う。髪型は確認できず空欄,https://millionlive-theaterdays.idolmaster-official.jp/idol/,
ミリオン,横山奈緒,茶髪、ロングヘア,茶/ロング/,公式カード絵 (ミリシタ公式) を確認。髪型は確認できず空欄,https://millionlive-theaterdays.idolmaster-official.jp/idol/,
ミリオン,北沢志保,茶髪、ロングヘア、ストレートヘア,茶/ロング/ストレート,公式カード絵 (ミリシタ公式) を確認。濃い茶,https://millionlive-theaterdays.idolmaster-official.jp/idol/,
ミリオン,ジュリア,赤髪、ショートヘア,赤/ショート/ショート,公式カード絵 (ミリシタ公式) を確認,https://millionlive-theaterdays.idolmaster-official.jp/idol/,
ミリオン,白石紬,白髪・銀髪、ロングヘア,灰/ロング/,公式カード絵 (ミリシタ公式) を確認。紫がかった灰。色は灰と紫で迷う。髪型は確認できず空欄,https://millionlive-theaterdays.idolmaster-official.jp/idol/,
ミリオン,周防桃子,茶髪、ロングヘア,茶/ロング/,公式カード絵 (ミリシタ公式) を確認。髪型は確認できず空欄,https://millionlive-theaterdays.idolmaster-official.jp/idol/,
ミリオン,天空橋朋花,茶髪、ロングヘア,茶/ロング/,公式カード絵 (ミリシタ公式) を確認。ベージュ寄りの茶。髪型は確認できず空欄,https://millionlive-theaterdays.idolmaster-official.jp/idol/,
ミリオン,所恵美,茶髪、ロングヘア、ストレートヘア,茶/ロング/ストレート,公式カード絵 (ミリシタ公式) を確認,https://millionlive-theaterdays.idolmaster-official.jp/idol/,
ミリオン,永吉昴,緑髪、ショートヘア,緑/ショート/ショート,公式カード絵 (ミリシタ公式) を確認。暗い緑がかった茶。緑と茶で迷う (緑を採用),https://millionlive-theaterdays.idolmaster-official.jp/idol/,
ミリオン,二階堂千鶴,茶髪、ロングヘア,茶/ロング/,公式カード絵 (ミリシタ公式) を確認。髪型は確認できず空欄,https://millionlive-theaterdays.idolmaster-official.jp/idol/,
ミリオン,伴田路子,白髪・銀髪、ロングヘア、ツインテール,灰/ロング/ツインテール,公式カード絵 (ミリシタ公式) を確認。灰がかったベージュ。灰と金で迷う,https://millionlive-theaterdays.idolmaster-official.jp/idol/,
ミリオン,舞浜歩,ピンク髪、ボブ〜ミディアムヘア、ポニーテール,ピンク/ミディアム/ポニーテール,公式カード絵 (ミリシタ公式) を確認。長さ・髪型はカード絵に基づく。低確度,https://millionlive-theaterdays.idolmaster-official.jp/idol/,
ミリオン,真壁瑞希,白髪・銀髪、ショートヘア、ボブ〜ミディアムヘア,灰/ショート/ボブ,公式カード絵 (ミリシタ公式) を確認。薄い灰紫,https://millionlive-theaterdays.idolmaster-official.jp/idol/,
ミリオン,最上静香,黒髪、ロングヘア、ストレートヘア,黒/ロング/ストレート,公式カード絵 (ミリシタ公式) を確認。暗い紫がかった黒,https://millionlive-theaterdays.idolmaster-official.jp/idol/,
ミリオン,百瀬莉緒,金髪、ロングヘア、ウェーブ,金/ロング/ウェーブ,公式カード絵 (ミリシタ公式) を確認。金と明るい茶で迷う,https://millionlive-theaterdays.idolmaster-official.jp/idol/,
ミリオン,伊吹翼,金髪、ショートヘア、ボブ〜ミディアムヘア、アホ毛,"金/ショート/ボブ,アホ毛",公式カード絵 (ミリシタ公式) を確認,https://millionlive-theaterdays.idolmaster-official.jp/idol/,
ミリオン,大神環,オレンジ髪、ロングヘア,オレンジ/ロング/,公式カード絵 (ミリシタ公式) を確認。赤みのオレンジ。髪型は確認できず空欄,https://millionlive-theaterdays.idolmaster-official.jp/idol/,
ミリオン,北上麗花,青髪、ロングヘア、ストレートヘア,青/ロング/ストレート,公式カード絵 (ミリシタ公式) を確認。濃い青緑〜黒で迷う (青を採用),https://millionlive-theaterdays.idolmaster-official.jp/idol/,
ミリオン,木下ひなた,茶髪、ショートヘア,茶/ショート/,公式カード絵 (ミリシタ公式) を確認。髪型は確認できず空欄,https://millionlive-theaterdays.idolmaster-official.jp/idol/,
ミリオン,桜守歌織,茶髪、ショートヘア、ボブ〜ミディアムヘア,茶/ショート/ボブ,公式カード絵 (ミリシタ公式) を確認。長さはあご付近でショートとミディアムの境目,https://millionlive-theaterdays.idolmaster-official.jp/idol/,
ミリオン,篠宮可憐,金髪、ロングヘア,金/ロング/,公式カード絵 (ミリシタ公式) を確認。オレンジ寄りの金。髪型は確認できず空欄,https://millionlive-theaterdays.idolmaster-official.jp/idol/,
ミリオン,島原エレナ,緑髪、ロングヘア,緑/ロング/,公式カード絵 (ミリシタ公式) を確認。髪型は確認できず空欄,https://millionlive-theaterdays.idolmaster-official.jp/idol/,
ミリオン,豊川風花,紫髪、ボブ〜ミディアムヘア、ウェーブ,紫/ミディアム/ウェーブ,公式カード絵 (ミリシタ公式) を確認。濃い青紫。紫と青で迷う,https://millionlive-theaterdays.idolmaster-official.jp/idol/,
ミリオン,野々原茜,赤髪、ショートヘア,赤/ショート/ショート,公式カード絵 (ミリシタ公式) を確認,https://millionlive-theaterdays.idolmaster-official.jp/idol/,
ミリオン,箱崎星梨花,茶髪、ロングヘア、ツインテール,茶/ロング/ツインテール,公式カード絵 (ミリシタ公式) を確認,https://millionlive-theaterdays.idolmaster-official.jp/idol/,
ミリオン,馬場このみ,茶髪、ロングヘア、三つ編み・編み込み,茶/ロング/三つ編み,公式カード絵 (ミリシタ公式) を確認。サイドの三つ編み,https://millionlive-theaterdays.idolmaster-official.jp/idol/,
ミリオン,宮尾美也,茶髪、ロングヘア、ウェーブ,茶/ロング/ウェーブ,公式カード絵 (ミリシタ公式) を確認。Wikipedia ML登場人物に「ウェーブのかかった長い髪」。色はカード絵,https://millionlive-theaterdays.idolmaster-official.jp/idol/,
ミリオン,望月杏奈,紫髪、ロングヘア、アホ毛,紫/ロング/アホ毛,公式カード絵 (ミリシタ公式) を確認。髪型は確認できず、アホ毛のみ,https://millionlive-theaterdays.idolmaster-official.jp/idol/,
シンデレラ,相川千夏,茶髪、ショートヘア,茶/ショート/ショートカット,髪色は萌娘百科で棕发。黒に近い濃い茶の可能性あり。ニコニコ大百科でショートカット&眼鏡,"https://mzh.moegirl.org.cn/%E7%9B%B8%E5%B7%9D%E5%8D%83%E5%A4%8F , https://dic.nicovideo.jp/a/%E7%9B%B8%E5%B7%9D%E5%8D%83%E5%A4%8F",
シンデレラ,愛野渚,茶髪、ボブ〜ミディアムヘア、ポニーテール、リボン,"茶/ミディアム/ポニーテール,リボン",色は萌娘百科の棕发。長さは目視判断で要確認,"https://mzh.moegirl.org.cn/%E6%84%9B%E9%87%8E%E6%B8%9A , https://dic.nicovideo.jp/a/%E6%84%9B%E9%87%8E%E6%B8%9A",
シンデレラ,相原雪乃,茶髪、ロングヘア、三つ編み・編み込み,茶/ロング/三つ編み,萌娘百科: 棕发、単麻花辫・超長髪(三つ編みでも膝に届く),"https://mzh.moegirl.org.cn/%E7%9B%B8%E5%8E%9F%E9%9B%AA%E4%B9%83 , https://dic.nicovideo.jp/a/%E7%9B%B8%E5%8E%9F%E9%9B%AA%E4%B9%83",
シンデレラ,相葉夕美,茶髪、ショートヘア,茶/ショート/ショートカット,萌娘百科は金发、別情報は茶/金で割れる。薄い茶〜金の境目で要確認,"https://mzh.moegirl.org.cn/%E7%9B%B8%E8%91%89%E5%A4%95%E7%BE%8E , https://dic.nicovideo.jp/a/%E7%9B%B8%E8%91%89%E5%A4%95%E7%BE%8E",
シンデレラ,赤城みりあ,茶髪、ボブ〜ミディアムヘア、ツインテール,茶/ミディアム/ツインテール,萌娘百科は黑发、色は茶か黒か要確認。萌点は披肩双马尾,"https://mzh.moegirl.org.cn/%E8%B5%A4%E5%9F%8E%E3%81%BF%E3%82%8A%E3%81%82 , https://dic.nicovideo.jp/a/%E8%B5%A4%E5%9F%8E%E3%81%BF%E3%82%8A%E3%81%82",
シンデレラ,赤西瑛梨華,茶髪、ボブ〜ミディアムヘア、三つ編み・編み込み,茶/ミディアム/三つ編み,萌娘百科: 棕发、麻花辫(おさげ)。長さは要確認,"https://mzh.moegirl.org.cn/%E8%B5%A4%E8%A5%BF%E7%91%9B%E6%A2%A8%E8%8F%AF , https://dic.nicovideo.jp/a/%E8%B5%A4%E8%A5%BF%E7%91%9B%E6%A2%A8%E8%8F%AF",
シンデレラ,浅野風香,黒髪、ボブ〜ミディアムヘア、ツインテール,黒/ミディアム/ツインテール,萌娘百科: 黑发、下双马尾。長さは要確認。ツインテールは低め(下ツイン),"https://mzh.moegirl.org.cn/%E6%B5%85%E9%87%8E%E9%A2%A8%E9%A6%99 , https://dic.nicovideo.jp/a/%E6%B5%85%E9%87%8E%E9%A2%A8%E9%A6%99",
シンデレラ,浅利七海,水色の髪、ボブ〜ミディアムヘア、ウェーブ,水色/ミディアム/ウェーブ,萌娘百科は蓝发。水色/青の境目。卷发。ほかの結び方は未確認,"https://mzh.moegirl.org.cn/%E6%B5%85%E5%88%A9%E4%B8%83%E6%B5%B7 , https://dic.nicovideo.jp/a/%E6%B5%85%E5%88%A9%E4%B8%83%E6%B5%B7",
シンデレラ,アナスタシア,白髪・銀髪、ロングヘア、ストレートヘア,銀/ロング/ストレート,銀髪はマンガペディア/ニコニコ等の記述。長さと型は立ち絵に基づく判断で要確認,"https://mzh.moegirl.org.cn/%E3%82%A2%E3%83%8A%E3%82%B9%E3%82%BF%E3%82%B7%E3%82%A2 , https://dic.nicovideo.jp/a/%E3%82%A2%E3%83%8A%E3%82%B9%E3%82%BF%E3%82%B7%E3%82%A2",
シンデレラ,安部菜々,オレンジ髪、ロングヘア、ポニーテール,オレンジ/ロング/ポニーテール,萌娘百科: 橙发、马尾。長さ要確認,"https://mzh.moegirl.org.cn/%E5%AE%89%E9%83%A8%E8%8F%9C%E3%80%85 , https://dic.nicovideo.jp/a/%E5%AE%89%E9%83%A8%E8%8F%9C%E3%80%85",
シンデレラ,綾瀬穂乃香,黒髪、ロングヘア,黒/ロング/,萌娘百科: 黑发。髪型・長さは出典で確認できず要確認,"https://mzh.moegirl.org.cn/%E7%B6%BE%E7%80%AC%E7%A9%82%E4%B9%83%E9%A6%99 , https://dic.nicovideo.jp/a/%E7%B6%BE%E7%80%AC%E7%A9%82%E4%B9%83%E9%A6%99",
シンデレラ,荒木比奈,茶髪、ボブ〜ミディアムヘア、跳ね毛、アホ毛,"茶/ミディアム/ボサボサ,アホ毛",萌娘百科: 棕发、乱发・呆毛。長さ要確認,"https://mzh.moegirl.org.cn/%E8%8D%92%E6%9C%A8%E6%AF%94%E5%A5%88 , https://dic.nicovideo.jp/a/%E8%8D%92%E6%9C%A8%E6%AF%94%E5%A5%88",
シンデレラ,有浦柑奈,茶髪、ボブ〜ミディアムヘア、ウェーブ、サイドテール,"茶/ミディアム/ウェーブ,サイドテール",萌娘百科: 棕发、卷发・侧单马尾。長さ要確認,"https://mzh.moegirl.org.cn/%E6%9C%89%E6%B5%A6%E6%9F%91%E5%A5%88 , https://dic.nicovideo.jp/a/%E6%9C%89%E6%B5%A6%E6%9F%91%E5%A5%88",
シンデレラ,安斎都,赤髪、ショートヘア,赤/ショート/ショートカット,萌娘百科は红发。赤茶系で赤/茶の境目。短发,"https://mzh.moegirl.org.cn/%E5%AE%89%E6%96%8E%E9%83%BD , https://dic.nicovideo.jp/a/%E5%AE%89%E6%96%8E%E9%83%BD",
シンデレラ,五十嵐響子,茶髪、ボブ〜ミディアムヘア、サイドテール,茶/ミディアム/サイドテール,萌娘百科: 棕发、侧单马尾。長さ要確認,"https://mzh.moegirl.org.cn/%E4%BA%94%E5%8D%81%E5%B5%90%E9%9F%BF%E5%AD%90 , https://dic.nicovideo.jp/a/%E4%BA%94%E5%8D%81%E5%B5%90%E9%9F%BF%E5%AD%90",
シンデレラ,池袋晶葉,茶髪、ボブ〜ミディアムヘア、ツインテール、リボン,"茶/ミディアム/ツインテール,リボン",萌娘百科: 棕发、双马尾・兔耳蝴蝶结。長さ要確認,"https://mzh.moegirl.org.cn/%E6%B1%A0%E8%A2%8B%E6%99%B6%E8%91%89 , https://dic.nicovideo.jp/a/%E6%B1%A0%E8%A2%8B%E6%99%B6%E8%91%89",
シンデレラ,伊集院惠,茶髪、ロングヘア、ポニーテール,茶/ロング/ポニーテール,萌娘百科: 棕发、马尾。長さ要確認,"https://mzh.moegirl.org.cn/%E4%BC%8A%E9%9B%86%E9%99%A2%E6%83%A0 , https://dic.nicovideo.jp/a/%E4%BC%8A%E9%9B%86%E9%99%A2%E6%83%A0",
シンデレラ,一ノ瀬志希,茶髪、ボブ〜ミディアムヘア、ウェーブ、跳ね毛,"茶/ミディアム/ウェーブ,ボサボサ",萌娘百科: 棕发、卷发・乱发。長さ要確認,"https://mzh.moegirl.org.cn/%E4%B8%80%E3%83%8E%E7%80%AC%E5%BF%97%E5%B8%8C , https://dic.nicovideo.jp/a/%E4%B8%80%E3%83%8E%E7%80%AC%E5%BF%97%E5%B8%8C",
シンデレラ,市原仁奈,茶髪、ぱっつん前髪,茶//ぱっつん前髪,萌娘百科: 棕发、齐刘海。長さ・結び方は出典で確認できず,"https://mzh.moegirl.org.cn/%E5%B8%82%E5%8E%9F%E4%BB%81%E5%A5%88 , https://dic.nicovideo.jp/a/%E5%B8%82%E5%8E%9F%E4%BB%81%E5%A5%88",
シンデレラ,今井加奈,茶髪、ボブ〜ミディアムヘア、ツインテール、リボン,"茶/ミディアム/ツインテール,リボン",萌娘百科: 棕发、缎带双马尾。長さ要確認,"https://mzh.moegirl.org.cn/%E4%BB%8A%E4%BA%95%E5%8A%A0%E5%A5%88 , https://dic.nicovideo.jp/a/%E4%BB%8A%E4%BA%95%E5%8A%A0%E5%A5%88",
シンデレラ,井村雪菜,赤髪、ロングヘア、ストレートヘア,赤/ロング/ストレート,萌娘百科: 红发、长直,"https://mzh.moegirl.org.cn/%E4%BA%95%E6%9D%91%E9%9B%AA%E8%8F%9C , https://dic.nicovideo.jp/a/%E4%BA%95%E6%9D%91%E9%9B%AA%E8%8F%9C",
シンデレラ,上田鈴帆,茶髪、アホ毛,茶//アホ毛,萌娘百科: 棕发、呆毛。長さは出典で確認できず,"https://mzh.moegirl.org.cn/%E4%B8%8A%E7%94%B0%E9%88%B4%E5%B8%86 , https://dic.nicovideo.jp/a/%E4%B8%8A%E7%94%B0%E9%88%B4%E5%B8%86",
シンデレラ,氏家むつみ,黒髪、ボブ〜ミディアムヘア、三つ編み・編み込み、ぱっつん前髪,"黒/ミディアム/三つ編み,ぱっつん前髪",萌娘百科: 黑发、麻花辫・齐刘海。長さ要確認,"https://mzh.moegirl.org.cn/%E6%B0%8F%E5%AE%B6%E3%82%80%E3%81%A4%E3%81%BF , https://dic.nicovideo.jp/a/%E6%B0%8F%E5%AE%B6%E3%82%80%E3%81%A4%E3%81%BF",
シンデレラ,梅木音葉,金髪、ショートヘア,金/ショート/ショートカット,萌娘百科: 金发、短发。淡い金〜ベージュ寄りの可能性,"https://mzh.moegirl.org.cn/%E6%A2%85%E6%9C%A8%E9%9F%B3%E8%91%89 , https://dic.nicovideo.jp/a/%E6%A2%85%E6%9C%A8%E9%9F%B3%E8%91%89",
シンデレラ,江上椿,黒髪、ロングヘア、ポニーテール,黒/ロング/ポニーテール,萌娘百科: 黑发、黑长直・马尾,"https://mzh.moegirl.org.cn/%E6%B1%9F%E4%B8%8A%E6%A4%BF , https://dic.nicovideo.jp/a/%E6%B1%9F%E4%B8%8A%E6%A4%BF",
シンデレラ,衛藤美紗希,茶髪,茶//,萌娘百科: 棕发のみ。髪型・長さは出典で確認できず,"https://mzh.moegirl.org.cn/%E8%A1%9B%E8%97%A4%E7%BE%8E%E7%B4%97%E5%B8%8C , https://dic.nicovideo.jp/a/%E8%A1%9B%E8%97%A4%E7%BE%8E%E7%B4%97%E5%B8%8C",
シンデレラ,海老原菜帆,黒髪、お団子ヘア、ポニーテール,"黒//お団子,ポニーテール",萌娘百科: 黑发、丸子头・马尾。長さ未確認,"https://mzh.moegirl.org.cn/%E6%B5%B7%E8%80%81%E5%8E%9F%E8%8F%9C%E5%B8%86 , https://dic.nicovideo.jp/a/%E6%B5%B7%E8%80%81%E5%8E%9F%E8%8F%9C%E5%B8%86",
シンデレラ,及川雫,黒髪、ショートヘア,黒/ショート/ショートカット,萌娘百科: 黑发、短发。色は黒か濃い茶か要確認,"https://mzh.moegirl.org.cn/%E5%8F%8A%E5%B7%9D%E9%9B%AB , https://dic.nicovideo.jp/a/%E5%8F%8A%E5%B7%9D%E9%9B%AB",
シンデレラ,大石泉,緑髪、ロングヘア、ストレートヘア,緑/ロング/ストレート,萌娘百科は墨绿发(暗い緑)。黒に見える可能性もあり緑/黒の境目。长直,"https://mzh.moegirl.org.cn/%E5%A4%A7%E7%9F%B3%E6%B3%89 , https://dic.nicovideo.jp/a/%E5%A4%A7%E7%9F%B3%E6%B3%89",
シンデレラ,太田優,茶髪、ショートヘア,茶/ショート/ショートカット,萌娘百科: 棕发、短发・翻翘,"https://mzh.moegirl.org.cn/%E5%A4%AA%E7%94%B0%E5%84%AA , https://dic.nicovideo.jp/a/%E5%A4%AA%E7%94%B0%E5%84%AA",
シンデレラ,大槻唯,金髪、ロングヘア、ウェーブ,金/ロング/ウェーブ,萌娘百科: 金发、卷发。長さ要確認,"https://mzh.moegirl.org.cn/%E5%A4%A7%E6%A7%BB%E5%94%AF , https://dic.nicovideo.jp/a/%E5%A4%A7%E6%A7%BB%E5%94%AF",
シンデレラ,大西由里子,茶髪、ポニーテール、ぱっつん前髪,"茶//ポニーテール,ぱっつん前髪",萌娘百科: 棕发、卷发・马尾・齐刘海。長さ未確認,"https://mzh.moegirl.org.cn/%E5%A4%A7%E8%A5%BF%E7%94%B1%E9%87%8C%E5%AD%90 , https://dic.nicovideo.jp/a/%E5%A4%A7%E8%A5%BF%E7%94%B1%E9%87%8C%E5%AD%90",
シンデレラ,大沼くるみ,黒髪、ロングヘア、ストレートヘア、リボン,"黒/ロング/ストレート,リボン",萌娘百科: 黑发、黑长直・大蝴蝶结,"https://mzh.moegirl.org.cn/%E5%A4%A7%E6%B2%BC%E3%81%8F%E3%82%8B%E3%81%BF , https://dic.nicovideo.jp/a/%E5%A4%A7%E6%B2%BC%E3%81%8F%E3%82%8B%E3%81%BF",
シンデレラ,大原みちる,茶髪、ボブ〜ミディアムヘア、縦ロール,茶/ミディアム/縦ロール,萌娘百科: 褐发、单螺旋・卷发。長さ要確認,"https://mzh.moegirl.org.cn/%E5%A4%A7%E5%8E%9F%E3%81%BF%E3%81%A1%E3%82%8B , https://dic.nicovideo.jp/a/%E5%A4%A7%E5%8E%9F%E3%81%BF%E3%81%A1%E3%82%8B",
シンデレラ,岡崎泰葉,黒髪、ショートヘア、ぱっつん前髪,黒/ショート/ぱっつん前髪,萌娘百科は蓝发(黒に近い暗色の可能性)。黒か青系か要確認。短发・齐刘海,"https://mzh.moegirl.org.cn/%E5%B2%A1%E5%B4%8E%E6%B3%B0%E8%91%89 , https://dic.nicovideo.jp/a/%E5%B2%A1%E5%B4%8E%E6%B3%B0%E8%91%89",
シンデレラ,緒方智絵里,赤髪、ボブ〜ミディアムヘア、ツインテール、ぱっつん前髪,"赤/ミディアム/ツインテール,ぱっつん前髪",萌娘百科は酒红发。赤/茶の境目。長さ要確認,"https://mzh.moegirl.org.cn/%E7%B7%92%E6%96%B9%E6%99%BA%E7%B5%B5%E9%87%8C , https://dic.nicovideo.jp/a/%E7%B7%92%E6%96%B9%E6%99%BA%E7%B5%B5%E9%87%8C",
シンデレラ,奥山沙織,茶髪、ボブ〜ミディアムヘア、三つ編み・編み込み、アホ毛,"茶/ミディアム/三つ編み,アホ毛",萌娘百科: 棕发、麻花辫・呆毛。長さ要確認,"https://mzh.moegirl.org.cn/%E5%A5%A5%E5%B1%B1%E6%B2%99%E7%B9%94 , https://dic.nicovideo.jp/a/%E5%A5%A5%E5%B1%B1%E6%B2%99%E7%B9%94",
シンデレラ,乙倉悠貴,白髪・銀髪、ショートヘア,灰/ショート/ショートカット,萌娘百科は灰发のみが根拠。灰か薄い茶か要確認。短发,"https://mzh.moegirl.org.cn/%E4%B9%99%E5%80%89%E6%82%A0%E8%B2%B4 , https://dic.nicovideo.jp/a/%E4%B9%99%E5%80%89%E6%82%A0%E8%B2%B4",
シンデレラ,片桐早苗,茶髪、ボブ〜ミディアムヘア、ツインテール,茶/ミディアム/ツインテール,萌娘百科: 棕发、下双马尾(低めのツイン),"https://mzh.moegirl.org.cn/%E7%89%87%E6%A1%90%E6%97%A9%E8%8B%97 , https://dic.nicovideo.jp/a/%E7%89%87%E6%A1%90%E6%97%A9%E8%8B%97",
シンデレラ,上条春菜,茶髪、ボブ〜ミディアムヘア、ヘアピン,"茶/ミディアム/M字前髪,ヘアピン",萌娘百科: 棕发、中长发・M形刘海・发夹,"https://mzh.moegirl.org.cn/%E4%B8%8A%E6%9D%A1%E6%98%A5%E8%8F%9C , https://dic.nicovideo.jp/a/%E4%B8%8A%E6%9D%A1%E6%98%A5%E8%8F%9C",
シンデレラ,神谷奈緒,茶髪、ボブ〜ミディアムヘア、お団子ヘア、ウェーブ、ぱっつん前髪,"茶/ミディアム/お団子,ウェーブ,ぱっつん前髪",萌娘百科は卷发・乱发・齐刘海・丸子头と記載でツインテールは出典で未確認。要確認 / 基本はツインテールではない (オーナー指摘) ので外した / お団子のイメージが強い (オーナー指摘) ので足した,"https://mzh.moegirl.org.cn/%E7%A5%9E%E8%B0%B7%E5%A5%88%E7%B7%92 , https://dic.nicovideo.jp/a/%E7%A5%9E%E8%B0%B7%E5%A5%88%E7%B7%92",
シンデレラ,川島瑞樹,茶髪、ボブ〜ミディアムヘア、サイドテール,茶/ミディアム/サイドテール,萌娘百科: 棕发、侧单马尾。長さ要確認,"https://mzh.moegirl.org.cn/%E5%B7%9D%E5%B3%B6%E7%91%9E%E6%A8%B9 , https://dic.nicovideo.jp/a/%E5%B7%9D%E5%B3%B6%E7%91%9E%E6%A8%B9",
シンデレラ,神崎蘭子,白髪・銀髪、ロングヘア、縦ロール,銀/ロング/縦ロール,萌娘百科: 银发、双螺旋・卷发。長さ要確認,"https://mzh.moegirl.org.cn/%E7%A5%9E%E5%B4%8E%E8%98%AD%E5%AD%90 , https://dic.nicovideo.jp/a/%E7%A5%9E%E5%B4%8E%E8%98%AD%E5%AD%90",
シンデレラ,岸部彩華,茶髪,茶//,萌娘百科: 棕发のみ。髪型・長さは出典で確認できず,"https://mzh.moegirl.org.cn/%E5%B2%B8%E9%83%A8%E5%BD%A9%E8%8F%AF , https://dic.nicovideo.jp/a/%E5%B2%B8%E9%83%A8%E5%BD%A9%E8%8F%AF",
シンデレラ,北川真尋,茶髪、ショートヘア,茶/ショート/ショートカット,萌娘百科: 棕发、短发,"https://mzh.moegirl.org.cn/%E5%8C%97%E5%B7%9D%E7%9C%9F%E5%B0%8B , https://dic.nicovideo.jp/a/%E5%8C%97%E5%B7%9D%E7%9C%9F%E5%B0%8B",
シンデレラ,喜多日菜子,茶髪、ショートヘア,茶/ショート/ショートカット,萌娘百科: 棕发、短发,"https://mzh.moegirl.org.cn/%E5%96%9C%E5%A4%9A%E6%97%A5%E8%8F%9C%E5%AD%90 , https://dic.nicovideo.jp/a/%E5%96%9C%E5%A4%9A%E6%97%A5%E8%8F%9C%E5%AD%90",
シンデレラ,喜多見柚,茶髪、ショートヘア、ぱっつん前髪,茶/ショート/ぱっつん前髪,萌娘百科: 棕发、短发・齐刘海,"https://mzh.moegirl.org.cn/%E5%96%9C%E5%A4%9A%E8%A6%8B%E6%9F%9A , https://dic.nicovideo.jp/a/%E5%96%9C%E5%A4%9A%E8%A6%8B%E6%9F%9A",
シンデレラ,木場真奈美,茶髪、ショートヘア,茶/ショート/ショートカット,萌娘百科: 棕发、短发,"https://mzh.moegirl.org.cn/%E6%9C%A8%E5%A0%B4%E7%9C%9F%E5%A5%88%E7%BE%8E , https://dic.nicovideo.jp/a/%E6%9C%A8%E5%A0%B4%E7%9C%9F%E5%A5%88%E7%BE%8E",
シンデレラ,木村夏樹,茶髪、ショートヘア、リーゼント,茶/ショート/リーゼント,萌娘百科: 棕发、短发・大背头(リーゼント風),"https://mzh.moegirl.org.cn/%E6%9C%A8%E6%9D%91%E5%A4%8F%E6%A8%B9 , https://dic.nicovideo.jp/a/%E6%9C%A8%E6%9D%91%E5%A4%8F%E6%A8%B9",
シンデレラ,キャシー_グラハム,金髪、ショートヘア,金/ショート/ショートカット,ニコニコ大百科でショートの金髪。萌娘百科は橙发で金/オレンジの境目,"https://mzh.moegirl.org.cn/%E3%82%AD%E3%83%A3%E3%82%B7%E3%83%BC%E3%83%BB%E3%82%B0%E3%83%A9%E3%83%8F%E3%83%A0 , https://dic.nicovideo.jp/a/%E3%82%AD%E3%83%A3%E3%82%B7%E3%83%BC%E3%83%BB%E3%82%B0%E3%83%A9%E3%83%8F%E3%83%A0",
シンデレラ,桐野アヤ,黒髪、お団子ヘア、アホ毛,"黒//お団子,アホ毛",萌娘百科: 黑发、丸子头・呆毛。長さ未確認,"https://mzh.moegirl.org.cn/%E6%A1%90%E9%87%8E%E3%82%A2%E3%83%A4 , https://dic.nicovideo.jp/a/%E6%A1%90%E9%87%8E%E3%82%A2%E3%83%A4",
シンデレラ,桐生つかさ,金髪、ロングヘア、三つ編み・編み込み,金/ロング/編み込み,萌娘百科: 金发、王冠编发(クラウンブレイド)。長さ要確認,"https://mzh.moegirl.org.cn/%E6%A1%90%E7%94%9F%E3%81%A4%E3%81%8B%E3%81%95 , https://dic.nicovideo.jp/a/%E6%A1%90%E7%94%9F%E3%81%A4%E3%81%8B%E3%81%95",
シンデレラ,日下部若葉,茶髪、ロングヘア、ウェーブ,茶/ロング/ウェーブ,萌娘百科: 棕发、长卷发,"https://mzh.moegirl.org.cn/%E6%97%A5%E4%B8%8B%E9%83%A8%E8%8B%A5%E8%91%89 , https://dic.nicovideo.jp/a/%E6%97%A5%E4%B8%8B%E9%83%A8%E8%8B%A5%E8%91%89",
シンデレラ,工藤忍,茶髪、ショートヘア,茶/ショート/ショートカット,萌娘百科: 棕发、短发,"https://mzh.moegirl.org.cn/%E5%B7%A5%E8%97%A4%E5%BF%8D , https://dic.nicovideo.jp/a/%E5%B7%A5%E8%97%A4%E5%BF%8D",
シンデレラ,クラリス,金髪、三つ編み・編み込み,"金//M字前髪,編み込み",萌娘百科: 金发、M形刘海。編み込みはファン製資料の記述。長さは出典で確認できず,"https://mzh.moegirl.org.cn/%E3%82%AF%E3%83%A9%E3%83%AA%E3%82%B9 , https://dic.nicovideo.jp/a/%E3%82%AF%E3%83%A9%E3%83%AA%E3%82%B9",
シンデレラ,栗原ネネ,黒髪、ロングヘア、ハーフアップ,黒/ロング/ハーフアップ,萌娘百科: 黑发、黑长直・Half-up,"https://mzh.moegirl.org.cn/%E6%A0%97%E5%8E%9F%E3%83%8D%E3%83%8D , https://dic.nicovideo.jp/a/%E6%A0%97%E5%8E%9F%E3%83%8D%E3%83%8D",
シンデレラ,黒川千秋,黒髪、ロングヘア、姫カット,黒/ロング/姫カット,萌娘百科: 黑发、黑长直・姬发式,"https://mzh.moegirl.org.cn/%E9%BB%92%E5%B7%9D%E5%8D%83%E7%A7%8B , https://dic.nicovideo.jp/a/%E9%BB%92%E5%B7%9D%E5%8D%83%E7%A7%8B",
シンデレラ,黒埼ちとせ,金髪、ロングヘア、片目隠れ,金/ロング/片目隠れ,萌娘百科: 金发、超长发・遮眼发。淡い金/銀寄りの可能性あり,"https://mzh.moegirl.org.cn/%E9%BB%92%E5%9F%BC%E3%81%A1%E3%81%A8%E3%81%9B , https://dic.nicovideo.jp/a/%E9%BB%92%E5%9F%BC%E3%81%A1%E3%81%A8%E3%81%9B",
シンデレラ,古賀小春,金髪、ショートヘア,金/ショート/M字前髪,萌娘百科: 金发、短发・M形刘海。淡い金/茶の境目,"https://mzh.moegirl.org.cn/%E5%8F%A4%E8%B3%80%E5%B0%8F%E6%98%A5 , https://dic.nicovideo.jp/a/%E5%8F%A4%E8%B3%80%E5%B0%8F%E6%98%A5",
シンデレラ,輿水幸子,ショートヘア、ボブ〜ミディアムヘア、ヘアピン,"/ショート/ボブ,ヘアピン",髪色は萌娘百科の紫发のみで、他で確認できず保留。短发・发卡,"https://mzh.moegirl.org.cn/%E8%BC%BF%E6%B0%B4%E5%B9%B8%E5%AD%90 , https://dic.nicovideo.jp/a/%E8%BC%BF%E6%B0%B4%E5%B9%B8%E5%AD%90",
シンデレラ,小関麗奈,茶髪、ロングヘア、ストレートヘア,茶/ロング/ストレート,萌娘百科: 棕发、短刘海・长直,"https://mzh.moegirl.org.cn/%E5%B0%8F%E9%96%A2%E9%BA%97%E5%A5%88 , https://dic.nicovideo.jp/a/%E5%B0%8F%E9%96%A2%E9%BA%97%E5%A5%88",
シンデレラ,小早川紗枝,黒髪、ロングヘア、姫カット,黒/ロング/姫カット,萌娘百科は灰发。黒か灰か要確認。长直・姬发式,"https://mzh.moegirl.org.cn/%E5%B0%8F%E6%97%A9%E5%B7%9D%E7%B4%97%E6%9E%9D , https://dic.nicovideo.jp/a/%E5%B0%8F%E6%97%A9%E5%B7%9D%E7%B4%97%E6%9E%9D",
シンデレラ,小日向美穂,茶髪、ショートヘア、アホ毛、ヘアバンド,"茶/ショート/ショートカット,アホ毛,ヘアバンド",萌娘百科は黑发。茶か黒か要確認。短发・呆毛・发箍,"https://mzh.moegirl.org.cn/%E5%B0%8F%E6%97%A5%E5%90%91%E7%BE%8E%E7%A9%82 , https://dic.nicovideo.jp/a/%E5%B0%8F%E6%97%A5%E5%90%91%E7%BE%8E%E7%A9%82",
シンデレラ,小松伊吹,オレンジ髪、ロングヘア、ローツインテール,オレンジ/ロング/ツインテール(低め),タグ集計はオレンジ/茶が割れた。萌娘百科のカテゴリは橙发,https://wiki.biligame.com/imascg/%E5%B0%8F%E6%9D%BE%E4%BC%8A%E5%90%B9 (萌点タグ) ; https://safebooru.org/index.php?page=post&s=list&tags=komatsu_ibuki (タグ集計),
シンデレラ,小室千奈美,茶髪、ロングヘア、ポニーテール、ストレートヘア,"茶/ロング/ハイポニーテール,ストレート",萌娘百科カテゴリは棕发(茶),https://wiki.biligame.com/imascg/%E5%B0%8F%E5%AE%A4%E5%8D%83%E5%A5%88%E7%BE%8E (萌点タグ) ; https://safebooru.org/index.php?page=post&s=list&tags=komuro_chinami (タグ集計),
シンデレラ,西園寺琴歌,ピンク髪、ロングヘア、ウェーブ,ピンク/ロング/ウェーブ,淡いパステルピンク。ツインテール・アップなどアレンジが多く、基本は下ろしたウェーブ(謎の猫Wiki等の記述),https://wiki.biligame.com/imascg/%E8%A5%BF%E5%9C%92%E5%AF%BA%E7%90%B4%E6%AD%8C (萌点タグ) ; https://safebooru.org/index.php?page=post&s=list&tags=saionji_kotoka (タグ集計),
シンデレラ,斉藤洋子,茶髪、ショートヘア、アホ毛,"茶/ショート/ショート,アホ毛",タグ集計は8件と少ない,https://wiki.biligame.com/imascg/%E6%96%89%E8%97%A4%E6%B4%8B%E5%AD%90 (萌点タグ) ; https://safebooru.org/index.php?page=post&s=list&tags=saitou_youko (タグ集計),
シンデレラ,冴島清美,黒髪、ショートヘア、ローツインテール、ヘアバンド,"黒/ショート/下ツインテール,ヘアバンド",黒/茶の割れ(黒が多数)。おさげ風の低いツインテール,https://wiki.biligame.com/imascg/%E5%86%B4%E5%B3%B6%E6%B8%85%E7%BE%8E (萌点タグ) ; https://safebooru.org/index.php?page=post&s=list&tags=saejima_kiyomi (タグ集計),
シンデレラ,榊原里美,白髪・銀髪、ロングヘア、ツインテール、縦ロール、リボン,"灰/ロング/ツインテール,ドリル,リボン",灰/銀の割れ(灰が多数)。ツインドリル,https://wiki.biligame.com/imascg/%E6%A6%8A%E5%8E%9F%E9%87%8C%E7%BE%8E (萌点タグ) ; https://safebooru.org/index.php?page=post&s=list&tags=sakakibara_satomi (タグ集計),
シンデレラ,鷺沢文香,黒髪、ロングヘア、ストレートヘア、ヘアバンド、片目隠れ,"黒/ロング/ストレート,ヘアバンド,前髪で目を隠す",タグ集計と萌点が一致,https://wiki.biligame.com/imascg/%E9%B7%BA%E6%B2%A2%E6%96%87%E9%A6%99 (萌点タグ) ; https://safebooru.org/index.php?page=post&s=list&tags=sagisawa_fumika (タグ集計),
シンデレラ,佐久間まゆ,茶髪、ボブ〜ミディアムヘア、ヘアバンド、リボン,"茶/ミディアム/ヘアバンド,リボン",長さはミディアム/ショートのタグが割れた,https://wiki.biligame.com/imascg/%E4%BD%90%E4%B9%85%E9%96%93%E3%81%BE%E3%82%86 (萌点タグ) ; https://safebooru.org/index.php?page=post&s=list&tags=sakuma_mayu (タグ集計),
シンデレラ,櫻井桃華,金髪、ボブ〜ミディアムヘア、ウェーブ、ヘアバンド,"金/ミディアム/カール,ヘアバンド",長さはタグが割れ(ミディアム/ショート)。金髪巻き髪は萌娘百科の記述,https://wiki.biligame.com/imascg/%E6%AB%BB%E4%BA%95%E6%A1%83%E8%8F%AF (萌点タグ) ; https://safebooru.org/index.php?page=post&s=list&tags=sakurai_momoka (タグ集計),
シンデレラ,佐々木千枝,黒髪、ショートヘア、ヘアピン,"黒/ショート/ショート,ヘアピン",タグ集計と萌点が一致,https://wiki.biligame.com/imascg/%E4%BD%90%E3%80%85%E6%9C%A8%E5%8D%83%E6%9E%9D (萌点タグ) ; https://safebooru.org/index.php?page=post&s=list&tags=sasaki_chie (タグ集計),
シンデレラ,佐城雪美,黒髪、ロングヘア、ストレートヘア、ぱっつん前髪,"黒/ロング/ストレート,ぱっつん",青みがかった黒。タグ集計は青が多数なので青の可能性あり,https://wiki.biligame.com/imascg/%E4%BD%90%E5%9F%8E%E9%9B%AA%E7%BE%8E (萌点タグ) ; https://safebooru.org/index.php?page=post&s=list&tags=sajou_yukimi (タグ集計),
シンデレラ,佐藤心,金髪、ロングヘア、ツインテール、アホ毛,"金/ロング/ツインテール,アホ毛",金/明るい茶の割れ。萌娘百科の記述は金髪,https://wiki.biligame.com/imascg/%E4%BD%90%E8%97%A4%E5%BF%83 (萌点タグ) ; https://safebooru.org/index.php?page=post&s=list&tags=satou_shin (タグ集計),
シンデレラ,沢田麻理菜,茶髪、ロングヘア、ポニーテール,茶/ロング/ポニーテール,タグ集計は12件と少ない。長さはロング/ミディアム割れ,https://wiki.biligame.com/imascg/%E6%B2%A2%E7%94%B0%E9%BA%BB%E7%90%86%E8%8F%9C (萌点タグ) ; https://safebooru.org/index.php?page=post&s=list&tags=sawada_marina (タグ集計),
シンデレラ,財前時子,茶髪、ロングヘア,茶/ロング/,色は茶が多数でオレンジ少数。髪型は根拠が取れず空欄。不明: 髪型,https://wiki.biligame.com/imascg/%E8%B2%A1%E5%89%8D%E6%99%82%E5%AD%90 (萌点タグ) ; https://safebooru.org/index.php?page=post&s=list&tags=zaizen_tokiko (タグ集計),
シンデレラ,椎名法子,茶髪、ロングヘア、ポニーテール,茶/ロング/ポニーテール,タグ集計と萌点が一致,https://wiki.biligame.com/imascg/%E6%A4%8E%E5%90%8D%E6%B3%95%E5%AD%90 (萌点タグ) ; https://safebooru.org/index.php?page=post&s=list&tags=shiina_noriko (タグ集計),
シンデレラ,塩見周子,白髪・銀髪、ショートヘア,灰/ショート/ショート,灰/白/金の割れ(灰が多数)。薄い色のため迷い,https://wiki.biligame.com/imascg/%E5%A1%A9%E8%A6%8B%E5%91%A8%E5%AD%90 (萌点タグ) ; https://safebooru.org/index.php?page=post&s=list&tags=shiomi_syuko (タグ集計),
シンデレラ,篠原礼,茶髪、ショートヘア,茶/ショート/ショート,タグ集計17件,https://wiki.biligame.com/imascg/%E7%AF%A0%E5%8E%9F%E7%A4%BC (萌点タグ) ; https://safebooru.org/index.php?page=post&s=list&tags=shinohara_rei (タグ集計),
シンデレラ,渋谷凛,黒髪、ロングヘア、ストレートヘア,黒/ロング/ストレート,タグ集計は茶118/黒70で割れ。一般には黒髪の扱いだが迷い,https://wiki.biligame.com/imascg/%E6%B8%8B%E8%B0%B7%E5%87%9B (萌点タグ) ; https://safebooru.org/index.php?page=post&s=list&tags=shibuya_rin (タグ集計),
シンデレラ,島村卯月,茶髪、ロングヘア、サイドテール,茶/ロング/サイドテール,長さはロング/肩付近で迷い,https://wiki.biligame.com/imascg/%E5%B3%B6%E6%9D%91%E5%8D%AF%E6%9C%88 (萌点タグ) ; https://safebooru.org/index.php?page=post&s=list&tags=shimamura_uzuki (タグ集計),
シンデレラ,首藤葵,黒髪、三つ編み・編み込み、ヘアピン,"黒//三つ編み,ヘアピン",長さはタグが割れ(ロング6/ショート3)で不明。タグ集計14件。不明: 長さ,https://wiki.biligame.com/imascg/%E9%A6%96%E8%97%A4%E8%91%B5 (萌点タグ) ; https://safebooru.org/index.php?page=post&s=list&tags=shutou_aoi (タグ集計),
シンデレラ,白菊ほたる,黒髪、ショートヘア,黒/ショート/ショート,紫タグも30件あり(黒が多数),https://wiki.biligame.com/imascg/%E7%99%BD%E8%8F%8A%E3%81%BB%E3%81%9F%E3%82%8B (萌点タグ) ; https://safebooru.org/index.php?page=post&s=list&tags=shiragiku_hotaru (タグ集計),
シンデレラ,白坂小梅,金髪、ショートヘア、片目隠れ,金/ショート/片目隠れ,薄い金/淡い色。タグ集計は金が多数,https://wiki.biligame.com/imascg/%E7%99%BD%E5%9D%82%E5%B0%8F%E6%A2%85 (萌点タグ) ; https://safebooru.org/index.php?page=post&s=list&tags=shirasaka_koume (タグ集計),
シンデレラ,白雪千夜,黒髪、ショートヘア、ボブ〜ミディアムヘア、ぱっつん前髪,"黒/ショート/ボブ,ぱっつん",タグ集計と萌点が一致,https://wiki.biligame.com/imascg/%E7%99%BD%E9%9B%AA%E5%8D%83%E5%A4%9C (萌点タグ) ; https://safebooru.org/index.php?page=post&s=list&tags=shirayuki_chiyo (タグ集計),
シンデレラ,城ヶ崎美嘉,ピンク髪、ロングヘア、ポニーテール、リボン,"ピンク/ロング/ポニーテール,リボン",髪型はポニー/ツインなど衣装で変わる(萌点は双馬尾・単馬尾)。ポニーテールが多数,https://wiki.biligame.com/imascg/%E5%9F%8E%E3%83%B6%E5%B4%8E%E7%BE%8E%E5%98%89 (萌点タグ) ; https://safebooru.org/index.php?page=post&s=list&tags=jougasaki_mika (タグ集計),
シンデレラ,城ヶ崎莉嘉,金髪、ロングヘア、ツーサイドアップ,金/ロング/ツーサイドアップ,タグ集計と萌点が一致,https://wiki.biligame.com/imascg/%E5%9F%8E%E3%83%B6%E5%B4%8E%E8%8E%89%E5%98%89 (萌点タグ) ; https://safebooru.org/index.php?page=post&s=list&tags=jougasaki_rika (タグ集計),
シンデレラ,杉坂海,黒髪、ロングヘア、ポニーテール,黒/ロング/ポニーテール,超長髪,https://wiki.biligame.com/imascg/%E6%9D%89%E5%9D%82%E6%B5%B7 (萌点タグ) ; https://safebooru.org/index.php?page=post&s=list&tags=sugisaka_umi (タグ集計),
シンデレラ,涼宮星花,黒髪、ロングヘア、ストレートヘア,黒/ロング/ストレート,タグ集計16件,https://wiki.biligame.com/imascg/%E6%B6%BC%E5%AE%AE%E6%98%9F%E8%8A%B1 (萌点タグ) ; https://safebooru.org/index.php?page=post&s=list&tags=suzumiya_seika (タグ集計),
シンデレラ,砂塚あきら,黒髪、ロングヘア、ツインテール,黒/ロング/ツインテール,黒/茶の割れ(黒が多数),https://wiki.biligame.com/imascg/%E7%A0%82%E5%A1%9A%E3%81%82%E3%81%8D%E3%82%89 (萌点タグ) ; https://safebooru.org/index.php?page=post&s=list&tags=sunazuka_akira (タグ集計),
シンデレラ,関裕美,茶髪、ロングヘア、ウェーブ、三つ編み・編み込み,"茶/ロング/ウェーブ,三つ編み",タグ集計と萌点が一致,https://wiki.biligame.com/imascg/%E9%96%A2%E8%A3%95%E7%BE%8E (萌点タグ) ; https://safebooru.org/index.php?page=post&s=list&tags=seki_hiromi (タグ集計),
シンデレラ,瀬名詩織,黒髪、ロングヘア、ストレートヘア,黒/ロング/ストレート,タグ集計は5件と少ないが萌点も黒長直,https://wiki.biligame.com/imascg/%E7%80%AC%E5%90%8D%E8%A9%A9%E7%B9%94 (萌点タグ) ; https://safebooru.org/index.php?page=post&s=list&tags=sena_shiori (タグ集計),
シンデレラ,仙崎恵磨,金髪、ショートヘア,金/ショート/ショート,タグ集計と萌点が一致,https://wiki.biligame.com/imascg/%E4%BB%99%E5%B4%8E%E6%81%B5%E7%A3%A8 (萌点タグ) ; https://safebooru.org/index.php?page=post&s=list&tags=senzaki_ema (タグ集計),
シンデレラ,相馬夏美,黒髪、ウェーブ,黒//ウェーブ,長さはタグが割れ(ロング5/ショート3)で不明。タグ集計12件。不明: 長さ,https://wiki.biligame.com/imascg/%E7%9B%B8%E9%A6%AC%E5%A4%8F%E7%BE%8E (萌点タグ) ; https://safebooru.org/index.php?page=post&s=list&tags=souma_natsumi (タグ集計),
シンデレラ,高垣楓,緑髪、ショートヘア,緑/ショート/ショート,緑/茶の割れ(緑が多数)。暗い緑がかった茶とも見え迷い,https://wiki.biligame.com/imascg/%E9%AB%98%E5%9E%A3%E6%A5%93 (萌点タグ) ; https://safebooru.org/index.php?page=post&s=list&tags=takagaki_kaede (タグ集計),
シンデレラ,高橋礼子,黒髪、ロングヘア,黒/ロング/,髪型は根拠が取れず空欄。不明: 髪型,https://wiki.biligame.com/imascg/%E9%AB%98%E6%A9%8B%E7%A4%BC%E5%AD%90 (萌点タグ) ; https://safebooru.org/index.php?page=post&s=list&tags=takahashi_reiko (タグ集計),
シンデレラ,鷹富士茄子,黒髪、ショートヘア、髪飾り,"黒/ショート/ショート,髪飾り",タグ集計と萌点が一致,https://wiki.biligame.com/imascg/%E9%B7%B9%E5%AF%8C%E5%A3%AB%E8%8C%84%E5%AD%90 (萌点タグ) ; https://safebooru.org/index.php?page=post&s=list&tags=takafuji_kako (タグ集計),
シンデレラ,高峯のあ,白髪・銀髪、ロングヘア、ストレートヘア,銀/ロング/ストレート,銀/白/灰の割れ。萌点は白長直,https://wiki.biligame.com/imascg/%E9%AB%98%E5%B3%AF%E3%81%AE%E3%81%82 (萌点タグ) ; https://safebooru.org/index.php?page=post&s=list&tags=takamine_noa (タグ集計),
シンデレラ,高森藍子,茶髪、ロングヘア、お団子ヘア、ポニーテール,"茶/ロング/お団子,ポニーテール",タグ集計と萌点が一致,https://wiki.biligame.com/imascg/%E9%AB%98%E6%A3%AE%E8%97%8D%E5%AD%90 (萌点タグ) ; https://safebooru.org/index.php?page=post&s=list&tags=takamori_aiko (タグ集計),
シンデレラ,多田李衣菜,茶髪、ショートヘア,茶/ショート/ショート,タグ集計と萌点が一致,https://wiki.biligame.com/imascg/%E5%A4%9A%E7%94%B0%E6%9D%8E%E8%A1%A3%E8%8F%9C (萌点タグ) ; https://safebooru.org/index.php?page=post&s=list&tags=tada_riina (タグ集計),
シンデレラ,橘ありす,茶髪、ロングヘア、ハーフアップ、リボン,"茶/ロング/ハーフアップ,リボン",黒タグも22件あり,https://wiki.biligame.com/imascg/%E6%A9%98%E3%81%82%E3%82%8A%E3%81%99 (萌点タグ) ; https://safebooru.org/index.php?page=post&s=list&tags=tachibana_arisu (タグ集計),
シンデレラ,月宮雅,茶髪、ショートヘア、ウェーブ、ヘアバンド,"茶/ショート/ショート,ウェーブ,ヘアバンド",タグ集計20件,https://wiki.biligame.com/imascg/%E6%9C%88%E5%AE%AE%E9%9B%85 (萌点タグ) ; https://safebooru.org/index.php?page=post&s=list&tags=tsukimiya_miyabi (タグ集計),
シンデレラ,辻野あかり,茶髪、ロングヘア、ストレートヘア、アホ毛,"茶/ロング/ストレート,アホ毛",タグ集計と萌点が一致,https://wiki.biligame.com/imascg/%E8%BE%BB%E9%87%8E%E3%81%82%E3%81%8B%E3%82%8A (萌点タグ) ; https://safebooru.org/index.php?page=post&s=list&tags=tsujino_akari (タグ集計),
シンデレラ,土屋亜子,茶髪、ショートヘア、アホ毛,"茶/ショート/ショート,アホ毛",タグ集計7件と少ない,https://wiki.biligame.com/imascg/%E5%9C%9F%E5%B1%8B%E4%BA%9C%E5%AD%90 (萌点タグ) ; https://safebooru.org/index.php?page=post&s=list&tags=tsuchiya_ako (タグ集計),
シンデレラ,東郷あい,黒髪、ショートヘア,黒/ショート/ショート,タグ集計と萌点が一致,https://wiki.biligame.com/imascg/%E6%9D%B1%E9%83%B7%E3%81%82%E3%81%84 (萌点タグ) ; https://safebooru.org/index.php?page=post&s=list&tags=tougou_ai (タグ集計),
シンデレラ,十時愛梨,茶髪、ツインテール,茶//ツインテール,長さはタグから決められず空欄。不明: 長さ,https://wiki.biligame.com/imascg/%E5%8D%81%E6%99%82%E6%84%9B%E6%A2%A8 (萌点タグ) ; https://safebooru.org/index.php?page=post&s=list&tags=totoki_airi (タグ集計),
シンデレラ,道明寺歌鈴,茶髪、ショートヘア、ポニーテール、アホ毛,"茶/ショート/ポニーテール,アホ毛",長さはショートタグ多数だがポニーテール込みで迷い,https://wiki.biligame.com/imascg/%E9%81%93%E6%98%8E%E5%AF%BA%E6%AD%8C%E9%88%B4 (萌点タグ) ; https://safebooru.org/index.php?page=post&s=list&tags=doumyouji_karin (タグ集計),
シンデレラ,中野有香,黒髪、ロングヘア、ツインテール,黒/ロング/ツインテール,タグ集計と萌点が一致,https://wiki.biligame.com/imascg/%E4%B8%AD%E9%87%8E%E6%9C%89%E9%A6%99 (萌点タグ) ; https://safebooru.org/index.php?page=post&s=list&tags=nakano_yuka (タグ集計),
シンデレラ,長富蓮実,茶髪、ショートヘア、ウェーブ、ヘアバンド,"茶/ショート/ウェーブ,ヘアバンド",タグ集計と萌点が一致,https://wiki.biligame.com/imascg/%E9%95%B7%E5%AF%8C%E8%93%AE%E5%AE%9F (萌点タグ) ; https://safebooru.org/index.php?page=post&s=list&tags=nagatomi_hasumi (タグ集計),
シンデレラ,ナターリア,黒髪、ショートヘア,黒/ショート/ショート,黒/緑の割れ(黒が多数)。緑がかった黒の可能性,https://wiki.biligame.com/imascg/%E3%83%8A%E3%82%BF%E3%83%BC%E3%83%AA%E3%82%A2 (萌点タグ) ; https://safebooru.org/index.php?page=post&s=list&tags=natalia_%28idolmaster%29 (タグ集計),
シンデレラ,並木芽衣子,茶髪、ショートヘア,茶/ショート/ショート,タグ集計21件,https://wiki.biligame.com/imascg/%E4%B8%A6%E6%9C%A8%E8%8A%BD%E8%A1%A3%E5%AD%90 (萌点タグ) ; https://safebooru.org/index.php?page=post&s=list&tags=namiki_meiko (タグ集計),
シンデレラ,成宮由愛,白髪・銀髪、ショートヘア、アホ毛、ヘアバンド,"灰/ショート/ショート,アホ毛,ヘアバンド",灰/銀の割れ(灰が多数),https://wiki.biligame.com/imascg/%E6%88%90%E5%AE%AE%E7%94%B1%E6%84%9B (萌点タグ) ; https://safebooru.org/index.php?page=post&s=list&tags=narumiya_yume (タグ集計),
シンデレラ,南条光,黒髪、ロングヘア、アホ毛,黒/ロング/アホ毛,長さの根拠はタグ集計のみ。青タグも少数,https://wiki.biligame.com/imascg/%E5%8D%97%E6%9D%A1%E5%85%89 (萌点タグ) ; https://safebooru.org/index.php?page=post&s=list&tags=nanjou_hikaru (タグ集計),
シンデレラ,難波笑美,茶髪、ショートヘア、ウェーブ、ヘアピン,"茶/ショート/ウェーブ,ヘアピン",タグ集計21件,https://wiki.biligame.com/imascg/%E9%9B%A3%E6%B3%A2%E7%AC%91%E7%BE%8E (萌点タグ) ; https://safebooru.org/index.php?page=post&s=list&tags=namba_emi (タグ集計),
シンデレラ,西川保奈美,茶髪、ロングヘア,茶/ロング/,茶11/黒7で割れ。髪型は根拠が取れず空欄。タグ集計17件。不明: 髪型,https://wiki.biligame.com/imascg/%E8%A5%BF%E5%B7%9D%E4%BF%9D%E5%A5%88%E7%BE%8E (萌点タグ) ; https://safebooru.org/index.php?page=post&s=list&tags=nishikawa_honami (タグ集計),
シンデレラ,西島櫂,茶髪、ショートヘア、アホ毛,"茶/ショート/ショート,アホ毛",タグ集計9件,https://wiki.biligame.com/imascg/%E8%A5%BF%E5%B3%B6%E6%AB%82 (萌点タグ) ; https://safebooru.org/index.php?page=post&s=list&tags=nishijima_kai (タグ集計),
シンデレラ,新田美波,茶髪、ロングヘア、ストレートヘア,茶/ロング/ストレート,タグ集計と萌点が一致,https://wiki.biligame.com/imascg/%E6%96%B0%E7%94%B0%E7%BE%8E%E6%B3%A2 (萌点タグ) ; https://safebooru.org/index.php?page=post&s=list&tags=nitta_minami (タグ集計),
シンデレラ,二宮飛鳥,ロングヘア、三つ編み・編み込み、アホ毛,"その他/ロング/三つ編み(エクステ),アホ毛",茶に金/オレンジの二色(エクステ)。色は一語で表せずその他,https://wiki.biligame.com/imascg/%E4%BA%8C%E5%AE%AE%E9%A3%9B%E9%B3%A5 (萌点タグ) ; https://safebooru.org/index.php?page=post&s=list&tags=ninomiya_asuka (タグ集計),
シンデレラ,丹羽仁美,黒髪、ショートヘア、ボブ〜ミディアムヘア、ぱっつん前髪,"黒/ショート/ボブ,ぱっつん",黒/緑の割れ(黒が多数),https://wiki.biligame.com/imascg/%E4%B8%B9%E7%BE%BD%E4%BB%81%E7%BE%8E (萌点タグ) ; https://safebooru.org/index.php?page=post&s=list&tags=niwa_hitomi (タグ集計),
シンデレラ,野々村そら,ツインテール、ウェーブ,"//ツインテール,カール",色(黒/茶)と長さがタグから決められず不明。タグ集計9件。不明: 色・長さ,https://wiki.biligame.com/imascg/%E9%87%8E%E3%80%85%E6%9D%91%E3%81%9D%E3%82%89 (萌点タグ) ; https://safebooru.org/index.php?page=post&s=list&tags=nonomura_sora (タグ集計),
シンデレラ,服部瞳子,茶髪、ロングヘア,茶/ロング/,タグ集計3件のみで根拠が弱い。不明: 髪型,https://wiki.biligame.com/imascg/%E6%9C%8D%E9%83%A8%E7%9E%B3%E5%AD%90 (萌点タグ) ; https://safebooru.org/index.php?page=post&s=list&tags=hattori_toko (タグ集計),
シンデレラ,浜川愛結奈,ピンク髪、ロングヘア、ハーフアップ、ウェーブ,"ピンク/ロング/ハーフアップ,ウェーブ",タグ集計と萌点が一致,https://wiki.biligame.com/imascg/%E6%B5%9C%E5%B7%9D%E6%84%9B%E7%B5%90%E5%A5%88 (萌点タグ) ; https://safebooru.org/index.php?page=post&s=list&tags=hamakawa_ayuna (タグ集計),
シンデレラ,浜口あやめ,黒髪、お団子ヘア、ポニーテール,"黒//お団子,ポニーテール",長さは根拠が取れず空欄。不明: 長さ,https://wiki.biligame.com/imascg/%E6%B5%9C%E5%8F%A3%E3%81%82%E3%82%84%E3%82%81 (萌点タグ) ; https://safebooru.org/index.php?page=post&s=list&tags=hamaguchi_ayame (タグ集計),
シンデレラ,早坂美玲,紫髪、ショートヘア、髪色2色以上,"紫/ショート/ショート,メッシュ",紫に挑染(メッシュ),https://wiki.biligame.com/imascg/%E6%97%A9%E5%9D%82%E7%BE%8E%E7%8E%B2 (萌点タグ) ; https://safebooru.org/index.php?page=post&s=list&tags=hayasaka_mirei (タグ集計),
シンデレラ,速水奏,黒髪、ショートヘア、センター分け,"黒/ショート/ショート,中分",青みがかった黒。タグ集計は青91/黒64で割れ,https://wiki.biligame.com/imascg/%E9%80%9F%E6%B0%B4%E5%A5%8F (萌点タグ) ; https://safebooru.org/index.php?page=post&s=list&tags=hayami_kanade (タグ集計),
シンデレラ,原田美世,黒髪、ショートヘア、ポニーテール,"黒/ショート/ショート,ポニーテール",タグ集計と萌点が一致,https://wiki.biligame.com/imascg/%E5%8E%9F%E7%94%B0%E7%BE%8E%E4%B8%96 (萌点タグ) ; https://safebooru.org/index.php?page=post&s=list&tags=harada_miyo (タグ集計),
シンデレラ,柊志乃,黒髪、ロングヘア、ストレートヘア、センター分け,"黒/ロング/ストレート,中分",タグ集計と萌点が一致,https://wiki.biligame.com/imascg/%E6%9F%8A%E5%BF%97%E4%B9%83 (萌点タグ) ; https://safebooru.org/index.php?page=post&s=list&tags=hiiragi_shino (タグ集計),
シンデレラ,久川凪,白髪・銀髪、ロングヘア,銀/ロング/,色は萌娘百科の記載。髪型の詳細は未確認,https://dic.pixiv.net/a/%E4%B9%85%E5%B7%9D%E5%87%AA,
シンデレラ,久川颯,白髪・銀髪,銀//,色は萌娘百科の記載。長さ・髪型は未確認,https://dic.pixiv.net/a/%E4%B9%85%E5%B7%9D%E9%A2%AF,
シンデレラ,日野茜,,//,不明,https://dic.pixiv.net/a/%E6%97%A5%E9%87%8E%E8%8C%9C,
シンデレラ,姫川友紀,茶髪、ボブ〜ミディアムヘア、ポニーテール,茶/ミディアム/ポニーテール,,https://dic.pixiv.net/a/%E5%A7%AB%E5%B7%9D%E5%8F%8B%E7%B4%80,
シンデレラ,兵藤レナ,茶髪、ロングヘア、ウェーブ,茶/ロング/ウェーブ,,https://dic.pixiv.net/a/%E5%85%B5%E8%97%A4%E3%83%AC%E3%83%8A,
シンデレラ,福山舞,黒髪、ツインテール,黒//ツインテール,長さは未確認,https://dic.pixiv.net/a/%E7%A6%8F%E5%B1%B1%E8%88%9E,
シンデレラ,藤居朋,緑髪、ロングヘア、ポニーテール、リボン,"緑/ロング/ポニーテール,リボン",暗い緑 (墨緑)。髪型は日によって変わる (単馬尾・双馬尾・お団子)。標準は大きなリボンの単馬尾,https://dic.pixiv.net/a/%E8%97%A4%E5%B1%85%E6%9C%8B,
シンデレラ,藤本里奈,金髪、ロングヘア、ウェーブ,金/ロング/ウェーブ,,https://dic.pixiv.net/a/%E8%97%A4%E6%9C%AC%E9%87%8C%E5%A5%88,
シンデレラ,藤原肇,黒髪、ロングヘア、ストレートヘア,黒/ロング/ストレート,,https://dic.pixiv.net/a/%E8%97%A4%E5%8E%9F%E8%82%87,
シンデレラ,双葉杏,金髪、ロングヘア、ツインテール,金/ロング/ツインテール,黄色寄りの金,https://dic.pixiv.net/a/%E5%8F%8C%E8%91%89%E6%9D%8F,
シンデレラ,古澤頼子,茶髪,茶//,色のみ確認。長さ・髪型は不明,https://dic.pixiv.net/a/%E5%8F%A4%E6%BE%A4%E9%A0%BC%E5%AD%90,
シンデレラ,ヘレン,金髪、ロングヘア,金/ロング/,髪型は未確認,https://dic.pixiv.net/a/%E3%83%98%E3%83%AC%E3%83%B3,
シンデレラ,北条加蓮,茶髪、ロングヘア、ウェーブ,茶/ロング/ウェーブ,萌娘百科は橙髪と記載。明るい茶 (オレンジがかった茶) で、茶と橙の境目,https://dic.pixiv.net/a/%E5%8C%97%E6%9D%A1%E5%8A%A0%E8%93%AE,
シンデレラ,星輝子,白髪・銀髪、ロングヘア、ツインテール,灰/ロング/ツインテール,,https://dic.pixiv.net/a/%E6%98%9F%E8%BC%9D%E5%AD%90,
シンデレラ,堀裕子,茶髪,茶//,色のみ確認。長さ・髪型は未確認,https://dic.pixiv.net/a/%E5%A0%80%E8%A3%95%E5%AD%90,
シンデレラ,本田未央,茶髪、ボブ〜ミディアムヘア,茶/ミディアム/,髪型は未確認,https://dic.pixiv.net/a/%E6%9C%AC%E7%94%B0%E6%9C%AA%E5%A4%AE,
シンデレラ,前川みく,茶髪,茶//,色のみ確認。長さ・髪型は未確認,https://dic.pixiv.net/a/%E5%89%8D%E5%B7%9D%E3%81%BF%E3%81%8F,
シンデレラ,槙原志保,茶髪、ロングヘア,茶/ロング/,髪型は未確認,https://dic.pixiv.net/a/%E6%A7%99%E5%8E%9F%E5%BF%97%E4%BF%9D,
シンデレラ,松尾千鶴,黒髪、ロングヘア、ストレートヘア,黒/ロング/ストレート,,https://dic.pixiv.net/a/%E6%9D%BE%E5%B0%BE%E5%8D%83%E9%B6%B4,
シンデレラ,松永涼,赤髪、ショートヘア,赤/ショート/,色は赤茶系で境目,https://dic.pixiv.net/a/%E6%9D%BE%E6%B0%B8%E6%B6%BC,
シンデレラ,松原早耶,黒髪,黒//,色のみ確認。長さ・髪型は未確認,https://dic.pixiv.net/a/%E6%9D%BE%E5%8E%9F%E6%97%A9%E8%80%B6,
シンデレラ,松本沙理奈,茶髪、ロングヘア、ウェーブ,茶/ロング/ウェーブ,,https://dic.pixiv.net/a/%E6%9D%BE%E6%9C%AC%E6%B2%99%E7%90%86%E5%A5%88,
シンデレラ,松山久美子,茶髪,茶//,色のみ確認。長さ・髪型は未確認,https://dic.pixiv.net/a/%E6%9D%BE%E5%B1%B1%E4%B9%85%E7%BE%8E%E5%AD%90,
シンデレラ,的場梨沙,黒髪、ロングヘア、ツインテール,黒/ロング/ツインテール,,https://dic.pixiv.net/a/%E7%9A%84%E5%A0%B4%E6%A2%A8%E6%B2%99,
シンデレラ,間中美里,,//,不明,https://dic.pixiv.net/a/%E9%96%93%E4%B8%AD%E7%BE%8E%E9%87%8C,
シンデレラ,真鍋いつき,,//,不明,https://dic.pixiv.net/a/%E7%9C%9F%E9%8D%8B%E3%81%84%E3%81%A4%E3%81%8D,
シンデレラ,水木聖來,,//,不明,https://dic.pixiv.net/a/%E6%B0%B4%E6%9C%A8%E8%81%96%E4%BE%86,
シンデレラ,水野翠,黒髪、ロングヘア、ストレートヘア,黒/ロング/ストレート,,https://dic.pixiv.net/a/%E6%B0%B4%E9%87%8E%E7%BF%A0,
シンデレラ,水本ゆかり,茶髪、ロングヘア,茶/ロング/,髪型は未確認,https://dic.pixiv.net/a/%E6%B0%B4%E6%9C%AC%E3%82%86%E3%81%8B%E3%82%8A,
シンデレラ,三船美優,茶髪、ロングヘア,茶/ロング/,濃い茶で黒との境目,https://dic.pixiv.net/a/%E4%B8%89%E8%88%B9%E7%BE%8E%E5%84%AA,
シンデレラ,三村かな子,茶髪、ボブ〜ミディアムヘア,茶/ミディアム/,髪型は未確認,https://dic.pixiv.net/a/%E4%B8%89%E6%9D%91%E3%81%8B%E3%81%AA%E5%AD%90,
シンデレラ,宮本フレデリカ,金髪、ロングヘア、ウェーブ,金/ロング/ウェーブ,,https://dic.pixiv.net/a/%E5%AE%AE%E6%9C%AC%E3%83%95%E3%83%AC%E3%83%87%E3%83%AA%E3%82%AB,
シンデレラ,三好紗南,,//,不明,https://dic.pixiv.net/a/%E4%B8%89%E5%A5%BD%E7%B4%97%E5%8D%97,
シンデレラ,向井拓海,金髪、ロングヘア、ポニーテール,金/ロング/ポニーテール,金と明るい茶の境目,https://dic.pixiv.net/a/%E5%90%91%E4%BA%95%E6%8B%93%E6%B5%B7,
シンデレラ,棟方愛海,,//,不明,https://dic.pixiv.net/a/%E6%A3%9F%E6%96%B9%E6%84%9B%E6%B5%B7,
シンデレラ,村上巴,黒髪、ロングヘア,黒/ロング/,髪型は未確認,https://dic.pixiv.net/a/%E6%9D%91%E4%B8%8A%E5%B7%B4,
シンデレラ,村松さくら,,//,不明,https://dic.pixiv.net/a/%E6%9D%91%E6%9D%BE%E3%81%95%E3%81%8F%E3%82%89,
シンデレラ,メアリー_コクラン,金髪、ロングヘア,金/ロング/,髪型は未確認,https://dic.pixiv.net/a/%E3%83%A1%E3%82%A2%E3%83%AA%E3%83%BC%E3%83%BB%E3%82%B3%E3%82%AF%E3%83%A9%E3%83%B3,
シンデレラ,持田亜里沙,,//,不明,https://dic.pixiv.net/a/%E6%8C%81%E7%94%B0%E4%BA%9C%E9%87%8C%E6%B2%99,
シンデレラ,望月聖,,//,不明,https://dic.pixiv.net/a/%E6%9C%9B%E6%9C%88%E8%81%96,
シンデレラ,桃井あずき,,//,不明,https://dic.pixiv.net/a/%E6%A1%83%E4%BA%95%E3%81%82%E3%81%9A%E3%81%8D,
シンデレラ,森久保乃々,茶髪、ロングヘア、ツインテール,茶/ロング/ツインテール,,https://dic.pixiv.net/a/%E6%A3%AE%E4%B9%85%E4%BF%9D%E4%B9%83%E3%80%85,
シンデレラ,諸星きらり,茶髪、ロングヘア,茶/ロング/,髪型は未確認,https://dic.pixiv.net/a/%E8%AB%B8%E6%98%9F%E3%81%8D%E3%82%89%E3%82%8A,
シンデレラ,楊菲菲,黒髪、お団子ヘア,黒//お団子,長さは未確認,https://dic.pixiv.net/a/%E6%A5%8A%E8%8F%B2%E8%8F%B2,
シンデレラ,八神マキノ,,//,不明,https://dic.pixiv.net/a/%E5%85%AB%E7%A5%9E%E3%83%9E%E3%82%AD%E3%83%8E,
シンデレラ,矢口美羽,,//,不明,https://dic.pixiv.net/a/%E7%9F%A2%E5%8F%A3%E7%BE%8E%E7%BE%BD,
シンデレラ,柳清良,黒髪、ロングヘア、ストレートヘア,黒/ロング/ストレート,,https://dic.pixiv.net/a/%E6%9F%B3%E6%B8%85%E8%89%AF,
シンデレラ,柳瀬美由紀,,//,不明,https://dic.pixiv.net/a/%E6%9F%B3%E7%80%AC%E7%BE%8E%E7%94%B1%E7%B4%80,
シンデレラ,大和亜季,茶髪、ショートヘア,茶/ショート/,髪型は未確認,https://dic.pixiv.net/a/%E5%A4%A7%E5%92%8C%E4%BA%9C%E5%AD%A3,
シンデレラ,結城晴,,//,不明,https://dic.pixiv.net/a/%E7%B5%90%E5%9F%8E%E6%99%B4,
シンデレラ,遊佐こずえ,金髪、ロングヘア,金/ロング/,淡い金 (白寄り) で金と白の境目,https://dic.pixiv.net/a/%E9%81%8A%E4%BD%90%E3%81%93%E3%81%9A%E3%81%88,
シンデレラ,夢見りあむ,,//,不明,https://dic.pixiv.net/a/%E5%A4%A2%E8%A6%8B%E3%82%8A%E3%81%82%E3%82%80,
シンデレラ,横山千佳,ツインテール,//ツインテール,色・長さは不明,https://dic.pixiv.net/a/%E6%A8%AA%E5%B1%B1%E5%8D%83%E4%BD%B3,
シンデレラ,吉岡沙紀,,//,不明,https://dic.pixiv.net/a/%E5%90%89%E5%B2%A1%E6%B2%99%E7%B4%80,
シンデレラ,依田芳乃,青髪、ロングヘア,青/ロング/,淡い青〜青紫系で青・水色・紫の境目,https://dic.pixiv.net/a/%E4%BE%9D%E7%94%B0%E8%8A%B3%E4%B9%83,
シンデレラ,ライラ,黒髪、ロングヘア,黒/ロング/,髪型は未確認,https://dic.pixiv.net/a/%E3%83%A9%E3%82%A4%E3%83%A9,
シンデレラ,龍崎薫,茶髪、ツインテール,茶//ツインテール,長さは未確認,https://dic.pixiv.net/a/%E9%BE%8D%E5%B4%8E%E8%96%AB,
シンデレラ,若林智香,,//,不明,https://dic.pixiv.net/a/%E8%8B%A5%E6%9E%97%E6%99%BA%E9%A6%99,
シンデレラ,脇山珠美,,//,不明,https://dic.pixiv.net/a/%E8%84%87%E5%B1%B1%E7%8F%A0%E7%BE%8E,
シンデレラ,和久井留美,黒髪、ロングヘア、ストレートヘア,黒/ロング/ストレート,,https://dic.pixiv.net/a/%E5%92%8C%E4%B9%85%E4%BA%95%E7%95%99%E7%BE%8E,
シンデレラ,ジュニー,,//,不明,https://dic.pixiv.net/a/%E3%82%B8%E3%83%A5%E3%83%8B%E3%83%BC,
シンデレラ,リュ_ヘナ,,//,不明,https://dic.pixiv.net/a/%E3%83%AA%E3%83%A5%E3%83%BB%E3%83%98%E3%83%8A,
シンデレラ,イム_ユジン,,//,不明,https://dic.pixiv.net/a/%E3%82%A4%E3%83%A0%E3%83%BB%E3%83%A6%E3%82%B8%E3%83%B3,
学マス,藤田ことね,金髪、ロングヘア、三つ編み・編み込み、リボン,"金/ロング/三つ編み,リボン",金 195/200、twin_braids 164、hair_ribbon 92。低めの二つ結び三つ編み,https://safebooru.org/index.php?page=post&s=list&tags=fujita_kotone (solo タグ集計),
学マス,紫雲清夏,オレンジ髪、ロングヘア、ストレートヘア、ヘアピン,"オレンジ/ロング/ストレート,ヘアピン",orange 112/134、金10。straight 54、hairclip 38,https://safebooru.org/index.php?page=post&s=list&tags=shiun_sumika (solo タグ集計),
学マス,有村麻央,ピンク髪、ショートヘア、ボブ〜ミディアムヘア、片目隠れ,"ピンク/ショート/ボブ,片目隠れ",pink 175/200、short 158。hair_over_one_eye 55 で片目隠れは約 1/4 だが特徴的なので付けた。要目視,https://safebooru.org/index.php?page=post&s=list&tags=arimura_mao (solo タグ集計),
学マス,葛城リーリヤ,白髪・銀髪、ロングヘア、三つ編み・編み込み、ヘアバンド,"銀/ロング/三つ編み,ヘアバンド",grey 167+white 21 /200。tag は short が多いが画像で確認すると前髪側は短く背中に長い三つ編みを垂らすのでロング。ヘアバンド(青)確認。要目視,https://safebooru.org/index.php?page=post&s=list&tags=katsuragi_lilja (solo タグ集計),
学マス,花海咲季,茶髪、ロングヘア、ツーサイドアップ,茶/ロング/ツーサイドアップ,brown 116 / red 69 /200で割れた。赤みのある茶。two_side_up 119、long 153。お団子(bun 39)は衣装違いと判断して除外,https://safebooru.org/index.php?page=post&s=list&tags=hanami_saki (solo タグ集計),
学マス,十王星南,金髪、ロングヘア、ストレートヘア、髪色2色以上,"金/ロング/ストレート,メッシュ","blonde 180/196、毛先がピンク(pink 90, streaked 89, gradient 17)。メッシュ扱い",https://safebooru.org/index.php?page=post&s=list&tags=juo_sena (solo タグ集計),
学マス,姫崎莉波,茶髪、ロングヘア、お団子ヘア,茶/ロング/お団子,brown 185/200、long 152、hair_bun 51。お団子は全体の1/4で衣装差の可能性。要目視,https://safebooru.org/index.php?page=post&s=list&tags=himesaki_rinami (solo タグ集計),
学マス,雨夜燕,黒髪、ロングヘア、ポニーテール,黒/ロング/ポニーテール,black 54/68、ponytail 49(high_ponytail 18)。標本 68 件と少なめ,https://safebooru.org/index.php?page=post&s=list&tags=amaya_tsubame (solo タグ集計),
学マス,月村手毬,緑髪、ロングヘア、ストレートヘア、アホ毛,"緑/ロング/ストレート,アホ毛",green 141/200、black 18、blue 17。antenna_hair 44 + ahoge 13。黒緑なので要目視,https://safebooru.org/index.php?page=post&s=list&tags=tsukimura_temari (solo タグ集計),
学マス,篠澤広,金髪、ロングヘア、ストレートヘア、ヘアピン,"金/ロング/ストレート,ヘアピン",blonde 161/200、grey 17。淡い金。hairclip 61。flipped_hair 16 (跳ね毛)も少数,https://safebooru.org/index.php?page=post&s=list&tags=shinosawa_hiro (solo タグ集計),
学マス,花海佑芽,茶髪、ボブ〜ミディアムヘア、アホ毛,茶/ミディアム/アホ毛,brown 173/200、orange 53、gradient 76 (毛先が橙)。medium 59 / long 24 / short 21。ahoge 151。hair_bun 45 は一部と判断し除外,https://safebooru.org/index.php?page=post&s=list&tags=hanami_ume (solo タグ集計),
学マス,秦谷美鈴,紫髪、ショートヘア、ボブ〜ミディアムヘア、髪飾り,"紫/ショート/ボブ,髪飾り",purple 153/200、short 170、hair_flower 103、bob_cut 7,https://safebooru.org/index.php?page=post&s=list&tags=hataya_misuzu (solo タグ集計),
学マス,倉本千奈,茶髪、ロングヘア、ストレートヘア、髪飾り,"茶/ロング/ストレート,髪飾り",brown 164/200、blonde 17、long 172、straight 39、hair_ornament 70,https://safebooru.org/index.php?page=post&s=list&tags=kuramoto_china (solo タグ集計),
876,上水流宇宙,紫髪、ロングヘア、髪飾り,紫/ロング/髪飾り,"solo 9 件のみで低信頼。purple 9/9、毛先が青系グラデ(gradient 4, multicolored 5)。要目視",https://safebooru.org/index.php?page=post&s=list&tags=kamizuru_cosmo (solo タグ集計),
876,灯里愛夏,赤髪,赤//,萌娘百科の検索要約に「红发・白发(渐变)」とあるのみ。safebooru にタグ無し。長さ・髪型は不明。要目視,https://mzh.moegirl.org.cn/ (WebSearch 要約経由。ページ本体は 403 で未読),
876,サラ_レトラ_オリヴェイラ_ウタガワ,金髪、髪色2色以上,金//メッシュ,萌娘百科(蕾特拉)の検索要約に「黄发挑染」とあるのみ。長さは不明。safebooru にタグ無し。要目視,https://mzh.moegirl.org.cn/ (WebSearch 要約経由。ページ本体は 403 で未読),
961,奥空心白,金髪、ショートヘア、ヘアバンド,金/ショート/ヘアバンド,solo 24 件のみ。blonde 19、short 21、hairband 20、hair_over_one_eye 10,https://safebooru.org/index.php?page=post&s=list&tags=okuzora_kohaku (solo タグ集計),
シンデレラ,イヴ_サンタクロース,白髪・銀髪、ロングヘア、ストレートヘア,銀/ロング/ストレート,white 44 / silver 20 /78。白は選択肢に無いので銀(白銀)。long 70。ストレートは 3 件のみで記憶ベース,https://safebooru.org/index.php?page=post&s=list&tags=eve_santaclaus (solo タグ集計),
シンデレラ,ケイト,茶髪、ショートヘア、ウェーブ,茶/ショート/ウェーブ,solo 18 件。brown 18、short 8 / medium 1(残りは未タグ)。wavy 2 件。要目視,https://safebooru.org/index.php?page=post&s=list&tags=kate_(idolmaster) (solo タグ集計),
765,玲音,オレンジ髪、ロングヘア、ポニーテール,オレンジ/ロング/ポニーテール,solo 9 件のみで低信頼。orange 6、ponytail 6、long 9。要目視,https://safebooru.org/index.php?page=post&s=list&tags=leon_(idolmaster) (solo タグ集計),
765,詩花,緑髪、ショートヘア、ボブ〜ミディアムヘア、リボン,"緑/ショート/ボブ,リボン",solo 30 件。green 26、short 12 / medium 11 で割れた。hair_bow 14。要目視,https://safebooru.org/index.php?page=post&s=list&tags=shiika_(idolmaster) (solo タグ集計),
SideM,ピエール,金髪、ショートヘア、アホ毛,金/ショート/アホ毛,solo 50 件。blonde 43、short 22、ahoge 9,https://safebooru.org/index.php?page=post&s=list&tags=pierre_(idolmaster) (solo タグ集計),
シャイニー,桑山千雪,茶髪、ロングヘア、三つ編み・編み込み、リボン,"茶/ロング/三つ編み,リボン",Wikipediaの記述「ひとつに纏めた三つ編みの髪をリボンで結んでいる」。髪色・長さは記述なしのため未記入 / 色と長さはオーナー指摘で「長めの茶髪」,https://ja.wikipedia.org/wiki/THE_IDOLM@STER_SHINY_COLORS,
シャイニー,幽谷霧子,白髪・銀髪、ツインテール,銀//ツインテール,Wikipediaの記述「ツインテールの銀髪にぐるぐる巻きの包帯が特徴」。髪の長さは記述なしのため未記入,https://ja.wikipedia.org/wiki/THE_IDOLM@STER_SHINY_COLORS,
シャイニー,市川雛菜,茶髪、ロングヘア、お団子ヘア、リボン,"茶/ロング/お団子,リボン",茶170/200、ロング127。萌娘百科は浅茶发・丸子头。片側のお団子が多い(single_side_bun 52),https://mzh.moegirl.org.cn/%E5%B8%82%E5%B7%9D%E9%9B%8F%E8%8F%9C (萌点・発色) ; https://safebooru.org/index.php?page=post&s=list&tags=ichikawa_hinana+solo (タグ集計),
シャイニー,有栖川夏葉,オレンジ髪、ロングヘア、ウェーブ、アホ毛,"オレンジ/ロング/ウェーブ,アホ毛",オレンジ121/茶29。萌娘百科は深橙发・长卷发・呆毛,https://mzh.moegirl.org.cn/%E6%9C%89%E6%A0%96%E5%B7%9D%E5%A4%8F%E5%8F%B6 (萌点・発色) ; https://safebooru.org/index.php?page=post&s=list&tags=arisugawa_natsuha+solo (タグ集計),
シャイニー,大崎甘奈,茶髪、ロングヘア、ストレートヘア,茶/ロング/ストレート,茶70/赤68で割れた。萌娘百科は红棕发・长直・偏分のため茶。固有の結い方は無し,https://mzh.moegirl.org.cn/%E5%A4%A7%E5%B4%8E%E7%94%98%E5%A5%88 (萌点・発色) ; https://safebooru.org/index.php?page=post&s=list&tags=osaki_amana+solo (タグ集計),
シャイニー,和泉愛依,茶髪、ロングヘア、髪色2色以上,茶/ロング/ツートン,茶107/金102でほぼ同数(multicolored 103、gradient 95)。金〜茶のグラデーション。萌娘百科は棕发・渐变色发。金とする見方もあり要目視,https://mzh.moegirl.org.cn/%E5%92%8C%E6%B3%89%E7%88%B1%E4%BE%9D (萌点・発色) ; https://safebooru.org/index.php?page=post&s=list&tags=izumi_mei+solo (タグ集計),
シャイニー,三峰結華,黒髪、ロングヘア、ツインテール,黒/ロング/ツインテール,黒185/200、ツインテール85。眼鏡あり,https://mzh.moegirl.org.cn/%E4%B8%89%E5%B3%B0%E7%BB%93%E5%8D%8E (萌点・発色) ; https://safebooru.org/index.php?page=post&s=list&tags=mitsumine_yuika+solo (タグ集計),
シャイニー,田中摩美々,紫髪、ロングヘア、ツインテール、ぱっつん前髪,"紫/ロング/ツインテール,ぱっつん",紫183/200。萌娘百科は紫发・双马尾。blunt_bangs 76,https://mzh.moegirl.org.cn/%E7%94%B0%E4%B8%AD%E6%91%A9%E7%BE%8E%E7%BE%8E (萌点・発色) ; https://safebooru.org/index.php?page=post&s=list&tags=tanaka_mamimi+solo (タグ集計),
シャイニー,大崎甜花,茶髪、ロングヘア、ストレートヘア、片目隠れ,"茶/ロング/ストレート,片目隠れ",茶130/169。萌娘百科は红棕发・长直・遮单眼发,https://mzh.moegirl.org.cn/%E5%A4%A7%E5%B4%8E%E7%94%9C%E8%8A%B1 (萌点・発色) ; https://safebooru.org/index.php?page=post&s=list&tags=osaki_tenka+solo (タグ集計),
シャイニー,黛冬優子,黒髪、ロングヘア、ツインテール、ぱっつん前髪、リボン,"黒/ロング/ツインテール,ぱっつん,リボン",黒172/200。萌娘百科は黑长直・披肩双马尾・平切发梢・齐刘海。two_side_up 97もあり、ツーサイドアップ寄りの可能性。要目視,https://mzh.moegirl.org.cn/%E9%BB%9B%E5%86%AC%E4%BC%98%E5%AD%90 (萌点・発色) ; https://safebooru.org/index.php?page=post&s=list&tags=mayuzumi_fuyuko+solo (タグ集計),
シャイニー,斑鳩ルカ,黒髪、ボブ〜ミディアムヘア、髪色2色以上,"黒/ミディアム/メッシュ,ツートン",黒188/金154でmulticolored 181。黒に金の内側メッシュ。ミディアム97/ショート29/ロング18,https://safebooru.org/index.php?page=post&s=list&tags=ikaruga_luca+solo (タグ集計),
シャイニー,風野灯織,黒髪、ロングヘア、ハーフアップ,黒/ロング/ハーフアップ,黒191/200。萌娘百科は黑发・半马尾・不对称鬓发。タグのponytail 72とも整合,https://mzh.moegirl.org.cn/%E9%A3%8E%E9%87%8E%E7%81%AF%E7%BB%87 (萌点・発色) ; https://safebooru.org/index.php?page=post&s=list&tags=kazano_hiori+solo (タグ集計),
シャイニー,西城樹里,金髪、ショートヘア,金/ショート/,金152/153、ショート141。萌娘百科も金发・短发。特記できる髪型語は無し(髪型は空),https://mzh.moegirl.org.cn/%E8%A5%BF%E5%9F%8E%E6%A0%91%E9%87%8C (萌点・発色) ; https://safebooru.org/index.php?page=post&s=list&tags=saijou_juri+solo (タグ集計),
シャイニー,白瀬咲耶,黒髪、ロングヘア、ポニーテール,黒/ロング/ポニーテール,黒173/200、ponytail113(high 60)。萌娘百科も黑发・高马尾,https://mzh.moegirl.org.cn/%E7%99%BD%E6%BF%91%E5%92%B2%E8%80%B6 (萌点・発色) ; https://safebooru.org/index.php?page=post&s=list&tags=shirase_sakuya+solo (タグ集計),
シャイニー,七草にちか,緑髪、ショートヘア、ボブ〜ミディアムヘア、リボン,"緑/ショート/ボブ,リボン",緑181/200。短100/長40(接发エクステで長く見える絵が混在)。萌娘百科は妹妹头・接发・蝴蝶结。要目視,https://mzh.moegirl.org.cn/%E4%B8%83%E8%8D%89%E6%97%A5%E8%8A%B1 (萌点・発色) ; https://safebooru.org/index.php?page=post&s=list&tags=nanakusa_nichika+solo (タグ集計),
シャイニー,月岡恋鐘,茶髪、ロングヘア、リボン,茶/ロング/リボン,茶190/200、ロング174、hair_bow 67。萌娘百科は褐发・兔耳蝴蝶结,https://mzh.moegirl.org.cn/%E6%9C%88%E5%86%88%E6%81%8B%E9%92%9F (萌点・発色) ; https://safebooru.org/index.php?page=post&s=list&tags=tsukioka_kogane+solo (タグ集計),
シャイニー,八宮めぐる,金髪、ロングヘア、ツインテール、アホ毛、ヘアピン,"金/ロング/ツインテール,アホ毛,ヘアピン",金182/200、低めツインテール(low 57)、ahoge123、hairclip75。萌娘百科は下双马尾・发夹・呆毛,https://mzh.moegirl.org.cn/%E5%85%AB%E5%AE%AB%E5%B7%A1 (萌点・発色) ; https://safebooru.org/index.php?page=post&s=list&tags=hachimiya_meguru+solo (タグ集計),
シャイニー,園田智代子,茶髪、ロングヘア、お団子ヘア,茶/ロング/お団子,茶186/200。萌娘百科は双丸子头。ツインテール97/お団子90で近接、着替え絵の混在あり。要目視,https://mzh.moegirl.org.cn/%E5%9B%AD%E7%94%B0%E6%99%BA%E4%BB%A3%E5%AD%90 (萌点・発色) ; https://safebooru.org/index.php?page=post&s=list&tags=sonoda_chiyoko+solo (タグ集計),
シャイニー,小宮果穂,赤髪、ロングヘア、アホ毛、跳ね毛,"赤/ロング/アホ毛,跳ね毛",赤44のみ他は小数(色タグの無い絵が多い)。萌娘百科は红发・呆毛。長148/200、ahoge132、flipped_hair18,https://mzh.moegirl.org.cn/%E5%B0%8F%E5%AE%AB%E6%9E%9C%E7%A9%97 (萌点・発色) ; https://safebooru.org/index.php?page=post&s=list&tags=komiya_kaho+solo (タグ集計),
シャイニー,浅倉透,青髪、ショートヘア、アホ毛、髪色2色以上,"青/ショート/アホ毛,メッシュ",青128/茶59/紫59/黒42で割れた。multicolored151・gradient133。萌娘百科は褐，青・内层挑染。黒〜濃紺に見える絵もあり要目視。ショート153,https://mzh.moegirl.org.cn/%E6%B5%85%E4%BB%93%E9%80%8F (萌点・発色) ; https://safebooru.org/index.php?page=post&s=list&tags=asakura_tooru+solo (タグ集計),
シャイニー,杜野凛世,黒髪、ボブ〜ミディアムヘア、髪飾り,黒/ミディアム/髪飾り,黒109/青(紺)82。萌娘百科は黑发・中长发・M形刘海。タグはショート95/ミディアム21で割れた(着替え絵のお団子67混在)。髪型は花の髪飾り。要目視,https://mzh.moegirl.org.cn/%E6%9D%9C%E9%87%8E%E5%87%9B%E4%B8%96 (萌点・発色) ; https://safebooru.org/index.php?page=post&s=list&tags=morino_rinze+solo (タグ集計),
シャイニー,樋口円香,茶髪、ショートヘア、ヘアピン,茶/ショート/ヘアピン,茶158/200、ショート142、hairclip116。萌娘百科は棕发・短发・发夹・斜刘海,https://mzh.moegirl.org.cn/%E6%A8%8B%E5%8F%A3%E5%9C%86%E9%A6%99 (萌点・発色) ; https://safebooru.org/index.php?page=post&s=list&tags=higuchi_madoka+solo (タグ集計),
シャイニー,芹沢あさひ,白髪・銀髪、ショートヘア,灰/ショート/,灰139/茶32。萌娘百科は亚麻发(淡い灰みの茶)。ショート133。髪型は固有語無し(萌娘百科は妹妹头=おかっぱ風)。要目視,https://mzh.moegirl.org.cn/%E8%8A%B9%E6%B3%BD%E6%9C%9D%E6%97%A5 (萌点・発色) ; https://safebooru.org/index.php?page=post&s=list&tags=serizawa_asahi+solo (タグ集計),
シャイニー,緋田美琴,茶髪、ロングヘア,茶/ロング/,タグ集計不可(safebooruに専用タグ無し)。萌娘百科は棕→灰绿发・渐变色发・接发。茶から灰緑のグラデーション。長さは長髪の記憶ベースで未確認。髪型語は不明,https://mzh.moegirl.org.cn/%E7%BB%AF%E7%94%B0%E7%BE%8E%E7%90%B4 (萌点・発色),
シャイニー,櫻木真乃,茶髪、ボブ〜ミディアムヘア、髪飾り,茶/ミディアム/髪飾り,茶131/淡茶62。ミディアム86/ロング36。萌娘百科は浅棕发・中长发,https://mzh.moegirl.org.cn/%E6%A8%B1%E6%9C%A8%E7%9C%9F%E4%B9%83 (萌点・発色) ; https://safebooru.org/index.php?page=post&s=list&tags=sakuragi_mano+solo (タグ集計),
シャイニー,鈴木羽那,青髪、ロングヘア、ストレートヘア、ヘアバンド,"青/ロング/ストレート,ヘアバンド",青133/159。ロング128、straight38、hairband32。萌娘百科は蓝发・长直・内层挑染,https://mzh.moegirl.org.cn/%E9%93%83%E6%9C%A8%E7%BE%BD%E9%82%A3 (萌点・発色) ; https://safebooru.org/index.php?page=post&s=list&tags=suzuki_hana+solo (タグ集計),
シャイニー,福丸小糸,黒髪、ロングヘア、ツインテール、髪飾り,"黒/ロング/ツインテール,髪飾り",黒146/青(紺)23。萌娘百科は蓝黑发・双马尾。長さはロング55/ミディアム47で接戦。要目視,https://mzh.moegirl.org.cn/%E7%A6%8F%E4%B8%B8%E5%B0%8F%E7%B3%B8 (萌点・発色) ; https://safebooru.org/index.php?page=post&s=list&tags=fukumaru_koito+solo (タグ集計),
シャイニー,郁田はるき,茶髪、ショートヘア、リボン,茶/ショート/リボン,茶72/ピンク20、ショート76。100件のみ。髪型はリボン13/ahoge7。萌娘百科は未掲載,https://safebooru.org/index.php?page=post&s=list&tags=ikuta_haruki+solo (タグ集計),
SideM,蒼井享介,オレンジ髪、ショートヘア、跳ね毛,オレンジ/ショート/跳ね毛,公式ではなく非公式 Wiki のアイコン画像(Idol File)を目視。顔アイコンのため長さ・髪型は大まか。悠介より赤みが強く赤との境目に迷う,https://sidem.miraheze.org/wiki/Idol_File,
SideM,蒼井悠介,オレンジ髪、ショートヘア、跳ね毛,オレンジ/ショート/跳ね毛,公式ではなく非公式 Wiki のアイコン画像(Idol File)を目視。顔アイコンのため長さ・髪型は大まか,https://sidem.miraheze.org/wiki/Idol_File,
SideM,紅井朱雀,赤髪、ショートヘア、逆立てた髪,赤/ショート/逆立て,公式ではなく非公式 Wiki のアイコン画像(Idol File)を目視。顔アイコンのため長さ・髪型は大まか。赤と黄のグラデーション気味。髪型にこだわりあり(pixiv百科事典),https://sidem.miraheze.org/wiki/Idol_File,
SideM,秋月涼,茶髪、ショートヘア、アホ毛,茶/ショート/アホ毛,pixiv百科事典: アホ毛の記述あり。色・長さはアイコン目視。濃い茶(黒との境目に迷う),https://dic.pixiv.net/a/%E7%A7%8B%E6%9C%88%E6%B6%BC,
SideM,秋山隼人,緑髪、ショートヘア、跳ね毛,緑/ショート/跳ね毛,公式ではなく非公式 Wiki のアイコン画像(Idol File)を目視。顔アイコンのため長さ・髪型は大まか,https://sidem.miraheze.org/wiki/Idol_File,
SideM,握野英雄,黒髪、ショートヘア、逆立てた髪,黒/ショート/逆立て,公式ではなく非公式 Wiki のアイコン画像(Idol File)を目視。顔アイコンのため長さ・髪型は大まか,https://sidem.miraheze.org/wiki/Idol_File,
SideM,アスランbbⅱ世,黒髪、ボブ〜ミディアムヘア、片目隠れ,黒/ミディアム/片目隠れ,公式ではなく非公式 Wiki のアイコン画像(Idol File)を目視。顔アイコンのため長さ・髪型は大まか。紫がかった黒,https://sidem.miraheze.org/wiki/Idol_File,
SideM,天ヶ瀬冬馬,茶髪、ショートヘア、跳ね毛、アホ毛,"茶/ショート/跳ね毛,アホ毛",公式ではなく非公式 Wiki のアイコン画像(Idol File)を目視。顔アイコンのため長さ・髪型は大まか。赤みのある茶。アホ毛は pixiv百科事典に言及あり,https://sidem.miraheze.org/wiki/Idol_File,
SideM,伊集院北斗,金髪、ボブ〜ミディアムヘア、ウェーブ,金/ミディアム/ウェーブ,公式ではなく非公式 Wiki のアイコン画像(Idol File)を目視。顔アイコンのため長さ・髪型は大まか。金髪は pixiv百科事典に記述あり(染めている)。長さは短め〜中間で迷う,https://sidem.miraheze.org/wiki/Idol_File,
SideM,伊瀬谷四季,黒髪、ボブ〜ミディアムヘア、ストレートヘア,黒/ミディアム/ストレート,公式ではなく非公式 Wiki のアイコン画像(Idol File)を目視。顔アイコンのため長さ・髪型は大まか。長さ自信低め,https://sidem.miraheze.org/wiki/Idol_File,
SideM,卯月巻緒,緑髪、ショートヘア、三つ編み・編み込み,緑/ショート/編み込み,pixiv百科事典: 明るい緑色の髪と左こめかみあたりの編み込み。長さはアイコン目視,https://dic.pixiv.net/a/%E5%8D%AF%E6%9C%88%E5%B7%BB%E7%B7%92,
SideM,円城寺道流,黒髪、ショートヘア、ストレートヘア,黒/ショート/ストレート,公式ではなく非公式 Wiki のアイコン画像(Idol File)を目視。顔アイコンのため長さ・髪型は大まか。バンダナ着用で髪の見える範囲が狭い。黒か濃い茶か迷う,https://sidem.miraheze.org/wiki/Idol_File,
SideM,岡村直央,黒髪、ショートヘア、アホ毛,黒/ショート/アホ毛,公式ではなく非公式 Wiki のアイコン画像(Idol File)を目視。顔アイコンのため長さ・髪型は大まか。アホ毛は pixiv百科事典の岡村直央の項に言及,https://sidem.miraheze.org/wiki/Idol_File,
SideM,神楽麗,黒髪、ボブ〜ミディアムヘア,黒/ミディアム/ボブ,公式ではなく非公式 Wiki のアイコン画像(Idol File)を目視。顔アイコンのため長さ・髪型は大まか,https://sidem.miraheze.org/wiki/Idol_File,
SideM,柏木翼,緑髪、ショートヘア、跳ね毛,緑/ショート/跳ね毛,公式ではなく非公式 Wiki のアイコン画像(Idol File)を目視。顔アイコンのため長さ・髪型は大まか。カーキ寄りの緑で茶との境目に迷う,https://sidem.miraheze.org/wiki/Idol_File,
SideM,兜大吾,ピンク髪、ショートヘア、逆立てた髪,ピンク/ショート/逆立て,公式ではなく非公式 Wiki のアイコン画像(Idol File)を目視。顔アイコンのため長さ・髪型は大まか,https://sidem.miraheze.org/wiki/Idol_File,
SideM,神谷幸広,茶髪、ショートヘア、ストレートヘア,茶/ショート/ストレート,公式ではなく非公式 Wiki のアイコン画像(Idol File)を目視。顔アイコンのため長さ・髪型は大まか。灰がかった茶,https://sidem.miraheze.org/wiki/Idol_File,
SideM,牙崎漣,白髪・銀髪、ボブ〜ミディアムヘア、跳ね毛,銀/ミディアム/跳ね毛,公式ではなく非公式 Wiki のアイコン画像(Idol File)を目視。顔アイコンのため長さ・髪型は大まか。銀髪は pixiv百科事典に記述あり(髪紐は衣装時)。長さ自信低め,https://sidem.miraheze.org/wiki/Idol_File,
SideM,北村想楽,ボブ〜ミディアムヘア、髪色2色以上,その他/ミディアム/ツートン,公式ではなく非公式 Wiki のアイコン画像(Idol File)を目視。顔アイコンのため長さ・髪型は大まか。白と黒のツートン(アイコン目視)。単色に収まらないため『その他』,https://sidem.miraheze.org/wiki/Idol_File,
SideM,木村龍,黒髪、ショートヘア、逆立てた髪,黒/ショート/逆立て,公式ではなく非公式 Wiki のアイコン画像(Idol File)を目視。顔アイコンのため長さ・髪型は大まか,https://sidem.miraheze.org/wiki/Idol_File,
SideM,清澄九郎,黒髪、ボブ〜ミディアムヘア、ストレートヘア,黒/ミディアム/ストレート,公式ではなく非公式 Wiki のアイコン画像(Idol File)を目視。顔アイコンのため長さ・髪型は大まか。緑がかった黒,https://sidem.miraheze.org/wiki/Idol_File,
SideM,葛之葉雨彦,水色の髪、ボブ〜ミディアムヘア、ストレートヘア,水色/ミディアム/ストレート,公式ではなく非公式 Wiki のアイコン画像(Idol File)を目視。顔アイコンのため長さ・髪型は大まか。銀との境目に迷う,https://sidem.miraheze.org/wiki/Idol_File,
SideM,黒野玄武,黒髪、ショートヘア、オールバック,黒/ショート/オールバック,公式ではなく非公式 Wiki のアイコン画像(Idol File)を目視。顔アイコンのため長さ・髪型は大まか,https://sidem.miraheze.org/wiki/Idol_File,
SideM,古論クリス,金髪、ロングヘア、ポニーテール,金/ロング/ポニーテール,pixiv百科事典: 金髪ポニテ。長さはアイコン目視,https://dic.pixiv.net/a/%E5%8F%A4%E8%AB%96%E3%82%AF%E3%83%AA%E3%82%B9,
SideM,榊夏来,白髪・銀髪、ボブ〜ミディアムヘア、片目隠れ,銀/ミディアム/前髪長め,公式ではなく非公式 Wiki のアイコン画像(Idol File)を目視。顔アイコンのため長さ・髪型は大まか。pixiv百科事典の山下次郎の項に銀髪組の記述,https://sidem.miraheze.org/wiki/Idol_File,
SideM,桜庭薫,黒髪、ショートヘア、片目隠れ,黒/ショート/前髪長め,公式ではなく非公式 Wiki のアイコン画像(Idol File)を目視。顔アイコンのため長さ・髪型は大まか。長さは耳にかかる程度,https://sidem.miraheze.org/wiki/Idol_File,
SideM,東雲荘一郎,黒髪、ショートヘア、ストレートヘア,黒/ショート/ストレート,公式ではなく非公式 Wiki のアイコン画像(Idol File)を目視。顔アイコンのため長さ・髪型は大まか,https://sidem.miraheze.org/wiki/Idol_File,
SideM,信玄誠司,茶髪、ショートヘア、逆立てた髪,茶/ショート/逆立て,公式ではなく非公式 Wiki のアイコン画像(Idol File)を目視。顔アイコンのため長さ・髪型は大まか。濃い茶,https://sidem.miraheze.org/wiki/Idol_File,
SideM,大河タケル,黒髪、ショートヘア、逆立てた髪,黒/ショート/逆立て,公式ではなく非公式 Wiki のアイコン画像(Idol File)を目視。顔アイコンのため長さ・髪型は大まか。青みのある黒,https://sidem.miraheze.org/wiki/Idol_File,
SideM,鷹城恭二,茶髪、ショートヘア、ストレートヘア,茶/ショート/ストレート,pixiv百科事典: 日常は濃いめの茶髪(衣装時のみ灰がかった黒髪)。長さ・髪型はアイコン目視,https://dic.pixiv.net/a/%E9%B7%B9%E5%9F%8E%E6%81%AD%E4%BA%8C,
SideM,橘志狼,茶髪、ショートヘア、逆立てた髪,茶/ショート/逆立て,公式ではなく非公式 Wiki のアイコン画像(Idol File)を目視。顔アイコンのため長さ・髪型は大まか,https://sidem.miraheze.org/wiki/Idol_File,
SideM,九十九一希,オレンジ髪、ボブ〜ミディアムヘア、片目隠れ,オレンジ/ミディアム/前髪長め,公式ではなく非公式 Wiki のアイコン画像(Idol File)を目視。顔アイコンのため長さ・髪型は大まか。長さ自信低め,https://sidem.miraheze.org/wiki/Idol_File,
SideM,都築圭,金髪、ロングヘア、ウェーブ,金/ロング/ウェーブ,公式ではなく非公式 Wiki のアイコン画像(Idol File)を目視。顔アイコンのため長さ・髪型は大まか。長さ・髪型は自信低め,https://sidem.miraheze.org/wiki/Idol_File,
SideM,天道輝,茶髪、ショートヘア、跳ね毛,茶/ショート/ツンツン,公式ではなく非公式 Wiki のアイコン画像(Idol File)を目視。顔アイコンのため長さ・髪型は大まか。赤みの茶,https://sidem.miraheze.org/wiki/Idol_File,
SideM,猫柳キリオ,ショートヘア、髪色2色以上,その他/ショート/ツートン,pixiv百科事典: 黄緑とピンクのヘアカラー(染めている)。単色に収まらないため『その他』。長さ・髪型はアイコン目視,https://dic.pixiv.net/a/%E7%8C%AB%E6%9F%B3%E3%82%AD%E3%83%AA%E3%82%AA,
SideM,硲道夫,白髪・銀髪、ショートヘア、ストレートヘア,銀/ショート/ストレート,公式ではなく非公式 Wiki のアイコン画像(Idol File)を目視。顔アイコンのため長さ・髪型は大まか。pixiv百科事典の山下次郎の項に銀髪組の記述,https://sidem.miraheze.org/wiki/Idol_File,
SideM,華村翔真,金髪、ロングヘア、ウェーブ,金/ロング/ウェーブ,pixiv百科事典(秋月涼の項) に髪の長い翔真との記述、金髪アイドルの記述あり。髪型はアイコン目視,https://dic.pixiv.net/a/%E8%8F%AF%E6%9D%91%E7%BF%94%E7%9C%9F,
SideM,姫野かのん,茶髪、ショートヘア、ボブ〜ミディアムヘア,茶/ショート/ボブ,公式ではなく非公式 Wiki のアイコン画像(Idol File)を目視。顔アイコンのため長さ・髪型は大まか。明るい茶,https://sidem.miraheze.org/wiki/Idol_File,
SideM,冬美旬,黒髪、ショートヘア、ストレートヘア,黒/ショート/ストレート,公式ではなく非公式 Wiki のアイコン画像(Idol File)を目視。顔アイコンのため長さ・髪型は大まか,https://sidem.miraheze.org/wiki/Idol_File,
SideM,舞田類,金髪、ショートヘア、跳ね毛,金/ショート/跳ね毛,公式ではなく非公式 Wiki のアイコン画像(Idol File)を目視。顔アイコンのため長さ・髪型は大まか,https://sidem.miraheze.org/wiki/Idol_File,
SideM,水嶋咲,茶髪、ショートヘア、ストレートヘア,茶/ショート/ストレート,通常(男性姿)は短髪(Wikipedia 登場人物)。ツインテールは女装時のウィッグ。色・髪型はアイコン(女装姿)目視で、標準姿の判断に迷う,https://sidem.miraheze.org/wiki/Idol_File,
SideM,御手洗翔太,緑髪、ショートヘア、跳ね毛、ヘアバンド,"緑/ショート/跳ね毛,ヘアバンド",公式ではなく非公式 Wiki のアイコン画像(Idol File)を目視。顔アイコンのため長さ・髪型は大まか。黄緑寄り(pixiv百科事典『髪色に合わせた黄緑色』),https://sidem.miraheze.org/wiki/Idol_File,
SideM,山下次郎,茶髪、ボブ〜ミディアムヘア、片目隠れ,茶/ミディアム/片目隠れ,pixiv百科事典: 普段は片目隠れ(右目)でステージでは前髪を分ける。色・長さはアイコン目視,https://dic.pixiv.net/a/%E5%B1%B1%E4%B8%8B%E6%AC%A1%E9%83%8E,
SideM,若里春名,オレンジ髪、ショートヘア、ヘアバンド,オレンジ/ショート/ヘアバンド,公式ではなく非公式 Wiki のアイコン画像(Idol File)を目視。顔アイコンのため長さ・髪型は大まか。茶との境目に迷う,https://sidem.miraheze.org/wiki/Idol_File,
SideM,渡辺みのり,茶髪、ボブ〜ミディアムヘア、ひとつ縛り,茶/ミディアム/一つ結び,pixiv百科事典: 普段は後ろで結わえた髪にヘアピン。色・長さはアイコン目視,https://dic.pixiv.net/a/%E6%B8%A1%E8%BE%BA%E3%81%BF%E3%81%AE%E3%82%8A,
SideM,天峰秀,青髪,青//,pixiv百科事典: 本人の髪色も青寄り。長さ・髪型は帽子を被った画像のため不明,https://dic.pixiv.net/a/%E5%A4%A9%E5%B3%B0%E7%A7%80,
SideM,花園百々人,金髪,金//,アイコン目視(帽子姿)。長さ・髪型は不明。淡い黄で金との境目に迷う,https://sidem.miraheze.org/wiki/Idol_File,
SideM,眉見鋭心,赤髪,赤//,アイコン目視(帽子姿)。長さ・髪型は不明。赤茶寄り,https://sidem.miraheze.org/wiki/Idol_File,
