# 配信・ラジオ系イベント (events.kind IN 'other','stream','radio') の削除。
# db/master.sql からは削除済み。CloudKit 側を消さないと日次 cron の再 export で復活する。
# 依存の深い順 (SetlistPerformer → SetlistItem / ShowCast → Show → Event)。
SetlistPerformer	setlist_performers-sh_L0001_0001-765as_天海春香
SetlistPerformer	setlist_performers-sh_L0001_0002-765as_如月千早
SetlistPerformer	setlist_performers-sh_L0001_0003-765as_天海春香
SetlistPerformer	setlist_performers-sh_L0001_0003-765as_如月千早
SetlistPerformer	setlist_performers-sh_L0009_0043-765as_天海春香
SetlistPerformer	setlist_performers-sh_L0009_0043-765as_如月千早
SetlistPerformer	setlist_performers-sh_L0009_0043-765as_萩原雪歩
SetlistPerformer	setlist_performers-sh_L0021_0113-765as_天海春香
SetlistPerformer	setlist_performers-sh_L0021_0113-765as_如月千早
SetlistPerformer	setlist_performers-sh_L0021_0113-765as_高槻やよい
SetlistPerformer	setlist_performers-sh_L0021_0114-765as_天海春香
SetlistPerformer	setlist_performers-sh_L0021_0114-765as_如月千早
SetlistPerformer	setlist_performers-sh_L0021_0114-765as_秋月律子
SetlistPerformer	setlist_performers-sh_L0021_0114-765as_菊地真
SetlistPerformer	setlist_performers-sh_L0021_0114-765as_高槻やよい
SetlistPerformer	setlist_performers-sh_L0025_0162-765as_天海春香
SetlistPerformer	setlist_performers-sh_L0025_0162-765as_如月千早
SetlistPerformer	setlist_performers-sh_L0025_0162-765as_高槻やよい
SetlistPerformer	setlist_performers-sh_L0025_0163-765as_天海春香
SetlistPerformer	setlist_performers-sh_L0025_0163-765as_如月千早
SetlistPerformer	setlist_performers-sh_L0025_0163-765as_高槻やよい
SetlistPerformer	setlist_performers-sh_L0025_0164-765as_天海春香
SetlistPerformer	setlist_performers-sh_L0025_0164-765as_如月千早
SetlistPerformer	setlist_performers-sh_L0025_0164-765as_高槻やよい
SetlistPerformer	setlist_performers-sh_L0026_0165-765as_天海春香
SetlistPerformer	setlist_performers-sh_L0026_0165-765as_如月千早
SetlistPerformer	setlist_performers-sh_L0026_0165-765as_高槻やよい
SetlistPerformer	setlist_performers-sh_L0026_0166-765as_天海春香
SetlistPerformer	setlist_performers-sh_L0026_0166-765as_如月千早
SetlistPerformer	setlist_performers-sh_L0026_0166-765as_高槻やよい
SetlistPerformer	setlist_performers-sh_L0026_0167-765as_天海春香
SetlistPerformer	setlist_performers-sh_L0026_0167-765as_如月千早
SetlistPerformer	setlist_performers-sh_L0026_0167-765as_高槻やよい
SetlistPerformer	setlist_performers-sh_L0041_0284-765as_我那覇響
SetlistPerformer	setlist_performers-sh_L0041_0285-765as_高槻やよい
SetlistPerformer	setlist_performers-sh_L0041_0286-765as_四条貴音
SetlistPerformer	setlist_performers-sh_L0041_0287-765as_天海春香
SetlistPerformer	setlist_performers-sh_L0041_0287-765as_星井美希
SetlistPerformer	setlist_performers-sh_L0041_0288-765as_四条貴音
SetlistPerformer	setlist_performers-sh_L0041_0288-765as_天海春香
SetlistPerformer	setlist_performers-sh_L0041_0288-765as_我那覇響
SetlistPerformer	setlist_performers-sh_L0041_0288-765as_星井美希
SetlistPerformer	setlist_performers-sh_L0041_0288-765as_高槻やよい
SetlistPerformer	setlist_performers-sh_L0044_0293-765as_双海亜美
SetlistPerformer	setlist_performers-sh_L0044_0293-765as_双海真美
SetlistPerformer	setlist_performers-sh_L0044_0293-765as_秋月律子
SetlistPerformer	setlist_performers-sh_L0044_0295-765as_双海亜美
SetlistPerformer	setlist_performers-sh_L0044_0295-765as_双海真美
SetlistPerformer	setlist_performers-sh_L0044_0295-765as_秋月律子
SetlistPerformer	setlist_performers-sh_L0044_294-765as_双海亜美
SetlistPerformer	setlist_performers-sh_L0044_294-765as_双海真美
SetlistPerformer	setlist_performers-sh_L0044_294-765as_秋月律子
SetlistPerformer	setlist_performers-sh_L0049_0328-765as_天海春香
SetlistPerformer	setlist_performers-sh_L0049_0328-765as_如月千早
SetlistPerformer	setlist_performers-sh_L0049_0329-765as_四条貴音
SetlistPerformer	setlist_performers-sh_L0049_0329-765as_高槻やよい
SetlistPerformer	setlist_performers-sh_L0049_0330-765as_我那覇響
SetlistPerformer	setlist_performers-sh_L0049_0330-765as_星井美希
SetlistPerformer	setlist_performers-sh_L0049_0331-765as_四条貴音
SetlistPerformer	setlist_performers-sh_L0049_0331-765as_如月千早
SetlistPerformer	setlist_performers-sh_L0049_0331-765as_我那覇響
SetlistPerformer	setlist_performers-sh_L0049_0332-765as_天海春香
SetlistPerformer	setlist_performers-sh_L0049_0332-765as_星井美希
SetlistPerformer	setlist_performers-sh_L0049_0332-765as_高槻やよい
SetlistPerformer	setlist_performers-sh_L0049_0333-765as_四条貴音
SetlistPerformer	setlist_performers-sh_L0049_0333-765as_天海春香
SetlistPerformer	setlist_performers-sh_L0049_0333-765as_如月千早
SetlistPerformer	setlist_performers-sh_L0049_0333-765as_我那覇響
SetlistPerformer	setlist_performers-sh_L0049_0333-765as_星井美希
SetlistPerformer	setlist_performers-sh_L0049_0333-765as_高槻やよい
SetlistPerformer	setlist_performers-sh_L0061_0452-765as_四条貴音
SetlistPerformer	setlist_performers-sh_L0061_0452-765as_天海春香
SetlistPerformer	setlist_performers-sh_L0061_0452-765as_秋月律子
SetlistPerformer	setlist_performers-sh_L0061_0452-765as_菊地真
SetlistPerformer	setlist_performers-sh_L0061_0453-765as_四条貴音
SetlistPerformer	setlist_performers-sh_L0061_0453-765as_天海春香
SetlistPerformer	setlist_performers-sh_L0061_0453-765as_秋月律子
SetlistPerformer	setlist_performers-sh_L0061_0453-765as_菊地真
SetlistPerformer	setlist_performers-sh_L0062_0457-765as_高槻やよい
SetlistPerformer	setlist_performers-sh_L0062_0458-765as_星井美希
SetlistPerformer	setlist_performers-sh_L0062_0459-765as_天海春香
SetlistPerformer	setlist_performers-sh_L0062_0460-765as_天海春香
SetlistPerformer	setlist_performers-sh_L0062_0460-765as_星井美希
SetlistPerformer	setlist_performers-sh_L0062_0460-765as_高槻やよい
SetlistPerformer	setlist_performers-sh_L0062_0461-765as_双海亜美
SetlistPerformer	setlist_performers-sh_L0062_0461-765as_双海真美
SetlistPerformer	setlist_performers-sh_L0062_0461-765as_天海春香
SetlistPerformer	setlist_performers-sh_L0062_0461-765as_星井美希
SetlistPerformer	setlist_performers-sh_L0062_0461-765as_高槻やよい
SetlistPerformer	setlist_performers-sh_L0062_454-765as_高槻やよい
SetlistPerformer	setlist_performers-sh_L0062_455-765as_星井美希
SetlistPerformer	setlist_performers-sh_L0062_456-765as_天海春香
SetlistPerformer	setlist_performers-sh_L0078_0607-765as_萩原雪歩
SetlistPerformer	setlist_performers-sh_L0078_0607-765as_高槻やよい
SetlistPerformer	setlist_performers-sh_L0078_0608-765as_双海亜美
SetlistPerformer	setlist_performers-sh_L0078_0608-765as_双海真美
SetlistPerformer	setlist_performers-sh_L0078_0608-765as_星井美希
SetlistPerformer	setlist_performers-sh_L0078_0609-765as_双海亜美
SetlistPerformer	setlist_performers-sh_L0078_0609-765as_双海真美
SetlistPerformer	setlist_performers-sh_L0078_0609-765as_星井美希
SetlistPerformer	setlist_performers-sh_L0078_0609-765as_萩原雪歩
SetlistPerformer	setlist_performers-sh_L0078_0609-765as_高槻やよい
SetlistPerformer	setlist_performers-sh_L0078_0610-765as_双海亜美
SetlistPerformer	setlist_performers-sh_L0078_0610-765as_双海真美
SetlistPerformer	setlist_performers-sh_L0078_0610-765as_星井美希
SetlistPerformer	setlist_performers-sh_L0078_0610-765as_萩原雪歩
SetlistPerformer	setlist_performers-sh_L0078_0610-765as_高槻やよい
SetlistPerformer	setlist_performers-sh_L0078_606-765as_双海亜美
SetlistPerformer	setlist_performers-sh_L0078_606-765as_双海真美
SetlistPerformer	setlist_performers-sh_L0078_606-765as_星井美希
SetlistPerformer	setlist_performers-sh_L0078_606-765as_高槻やよい
SetlistPerformer	setlist_performers-sh_L0089_0661-765as_四条貴音
SetlistPerformer	setlist_performers-sh_L0089_0661-765as_星井美希
SetlistPerformer	setlist_performers-sh_L0089_0661-765as_秋月律子
SetlistPerformer	setlist_performers-sh_L0089_0661-765as_萩原雪歩
SetlistPerformer	setlist_performers-sh_L0089_0662-765as_四条貴音
SetlistPerformer	setlist_performers-sh_L0089_0662-765as_星井美希
SetlistPerformer	setlist_performers-sh_L0089_0662-765as_秋月律子
SetlistPerformer	setlist_performers-sh_L0089_0662-765as_萩原雪歩
SetlistPerformer	setlist_performers-sh_L0092_0684-765as_双海亜美
SetlistPerformer	setlist_performers-sh_L0092_0684-765as_双海真美
SetlistPerformer	setlist_performers-sh_L0092_0684-765as_菊地真
SetlistPerformer	setlist_performers-sh_L0092_0685-765as_星井美希
SetlistPerformer	setlist_performers-sh_L0092_0685-765as_高槻やよい
SetlistPerformer	setlist_performers-sh_L0092_0686-765as_双海亜美
SetlistPerformer	setlist_performers-sh_L0092_0686-765as_双海真美
SetlistPerformer	setlist_performers-sh_L0092_0686-765as_星井美希
SetlistPerformer	setlist_performers-sh_L0092_0686-765as_菊地真
SetlistPerformer	setlist_performers-sh_L0092_0686-765as_高槻やよい
SetlistPerformer	setlist_performers-sh_L0092_0687-765as_双海亜美
SetlistPerformer	setlist_performers-sh_L0092_0687-765as_双海真美
SetlistPerformer	setlist_performers-sh_L0092_0687-765as_星井美希
SetlistPerformer	setlist_performers-sh_L0092_0687-765as_菊地真
SetlistPerformer	setlist_performers-sh_L0092_0687-765as_高槻やよい
SetlistPerformer	setlist_performers-sh_L0092_683-765as_双海亜美
SetlistPerformer	setlist_performers-sh_L0092_683-765as_双海真美
SetlistPerformer	setlist_performers-sh_L0092_683-765as_星井美希
SetlistPerformer	setlist_performers-sh_L0092_683-765as_菊地真
SetlistPerformer	setlist_performers-sh_L0092_683-765as_高槻やよい
SetlistPerformer	setlist_performers-sh_L0100_0794-765as_天海春香
SetlistPerformer	setlist_performers-sh_L0100_0794-765as_如月千早
SetlistPerformer	setlist_performers-sh_L0100_0795-765as_四条貴音
SetlistPerformer	setlist_performers-sh_L0100_0795-765as_菊地真
SetlistPerformer	setlist_performers-sh_L0100_0796-765as_四条貴音
SetlistPerformer	setlist_performers-sh_L0100_0796-765as_天海春香
SetlistPerformer	setlist_performers-sh_L0100_0796-765as_如月千早
SetlistPerformer	setlist_performers-sh_L0100_0796-765as_菊地真
SetlistPerformer	setlist_performers-sh_L0100_0797-765as_四条貴音
SetlistPerformer	setlist_performers-sh_L0100_0797-765as_天海春香
SetlistPerformer	setlist_performers-sh_L0100_0797-765as_如月千早
SetlistPerformer	setlist_performers-sh_L0100_0797-765as_菊地真
SetlistPerformer	setlist_performers-sh_L0111_0828-765as_四条貴音
SetlistPerformer	setlist_performers-sh_L0111_0828-765as_我那覇響
SetlistPerformer	setlist_performers-sh_L0111_0828-765as_萩原雪歩
SetlistPerformer	setlist_performers-sh_L0113_0834-cg_島村卯月
SetlistPerformer	setlist_performers-sh_L0113_0835-cg_城ヶ崎美嘉
SetlistPerformer	setlist_performers-sh_L0113_0836-cg_渋谷凛
SetlistPerformer	setlist_performers-sh_L0114_0837-765as_双海亜美
SetlistPerformer	setlist_performers-sh_L0114_0837-765as_双海真美
SetlistPerformer	setlist_performers-sh_L0114_0837-765as_天海春香
SetlistPerformer	setlist_performers-sh_L0114_0837-765as_星井美希
SetlistPerformer	setlist_performers-sh_L0114_0837-765as_秋月律子
SetlistPerformer	setlist_performers-sh_L0114_0837-765as_菊地真
SetlistPerformer	setlist_performers-sh_L0114_0838-765as_双海亜美
SetlistPerformer	setlist_performers-sh_L0114_0838-765as_双海真美
SetlistPerformer	setlist_performers-sh_L0114_0838-765as_天海春香
SetlistPerformer	setlist_performers-sh_L0114_0838-765as_星井美希
SetlistPerformer	setlist_performers-sh_L0114_0838-765as_秋月律子
SetlistPerformer	setlist_performers-sh_L0114_0838-765as_菊地真
SetlistPerformer	setlist_performers-sh_L0114_0839-765as_双海亜美
SetlistPerformer	setlist_performers-sh_L0114_0839-765as_双海真美
SetlistPerformer	setlist_performers-sh_L0114_0839-765as_天海春香
SetlistPerformer	setlist_performers-sh_L0114_0839-765as_星井美希
SetlistPerformer	setlist_performers-sh_L0114_0839-765as_秋月律子
SetlistPerformer	setlist_performers-sh_L0114_0839-765as_菊地真
SetlistPerformer	setlist_performers-sh_L0123_0927-765as_四条貴音
SetlistPerformer	setlist_performers-sh_L0123_0927-765as_星井美希
SetlistPerformer	setlist_performers-sh_L0123_0927-765as_秋月律子
SetlistPerformer	setlist_performers-sh_L0123_0927-765as_音無小鳥
SetlistPerformer	setlist_performers-sh_L0123_0928-765as_四条貴音
SetlistPerformer	setlist_performers-sh_L0123_0928-765as_星井美希
SetlistPerformer	setlist_performers-sh_L0123_0928-765as_秋月律子
SetlistPerformer	setlist_performers-sh_L0123_0928-765as_音無小鳥
SetlistPerformer	setlist_performers-sh_L0127_0934-765as_天海春香
SetlistPerformer	setlist_performers-sh_L0127_0935-765as_如月千早
SetlistPerformer	setlist_performers-sh_L0127_0936-cg_渋谷凛
SetlistPerformer	setlist_performers-sh_L0127_0937-cg_城ヶ崎美嘉
SetlistPerformer	setlist_performers-sh_L0127_0938-cg_島村卯月
SetlistPerformer	setlist_performers-sh_L0127_0939-765as_天海春香
SetlistPerformer	setlist_performers-sh_L0127_0939-765as_如月千早
SetlistPerformer	setlist_performers-sh_L0127_0940-765as_天海春香
SetlistPerformer	setlist_performers-sh_L0127_0940-765as_如月千早
SetlistPerformer	setlist_performers-sh_L0127_0940-cg_城ヶ崎美嘉
SetlistPerformer	setlist_performers-sh_L0127_0940-cg_島村卯月
SetlistPerformer	setlist_performers-sh_L0127_0940-cg_渋谷凛
SetlistPerformer	setlist_performers-sh_L0128_0941-cg_島村卯月
SetlistPerformer	setlist_performers-sh_L0128_0942-cg_城ヶ崎美嘉
SetlistPerformer	setlist_performers-sh_L0128_0943-cg_渋谷凛
SetlistPerformer	setlist_performers-sh_L0128_0944-765as_天海春香
SetlistPerformer	setlist_performers-sh_L0128_0945-765as_如月千早
SetlistPerformer	setlist_performers-sh_L0128_0946-cg_城ヶ崎美嘉
SetlistPerformer	setlist_performers-sh_L0128_0946-cg_島村卯月
SetlistPerformer	setlist_performers-sh_L0128_0946-cg_渋谷凛
SetlistPerformer	setlist_performers-sh_L0128_0947-765as_天海春香
SetlistPerformer	setlist_performers-sh_L0128_0947-765as_如月千早
SetlistPerformer	setlist_performers-sh_L0128_0947-cg_城ヶ崎美嘉
SetlistPerformer	setlist_performers-sh_L0128_0947-cg_島村卯月
SetlistPerformer	setlist_performers-sh_L0128_0947-cg_渋谷凛
SetlistPerformer	setlist_performers-sh_L0131_0954-765as_四条貴音
SetlistPerformer	setlist_performers-sh_L0131_0955-765as_高槻やよい
SetlistPerformer	setlist_performers-sh_L0131_0956-765as_天海春香
SetlistPerformer	setlist_performers-sh_L0131_0957-765as_秋月律子
SetlistPerformer	setlist_performers-sh_L0131_0958-765as_我那覇響
SetlistPerformer	setlist_performers-sh_L0131_0959-765as_星井美希
SetlistPerformer	setlist_performers-sh_L0131_0960-765as_四条貴音
SetlistPerformer	setlist_performers-sh_L0131_0960-765as_天海春香
SetlistPerformer	setlist_performers-sh_L0131_0960-765as_我那覇響
SetlistPerformer	setlist_performers-sh_L0131_0960-765as_星井美希
SetlistPerformer	setlist_performers-sh_L0131_0960-765as_秋月律子
SetlistPerformer	setlist_performers-sh_L0131_0960-765as_高槻やよい
SetlistPerformer	setlist_performers-sh_L0131_0961-765as_四条貴音
SetlistPerformer	setlist_performers-sh_L0131_0961-765as_天海春香
SetlistPerformer	setlist_performers-sh_L0131_0961-765as_我那覇響
SetlistPerformer	setlist_performers-sh_L0131_0961-765as_星井美希
SetlistPerformer	setlist_performers-sh_L0131_0961-765as_秋月律子
SetlistPerformer	setlist_performers-sh_L0131_0961-765as_高槻やよい
SetlistPerformer	setlist_performers-sh_L0182_1429-765as_我那覇響
SetlistPerformer	setlist_performers-sh_L0182_1429-765as_星井美希
SetlistPerformer	setlist_performers-sh_L0182_1429-765as_萩原雪歩
SetlistPerformer	setlist_performers-sh_L0197_1595-cg_城ヶ崎美嘉
SetlistPerformer	setlist_performers-sh_L0197_1595-cg_島村卯月
SetlistPerformer	setlist_performers-sh_L0197_1595-cg_星輝子
SetlistPerformer	setlist_performers-sh_L0197_1595-cg_渋谷凛
SetlistPerformer	setlist_performers-sh_L0197_1595-cg_神谷奈緒
SetlistPerformer	setlist_performers-sh_L0197_1595-cg_緒方智絵里
SetlistPerformer	setlist_performers-sh_L0197_1596-cg_島村卯月
SetlistPerformer	setlist_performers-sh_L0197_1597-cg_神谷奈緒
SetlistPerformer	setlist_performers-sh_L0197_1598-cg_城ヶ崎美嘉
SetlistPerformer	setlist_performers-sh_L0197_1599-cg_渋谷凛
SetlistPerformer	setlist_performers-sh_L0197_1600-cg_緒方智絵里
SetlistPerformer	setlist_performers-sh_L0197_1601-cg_星輝子
SetlistPerformer	setlist_performers-sh_L0197_1602-cg_城ヶ崎美嘉
SetlistPerformer	setlist_performers-sh_L0197_1602-cg_島村卯月
SetlistPerformer	setlist_performers-sh_L0197_1602-cg_渋谷凛
SetlistPerformer	setlist_performers-sh_L0197_1603-cg_城ヶ崎美嘉
SetlistPerformer	setlist_performers-sh_L0197_1603-cg_島村卯月
SetlistPerformer	setlist_performers-sh_L0197_1603-cg_星輝子
SetlistPerformer	setlist_performers-sh_L0197_1603-cg_渋谷凛
SetlistPerformer	setlist_performers-sh_L0197_1603-cg_神谷奈緒
SetlistPerformer	setlist_performers-sh_L0197_1603-cg_緒方智絵里
SetlistPerformer	setlist_performers-sh_L0257_2127-cg_渋谷凛
SetlistPerformer	setlist_performers-sh_L0257_2128-cg_城ヶ崎美嘉
SetlistPerformer	setlist_performers-sh_L0257_2129-cg_本田未央
SetlistPerformer	setlist_performers-sh_L0257_2130-cg_渋谷凛
SetlistPerformer	setlist_performers-sh_L0257_2131-cg_島村卯月
SetlistPerformer	setlist_performers-sh_L0257_2132-cg_上条春菜
SetlistPerformer	setlist_performers-sh_L0257_2132-cg_佐々木千枝
SetlistPerformer	setlist_performers-sh_L0257_2132-cg_城ヶ崎美嘉
SetlistPerformer	setlist_performers-sh_L0257_2132-cg_城ヶ崎莉嘉
SetlistPerformer	setlist_performers-sh_L0257_2132-cg_島村卯月
SetlistPerformer	setlist_performers-sh_L0257_2132-cg_本田未央
SetlistPerformer	setlist_performers-sh_L0257_2132-cg_渋谷凛
SetlistPerformer	setlist_performers-sh_L0257_2132-cg_片桐早苗
SetlistPerformer	setlist_performers-sh_L0257_2132-cg_赤城みりあ
SetlistPerformer	setlist_performers-sh_L0258_2133-cg_本田未央
SetlistPerformer	setlist_performers-sh_L0258_2134-cg_城ヶ崎美嘉
SetlistPerformer	setlist_performers-sh_L0258_2135-cg_島村卯月
SetlistPerformer	setlist_performers-sh_L0258_2136-cg_渋谷凛
SetlistPerformer	setlist_performers-sh_L0258_2137-cg_城ヶ崎美嘉
SetlistPerformer	setlist_performers-sh_L0258_2137-cg_城ヶ崎莉嘉
SetlistPerformer	setlist_performers-sh_L0258_2137-cg_堀裕子
SetlistPerformer	setlist_performers-sh_L0258_2137-cg_島村卯月
SetlistPerformer	setlist_performers-sh_L0258_2137-cg_本田未央
SetlistPerformer	setlist_performers-sh_L0258_2137-cg_渋谷凛
SetlistPerformer	setlist_performers-sh_L0258_2137-cg_白坂小梅
SetlistPerformer	setlist_performers-sh_L0258_2137-cg_赤城みりあ
SetlistPerformer	setlist_performers-sh_L0258_2137-cg_高森藍子
SetlistPerformer	setlist_performers-sh_L0341_3030-765as_我那覇響
SetlistPerformer	setlist_performers-sh_L0341_3031-765as_萩原雪歩
SetlistPerformer	setlist_performers-sh_L0341_3032-765as_四条貴音
SetlistPerformer	setlist_performers-sh_L0341_3033-765as_四条貴音
SetlistPerformer	setlist_performers-sh_L0341_3033-765as_我那覇響
SetlistPerformer	setlist_performers-sh_L0341_3033-765as_萩原雪歩
SetlistPerformer	setlist_performers-sh_L0341_3034-765as_四条貴音
SetlistPerformer	setlist_performers-sh_L0341_3034-765as_我那覇響
SetlistPerformer	setlist_performers-sh_L0341_3034-765as_萩原雪歩
SetlistPerformer	setlist_performers-sh_L0342_3035-765as_萩原雪歩
SetlistPerformer	setlist_performers-sh_L0342_3036-765as_我那覇響
SetlistPerformer	setlist_performers-sh_L0342_3037-765as_四条貴音
SetlistPerformer	setlist_performers-sh_L0342_3038-765as_四条貴音
SetlistPerformer	setlist_performers-sh_L0342_3038-765as_我那覇響
SetlistPerformer	setlist_performers-sh_L0342_3038-765as_萩原雪歩
SetlistPerformer	setlist_performers-sh_L0342_3039-765as_四条貴音
SetlistPerformer	setlist_performers-sh_L0342_3039-765as_我那覇響
SetlistPerformer	setlist_performers-sh_L0342_3039-765as_萩原雪歩
SetlistPerformer	setlist_performers-sh_L0633_5598-765as_我那覇響
SetlistPerformer	setlist_performers-sh_L0633_5598-sc_八宮めぐる
SetlistPerformer	setlist_performers-sh_L0683_6049-sidem_九十九一希
SetlistPerformer	setlist_performers-sh_L0683_6049-sidem_兜大吾
SetlistPerformer	setlist_performers-sh_L0683_6049-sidem_天道輝
SetlistPerformer	setlist_performers-sh_L0683_6049-sidem_神楽麗
SetlistPerformer	setlist_performers-sh_L0683_6049-sidem_秋月涼
SetlistPerformer	setlist_performers-sh_L0683_6049-sidem_紅井朱雀
SetlistPerformer	setlist_performers-sh_L0683_6049-sidem_都築圭
SetlistPerformer	setlist_performers-sh_L0683_6049-sidem_黒野玄武
SetlistPerformer	setlist_performers-sh_L0683_6050-sidem_神楽麗
SetlistPerformer	setlist_performers-sh_L0683_6050-sidem_都築圭
SetlistPerformer	setlist_performers-sh_L0683_6051-sidem_紅井朱雀
SetlistPerformer	setlist_performers-sh_L0683_6051-sidem_黒野玄武
SetlistPerformer	setlist_performers-sh_L0683_6052-sidem_九十九一希
SetlistPerformer	setlist_performers-sh_L0683_6052-sidem_兜大吾
SetlistPerformer	setlist_performers-sh_L0683_6052-sidem_秋月涼
SetlistPerformer	setlist_performers-sh_L0683_6053-sidem_九十九一希
SetlistPerformer	setlist_performers-sh_L0683_6053-sidem_兜大吾
SetlistPerformer	setlist_performers-sh_L0683_6053-sidem_天道輝
SetlistPerformer	setlist_performers-sh_L0683_6053-sidem_神楽麗
SetlistPerformer	setlist_performers-sh_L0683_6053-sidem_秋月涼
SetlistPerformer	setlist_performers-sh_L0683_6053-sidem_紅井朱雀
SetlistPerformer	setlist_performers-sh_L0683_6053-sidem_都築圭
SetlistPerformer	setlist_performers-sh_L0683_6053-sidem_黒野玄武
SetlistPerformer	setlist_performers-sh_L0684_6054-sidem_九十九一希
SetlistPerformer	setlist_performers-sh_L0684_6054-sidem_兜大吾
SetlistPerformer	setlist_performers-sh_L0684_6054-sidem_天道輝
SetlistPerformer	setlist_performers-sh_L0684_6054-sidem_神楽麗
SetlistPerformer	setlist_performers-sh_L0684_6054-sidem_秋月涼
SetlistPerformer	setlist_performers-sh_L0684_6054-sidem_紅井朱雀
SetlistPerformer	setlist_performers-sh_L0684_6054-sidem_都築圭
SetlistPerformer	setlist_performers-sh_L0684_6054-sidem_黒野玄武
SetlistPerformer	setlist_performers-sh_L0684_6055-sidem_神楽麗
SetlistPerformer	setlist_performers-sh_L0684_6055-sidem_都築圭
SetlistPerformer	setlist_performers-sh_L0684_6056-sidem_紅井朱雀
SetlistPerformer	setlist_performers-sh_L0684_6056-sidem_黒野玄武
SetlistPerformer	setlist_performers-sh_L0684_6057-sidem_九十九一希
SetlistPerformer	setlist_performers-sh_L0684_6057-sidem_兜大吾
SetlistPerformer	setlist_performers-sh_L0684_6057-sidem_秋月涼
SetlistPerformer	setlist_performers-sh_L0684_6058-sidem_九十九一希
SetlistPerformer	setlist_performers-sh_L0684_6058-sidem_兜大吾
SetlistPerformer	setlist_performers-sh_L0684_6058-sidem_天道輝
SetlistPerformer	setlist_performers-sh_L0684_6058-sidem_神楽麗
SetlistPerformer	setlist_performers-sh_L0684_6058-sidem_秋月涼
SetlistPerformer	setlist_performers-sh_L0684_6058-sidem_紅井朱雀
SetlistPerformer	setlist_performers-sh_L0684_6058-sidem_都築圭
SetlistPerformer	setlist_performers-sh_L0684_6058-sidem_黒野玄武
SetlistPerformer	setlist_performers-sh_L0824D_7883-876_灯里愛夏
SetlistPerformer	setlist_performers-sh_L0831_7999-876_灯里愛夏
SetlistPerformer	setlist_performers-sh_L0831_8000-876_灯里愛夏
SetlistPerformer	setlist_performers-sh_L0831_8001-876_灯里愛夏
SetlistPerformer	setlist_performers-sh_L0831_8002-876_灯里愛夏
SetlistPerformer	setlist_performers-sh_L0831_8003-876_灯里愛夏
SetlistPerformer	setlist_performers-sh_L0831_8004-876_灯里愛夏
SetlistPerformer	setlist_performers-sh_L0831_8005-876_灯里愛夏
SetlistPerformer	setlist_performers-sh_L0832_8006-876_サラ_レトラ_オリヴェイラ_ウタガワ
SetlistPerformer	setlist_performers-sh_L0832_8007-876_サラ_レトラ_オリヴェイラ_ウタガワ
SetlistPerformer	setlist_performers-sh_L0832_8008-876_サラ_レトラ_オリヴェイラ_ウタガワ
SetlistPerformer	setlist_performers-sh_L0832_8009-876_サラ_レトラ_オリヴェイラ_ウタガワ
SetlistPerformer	setlist_performers-sh_L0832_8010-876_サラ_レトラ_オリヴェイラ_ウタガワ
SetlistPerformer	setlist_performers-sh_L0832_8011-876_サラ_レトラ_オリヴェイラ_ウタガワ
SetlistPerformer	setlist_performers-sh_L0832_8012-876_サラ_レトラ_オリヴェイラ_ウタガワ
SetlistPerformer	setlist_performers-sh_L0833_8013-876_上水流宇宙
SetlistPerformer	setlist_performers-sh_L0833_8014-876_上水流宇宙
SetlistPerformer	setlist_performers-sh_L0833_8015-876_上水流宇宙
SetlistPerformer	setlist_performers-sh_L0833_8016-876_上水流宇宙
SetlistPerformer	setlist_performers-sh_L0833_8017-876_上水流宇宙
SetlistPerformer	setlist_performers-sh_L0833_8018-876_上水流宇宙
SetlistPerformer	setlist_performers-sh_L0833_8019-876_上水流宇宙
SetlistPerformer	setlist_performers-sh_L0838_8095-876_上水流宇宙
SetlistPerformer	setlist_performers-sh_L0838_8096-876_サラ_レトラ_オリヴェイラ_ウタガワ
SetlistPerformer	setlist_performers-sh_L0838_8097-876_灯里愛夏
SetlistPerformer	setlist_performers-sh_L0842A_8178-876_上水流宇宙
SetlistPerformer	setlist_performers-sh_L0843_8179-876_サラ_レトラ_オリヴェイラ_ウタガワ
SetlistPerformer	setlist_performers-sh_L0843_8180-876_上水流宇宙
SetlistPerformer	setlist_performers-sh_L0843_8181-876_灯里愛夏
SetlistPerformer	setlist_performers-sh_L0843_8182-876_灯里愛夏
SetlistPerformer	setlist_performers-sh_L0845_8187-876_上水流宇宙
SetlistPerformer	setlist_performers-sh_L0845_8188-876_上水流宇宙
SetlistPerformer	setlist_performers-sh_L0845_8189-876_上水流宇宙
SetlistPerformer	setlist_performers-sh_L0845_8190-876_上水流宇宙
SetlistPerformer	setlist_performers-sh_L0845_8191-876_上水流宇宙
SetlistPerformer	setlist_performers-sh_L0845_8192-876_上水流宇宙
SetlistPerformer	setlist_performers-sh_L0852_8395-876_サラ_レトラ_オリヴェイラ_ウタガワ
SetlistPerformer	setlist_performers-sh_L0852_8396-876_サラ_レトラ_オリヴェイラ_ウタガワ
SetlistPerformer	setlist_performers-sh_L0852_8397-876_サラ_レトラ_オリヴェイラ_ウタガワ
SetlistPerformer	setlist_performers-sh_L0852_8398-876_サラ_レトラ_オリヴェイラ_ウタガワ
SetlistPerformer	setlist_performers-sh_L0852_8399-876_サラ_レトラ_オリヴェイラ_ウタガワ
SetlistPerformer	setlist_performers-sh_L0852_8400-876_サラ_レトラ_オリヴェイラ_ウタガワ
SetlistPerformer	setlist_performers-sh_L0852_8400-876_上水流宇宙
SetlistPerformer	setlist_performers-sh_L0852_8400-876_灯里愛夏
SetlistPerformer	setlist_performers-sh_L0852_8401-876_サラ_レトラ_オリヴェイラ_ウタガワ
SetlistPerformer	setlist_performers-sh_L0852_8402-876_サラ_レトラ_オリヴェイラ_ウタガワ
SetlistPerformer	setlist_performers-sh_L0852_8403-876_サラ_レトラ_オリヴェイラ_ウタガワ
SetlistPerformer	setlist_performers-sh_L0852_8404-876_サラ_レトラ_オリヴェイラ_ウタガワ
SetlistPerformer	setlist_performers-sh_L0852_8405-876_サラ_レトラ_オリヴェイラ_ウタガワ
SetlistPerformer	setlist_performers-sh_L0852_8406-876_サラ_レトラ_オリヴェイラ_ウタガワ
SetlistPerformer	setlist_performers-sh_L0861_8510-876_灯里愛夏
SetlistPerformer	setlist_performers-sh_L0861_8511-876_灯里愛夏
SetlistPerformer	setlist_performers-sh_L0862_8512-876_サラ_レトラ_オリヴェイラ_ウタガワ
SetlistPerformer	setlist_performers-sh_L0862_8513-876_サラ_レトラ_オリヴェイラ_ウタガワ
SetlistPerformer	setlist_performers-sh_L0863A_8517-876_サラ_レトラ_オリヴェイラ_ウタガワ
SetlistPerformer	setlist_performers-sh_L0863A_8517-876_上水流宇宙
SetlistPerformer	setlist_performers-sh_L0863A_8517-876_灯里愛夏
SetlistPerformer	setlist_performers-sh_L0863_8514-876_上水流宇宙
SetlistPerformer	setlist_performers-sh_L0863_8515-876_上水流宇宙
SetlistPerformer	setlist_performers-sh_L0863_8516-876_上水流宇宙
SetlistPerformer	setlist_performers-sh_L0867_8625-876_サラ_レトラ_オリヴェイラ_ウタガワ
SetlistPerformer	setlist_performers-sh_L0867_8626-876_サラ_レトラ_オリヴェイラ_ウタガワ
SetlistPerformer	setlist_performers-sh_L0867_8627-876_サラ_レトラ_オリヴェイラ_ウタガワ
SetlistPerformer	setlist_performers-sh_L0867_8628-876_サラ_レトラ_オリヴェイラ_ウタガワ
SetlistPerformer	setlist_performers-sh_L0867_8629-876_サラ_レトラ_オリヴェイラ_ウタガワ
SetlistPerformer	setlist_performers-sh_L0867_8630-876_サラ_レトラ_オリヴェイラ_ウタガワ
SetlistPerformer	setlist_performers-sh_L0868_8631-876_上水流宇宙
SetlistPerformer	setlist_performers-sh_L0868_8632-876_上水流宇宙
SetlistPerformer	setlist_performers-sh_L0868_8633-876_上水流宇宙
SetlistPerformer	setlist_performers-sh_L0868_8634-876_上水流宇宙
SetlistPerformer	setlist_performers-sh_L0868_8635-876_上水流宇宙
SetlistPerformer	setlist_performers-sh_L0868_8636-876_上水流宇宙
SetlistPerformer	setlist_performers-sh_L0869C_8663-876_灯里愛夏
SetlistPerformer	setlist_performers-sh_L0869C_8664-876_サラ_レトラ_オリヴェイラ_ウタガワ
SetlistPerformer	setlist_performers-sh_L0869C_8665-876_上水流宇宙
SetlistPerformer	setlist_performers-sh_L0869_8637-876_灯里愛夏
SetlistPerformer	setlist_performers-sh_L0869_8638-876_灯里愛夏
SetlistPerformer	setlist_performers-sh_L0869_8639-876_灯里愛夏
SetlistPerformer	setlist_performers-sh_L0869_8640-876_灯里愛夏
SetlistPerformer	setlist_performers-sh_L0869_8641-876_灯里愛夏
SetlistPerformer	setlist_performers-sh_L0869_8642-876_灯里愛夏
SetlistPerformer	setlist_performers-sh_L0881_8743-876_サラ_レトラ_オリヴェイラ_ウタガワ
SetlistPerformer	setlist_performers-sh_L0881_8744-876_サラ_レトラ_オリヴェイラ_ウタガワ
SetlistPerformer	setlist_performers-sh_L0881_8745-876_サラ_レトラ_オリヴェイラ_ウタガワ
SetlistPerformer	setlist_performers-sh_L0881_8746-876_サラ_レトラ_オリヴェイラ_ウタガワ
SetlistPerformer	setlist_performers-sh_L0882_8747-876_灯里愛夏
SetlistPerformer	setlist_performers-sh_L0882_8748-876_灯里愛夏
SetlistPerformer	setlist_performers-sh_L0882_8749-876_灯里愛夏
SetlistPerformer	setlist_performers-sh_L0882_8750-876_灯里愛夏
SetlistPerformer	setlist_performers-sh_L0882_8751-876_灯里愛夏
SetlistPerformer	setlist_performers-sh_L0882_8752-876_灯里愛夏
SetlistPerformer	setlist_performers-sh_L0883_8753-876_上水流宇宙
SetlistPerformer	setlist_performers-sh_L0883_8754-876_上水流宇宙
SetlistPerformer	setlist_performers-sh_L0883_8755-876_上水流宇宙
SetlistPerformer	setlist_performers-sh_L0883_8756-876_上水流宇宙
SetlistPerformer	setlist_performers-sh_L0896_9009-cg_高垣楓
SetlistPerformer	setlist_performers-sh_L0896_9010-cg_高垣楓
SetlistPerformer	setlist_performers-sh_L0917_9340-876_灯里愛夏
SetlistPerformer	setlist_performers-sh_L0917_9341-876_灯里愛夏
SetlistPerformer	setlist_performers-sh_L0917_9342-876_灯里愛夏
SetlistPerformer	setlist_performers-sh_L0917_9343-876_灯里愛夏
SetlistPerformer	setlist_performers-sh_L0917_9344-876_サラ_レトラ_オリヴェイラ_ウタガワ
SetlistPerformer	setlist_performers-sh_L0917_9344-876_上水流宇宙
SetlistPerformer	setlist_performers-sh_L0917_9344-876_灯里愛夏
SetlistPerformer	setlist_performers-sh_L0917_9345-876_灯里愛夏
SetlistPerformer	setlist_performers-sh_L0935_9599-876_灯里愛夏
SetlistPerformer	setlist_performers-sh_L0935_9603-876_灯里愛夏
SetlistPerformer	setlist_performers-sh_L0935_9604-876_灯里愛夏
SetlistPerformer	setlist_performers-sh_L0935_9612-876_灯里愛夏
SetlistPerformer	setlist_performers-sh_L0935_9613-876_灯里愛夏
SetlistPerformer	setlist_performers-sh_L0935_9614-876_灯里愛夏
SetlistPerformer	setlist_performers-sh_L0936_9606-876_上水流宇宙
SetlistPerformer	setlist_performers-sh_L0936_9608-876_上水流宇宙
SetlistPerformer	setlist_performers-sh_L0936_9610-876_上水流宇宙
SetlistPerformer	setlist_performers-sh_L0936_9617-876_上水流宇宙
SetlistPerformer	setlist_performers-sh_L0936_9619-876_上水流宇宙
SetlistPerformer	setlist_performers-sh_L0936_9621-876_上水流宇宙
SetlistPerformer	setlist_performers-sh_L0937_9613-876_サラ_レトラ_オリヴェイラ_ウタガワ
SetlistPerformer	setlist_performers-sh_L0937_9615-876_サラ_レトラ_オリヴェイラ_ウタガワ
SetlistPerformer	setlist_performers-sh_L0937_9616-876_サラ_レトラ_オリヴェイラ_ウタガワ
SetlistPerformer	setlist_performers-sh_L0937_9623-876_サラ_レトラ_オリヴェイラ_ウタガワ
SetlistPerformer	setlist_performers-sh_L0937_9624-876_サラ_レトラ_オリヴェイラ_ウタガワ
SetlistPerformer	setlist_performers-sh_L0937_9626-876_サラ_レトラ_オリヴェイラ_ウタガワ
SetlistPerformer	setlist_performers-sh_L0941_9648-876_灯里愛夏
SetlistPerformer	setlist_performers-sh_L0949_9686-876_サラ_レトラ_オリヴェイラ_ウタガワ
SetlistPerformer	setlist_performers-sh_L0950_9687-876_上水流宇宙
SetlistPerformer	setlist_performers-sh_L0950_9688-876_上水流宇宙
SetlistPerformer	setlist_performers-sh_L0950_9689-876_上水流宇宙
SetlistPerformer	setlist_performers-sh_L0950_9690-876_上水流宇宙
SetlistPerformer	setlist_performers-sh_L0950_9691-876_上水流宇宙
SetlistPerformer	setlist_performers-sh_L0950_9692-876_上水流宇宙
SetlistPerformer	setlist_performers-sh_L0950_9693-876_上水流宇宙
SetlistPerformer	setlist_performers-sh_L0950_9694-876_上水流宇宙
SetlistPerformer	setlist_performers-sh_L0950_9695-876_上水流宇宙
SetlistPerformer	setlist_performers-sh_L0950_9696-876_上水流宇宙
SetlistPerformer	setlist_performers-sh_L0950_9697-876_上水流宇宙
SetlistPerformer	setlist_performers-sh_L0950_9698-876_上水流宇宙
SetlistPerformer	setlist_performers-sh_L0950_9699-876_上水流宇宙
SetlistPerformer	setlist_performers-sh_L0950_9700-876_上水流宇宙
SetlistPerformer	setlist_performers-sh_L0950_9701-876_上水流宇宙
SetlistPerformer	setlist_performers-sh_L0950_9702-876_上水流宇宙
SetlistPerformer	setlist_performers-sh_L0950_9703-876_サラ_レトラ_オリヴェイラ_ウタガワ
SetlistPerformer	setlist_performers-sh_L0950_9703-876_上水流宇宙
SetlistPerformer	setlist_performers-sh_L0950_9703-876_灯里愛夏
SetlistPerformer	setlist_performers-sh_L0950_9704-876_上水流宇宙
SetlistPerformer	setlist_performers-sh_L0955_9793-876_サラ_レトラ_オリヴェイラ_ウタガワ
SetlistPerformer	setlist_performers-sh_L0955_9793-876_上水流宇宙
SetlistPerformer	setlist_performers-sh_L0955_9793-876_灯里愛夏
SetlistPerformer	setlist_performers-sh_L0955_9795-876_灯里愛夏
SetlistPerformer	setlist_performers-sh_L0955_9796-876_上水流宇宙
SetlistPerformer	setlist_performers-sh_L0955_9797-876_灯里愛夏
SetlistPerformer	setlist_performers-sh_L0955_9798-876_上水流宇宙
SetlistPerformer	setlist_performers-sh_L0955_9799-876_サラ_レトラ_オリヴェイラ_ウタガワ
SetlistPerformer	setlist_performers-sh_L0955_9800-876_サラ_レトラ_オリヴェイラ_ウタガワ
SetlistPerformer	setlist_performers-sh_L0955_9800-876_上水流宇宙
SetlistPerformer	setlist_performers-sh_L0955_9800-876_灯里愛夏
SetlistPerformer	setlist_performers-sh_L0955_9806-876_サラ_レトラ_オリヴェイラ_ウタガワ
SetlistPerformer	setlist_performers-sh_L0956_9801-876_サラ_レトラ_オリヴェイラ_ウタガワ
SetlistPerformer	setlist_performers-sh_L0956_9801-876_上水流宇宙
SetlistPerformer	setlist_performers-sh_L0956_9801-876_灯里愛夏
SetlistPerformer	setlist_performers-sh_L0956_9802-876_灯里愛夏
SetlistPerformer	setlist_performers-sh_L0956_9803-876_上水流宇宙
SetlistPerformer	setlist_performers-sh_L0956_9804-876_サラ_レトラ_オリヴェイラ_ウタガワ
SetlistPerformer	setlist_performers-sh_L0956_9805-876_灯里愛夏
SetlistPerformer	setlist_performers-sh_L0956_9806-876_上水流宇宙
SetlistPerformer	setlist_performers-sh_L0956_9807-876_サラ_レトラ_オリヴェイラ_ウタガワ
SetlistPerformer	setlist_performers-sh_L0956_9808-876_サラ_レトラ_オリヴェイラ_ウタガワ
SetlistPerformer	setlist_performers-sh_L0956_9808-876_上水流宇宙
SetlistPerformer	setlist_performers-sh_L0956_9808-876_灯里愛夏
SetlistPerformer	setlist_performers-sh_L0971_9984-876_灯里愛夏
SetlistPerformer	setlist_performers-sh_L0971_9991-876_灯里愛夏
SetlistPerformer	setlist_performers-sh_L0971_9992-876_灯里愛夏
SetlistPerformer	setlist_performers-sh_L0971_9994-876_灯里愛夏
SetlistPerformer	setlist_performers-sh_L0972_10001-876_上水流宇宙
SetlistPerformer	setlist_performers-sh_L0972_9990-876_上水流宇宙
SetlistPerformer	setlist_performers-sh_L0972_9997-876_上水流宇宙
SetlistPerformer	setlist_performers-sh_L0972_9999-876_上水流宇宙
SetlistPerformer	setlist_performers-sh_L0973_10004-876_サラ_レトラ_オリヴェイラ_ウタガワ
SetlistPerformer	setlist_performers-sh_L0973_10006-876_サラ_レトラ_オリヴェイラ_ウタガワ
SetlistPerformer	setlist_performers-sh_L0973_10008-876_サラ_レトラ_オリヴェイラ_ウタガワ
SetlistPerformer	setlist_performers-sh_L0973_9991-876_サラ_レトラ_オリヴェイラ_ウタガワ
SetlistPerformer	setlist_performers-sh_L0977_10017-876_サラ_レトラ_オリヴェイラ_ウタガワ
SetlistPerformer	setlist_performers-sh_L0977_10018-876_サラ_レトラ_オリヴェイラ_ウタガワ
SetlistPerformer	setlist_performers-sh_L0977_10018-876_上水流宇宙
SetlistPerformer	setlist_performers-sh_L0977_10018-876_灯里愛夏
SetlistPerformer	setlist_performers-sh_L0977_10019-876_サラ_レトラ_オリヴェイラ_ウタガワ
SetlistPerformer	setlist_performers-sh_L0977_10020-876_サラ_レトラ_オリヴェイラ_ウタガワ
SetlistPerformer	setlist_performers-sh_L0977_10027-876_サラ_レトラ_オリヴェイラ_ウタガワ
SetlistPerformer	setlist_performers-sh_L0977_10028-876_サラ_レトラ_オリヴェイラ_ウタガワ
SetlistPerformer	setlist_performers-sh_L1005_10221-876_上水流宇宙
SetlistPerformer	setlist_performers-sh_L1005_10222-876_上水流宇宙
SetlistPerformer	setlist_performers-sh_L1005_10223-876_上水流宇宙
SetlistPerformer	setlist_performers-sh_L1005_10224-876_上水流宇宙
SetlistPerformer	setlist_performers-sh_L1005_10225-876_上水流宇宙
SetlistPerformer	setlist_performers-sh_L1006_10226-876_灯里愛夏
SetlistPerformer	setlist_performers-sh_L1006_10227-876_灯里愛夏
SetlistPerformer	setlist_performers-sh_L1006_10228-876_灯里愛夏
SetlistPerformer	setlist_performers-sh_L1006_10229-876_灯里愛夏
SetlistPerformer	setlist_performers-sh_L1006_10230-876_灯里愛夏
SetlistPerformer	setlist_performers-sh_L1007_10231-876_サラ_レトラ_オリヴェイラ_ウタガワ
SetlistPerformer	setlist_performers-sh_L1007_10232-876_サラ_レトラ_オリヴェイラ_ウタガワ
SetlistPerformer	setlist_performers-sh_L1007_10233-876_サラ_レトラ_オリヴェイラ_ウタガワ
SetlistPerformer	setlist_performers-sh_L1007_10234-876_サラ_レトラ_オリヴェイラ_ウタガワ
SetlistPerformer	setlist_performers-sh_L1007_10235-876_サラ_レトラ_オリヴェイラ_ウタガワ
SetlistPerformer	setlist_performers-sh_L1024_10402-876_サラ_レトラ_オリヴェイラ_ウタガワ
SetlistPerformer	setlist_performers-sh_L1024_10403-876_サラ_レトラ_オリヴェイラ_ウタガワ
SetlistPerformer	setlist_performers-sh_L1024_10405-876_サラ_レトラ_オリヴェイラ_ウタガワ
SetlistPerformer	setlist_performers-sh_L1024_10406-876_サラ_レトラ_オリヴェイラ_ウタガワ
SetlistPerformer	setlist_performers-sh_L1024_10416-876_サラ_レトラ_オリヴェイラ_ウタガワ
SetlistPerformer	setlist_performers-sh_L1024_10419-876_サラ_レトラ_オリヴェイラ_ウタガワ
SetlistPerformer	setlist_performers-sh_L1039_10511-876_サラ_レトラ_オリヴェイラ_ウタガワ
SetlistPerformer	setlist_performers-sh_L1039_10512-876_サラ_レトラ_オリヴェイラ_ウタガワ
SetlistPerformer	setlist_performers-sh_L1039_10519-876_サラ_レトラ_オリヴェイラ_ウタガワ
SetlistPerformer	setlist_performers-sh_L1039_10520-876_サラ_レトラ_オリヴェイラ_ウタガワ
SetlistPerformer	setlist_performers-sh_L1039_10521-876_サラ_レトラ_オリヴェイラ_ウタガワ
SetlistPerformer	setlist_performers-sh_L1039_10522-876_サラ_レトラ_オリヴェイラ_ウタガワ
SetlistPerformer	setlist_performers-sh_L1040_10514-876_灯里愛夏
SetlistPerformer	setlist_performers-sh_L1040_10515-876_灯里愛夏
SetlistPerformer	setlist_performers-sh_L1040_10517-876_灯里愛夏
SetlistPerformer	setlist_performers-sh_L1040_10518-876_灯里愛夏
SetlistPerformer	setlist_performers-sh_L1040_10525-876_灯里愛夏
SetlistPerformer	setlist_performers-sh_L1040_10528-876_灯里愛夏
SetlistPerformer	setlist_performers-sh_L1041_10521-876_上水流宇宙
SetlistPerformer	setlist_performers-sh_L1041_10522-876_上水流宇宙
SetlistPerformer	setlist_performers-sh_L1041_10524-876_上水流宇宙
SetlistPerformer	setlist_performers-sh_L1041_10531-876_上水流宇宙
SetlistPerformer	setlist_performers-sh_L1041_10532-876_上水流宇宙
SetlistPerformer	setlist_performers-sh_L1041_10535-876_上水流宇宙
SetlistPerformer	setlist_performers-sh_L1053_10676-876_サラ_レトラ_オリヴェイラ_ウタガワ
SetlistPerformer	setlist_performers-sh_L1053_10676-876_上水流宇宙
SetlistPerformer	setlist_performers-sh_L1053_10676-876_灯里愛夏
SetlistPerformer	setlist_performers-sh_L1057_10693-876_上水流宇宙
SetlistPerformer	setlist_performers-sh_L1057_10695-876_上水流宇宙
SetlistPerformer	setlist_performers-sh_L1057_10696-876_上水流宇宙
SetlistPerformer	setlist_performers-sh_L1057_10697-876_上水流宇宙
SetlistPerformer	setlist_performers-sh_L1057_10706-876_上水流宇宙
SetlistPerformer	setlist_performers-sh_L1063_10744-876_サラ_レトラ_オリヴェイラ_ウタガワ
SetlistPerformer	setlist_performers-sh_L1063_10745-876_サラ_レトラ_オリヴェイラ_ウタガワ
SetlistPerformer	setlist_performers-sh_L1063_10746-876_サラ_レトラ_オリヴェイラ_ウタガワ
SetlistPerformer	setlist_performers-sh_L1063_10752-876_サラ_レトラ_オリヴェイラ_ウタガワ
SetlistPerformer	setlist_performers-sh_L1063_10753-876_サラ_レトラ_オリヴェイラ_ウタガワ
SetlistPerformer	setlist_performers-sh_L1063_10754-876_サラ_レトラ_オリヴェイラ_ウタガワ
SetlistPerformer	setlist_performers-sh_L1071_10899-876_灯里愛夏
SetlistPerformer	setlist_performers-sh_L1071_10901-876_灯里愛夏
SetlistPerformer	setlist_performers-sh_L1071_10903-876_灯里愛夏
SetlistPerformer	setlist_performers-sh_L1071_10912-876_灯里愛夏
SetlistPerformer	setlist_performers-sh_L1071_10914-876_灯里愛夏
SetlistPerformer	setlist_performers-sh_L1073_10938-876_サラ_レトラ_オリヴェイラ_ウタガワ
SetlistPerformer	setlist_performers-sh_L1073_10938-876_上水流宇宙
SetlistPerformer	setlist_performers-sh_L1073_10938-876_灯里愛夏
SetlistPerformer	setlist_performers-sh_L1073_10951-876_サラ_レトラ_オリヴェイラ_ウタガワ
SetlistPerformer	setlist_performers-sh_L1073_10951-876_上水流宇宙
SetlistPerformer	setlist_performers-sh_L1073_10951-876_灯里愛夏
SetlistPerformer	setlist_performers-sh_L1077_11000-876_サラ_レトラ_オリヴェイラ_ウタガワ
SetlistPerformer	setlist_performers-sh_L1077_11001-876_サラ_レトラ_オリヴェイラ_ウタガワ
SetlistPerformer	setlist_performers-sh_L1077_11003-876_サラ_レトラ_オリヴェイラ_ウタガワ
SetlistPerformer	setlist_performers-sh_L1077_11004-876_サラ_レトラ_オリヴェイラ_ウタガワ
SetlistPerformer	setlist_performers-sh_L1077_11005-876_サラ_レトラ_オリヴェイラ_ウタガワ
SetlistPerformer	setlist_performers-sh_L1077_11006-876_サラ_レトラ_オリヴェイラ_ウタガワ
SetlistPerformer	setlist_performers-sh_L1078_10997-876_サラ_レトラ_オリヴェイラ_ウタガワ
SetlistPerformer	setlist_performers-sh_L1078_10998-876_サラ_レトラ_オリヴェイラ_ウタガワ
SetlistPerformer	setlist_performers-sh_L1078_10999-876_サラ_レトラ_オリヴェイラ_ウタガワ
SetlistPerformer	setlist_performers-sh_L1078_11000-876_サラ_レトラ_オリヴェイラ_ウタガワ
SetlistPerformer	setlist_performers-sh_L1078_11001-876_サラ_レトラ_オリヴェイラ_ウタガワ
SetlistPerformer	setlist_performers-sh_L1078_11007-876_サラ_レトラ_オリヴェイラ_ウタガワ
SetlistPerformer	setlist_performers-sh_L1078_11008-876_サラ_レトラ_オリヴェイラ_ウタガワ
SetlistPerformer	setlist_performers-sh_L1090_11199-876_上水流宇宙
SetlistPerformer	setlist_performers-sh_L1090_11210-876_上水流宇宙
SetlistPerformer	setlist_performers-sh_L1096_11281-gakuen_紫雲清夏
SetlistPerformer	setlist_performers-sh_L1096_11282-gakuen_有村麻央
SetlistPerformer	setlist_performers-sh_L1096_11282-gakuen_葛城リーリヤ
SetlistPerformer	setlist_performers-sh_L1096_11283-gakuen_有村麻央
SetlistPerformer	setlist_performers-sh_L1096_11283-gakuen_紫雲清夏
SetlistPerformer	setlist_performers-sh_L1096_11283-gakuen_葛城リーリヤ
SetlistPerformer	setlist_performers-sh_L1096_11284-gakuen_有村麻央
SetlistPerformer	setlist_performers-sh_L1096_11284-gakuen_紫雲清夏
SetlistPerformer	setlist_performers-sh_L1096_11284-gakuen_葛城リーリヤ
SetlistPerformer	setlist_performers-sh_L1098_11291-gakuen_姫崎莉波
SetlistPerformer	setlist_performers-sh_L1098_11292-gakuen_倉本千奈
SetlistPerformer	setlist_performers-sh_L1098_11292-gakuen_篠澤広
SetlistPerformer	setlist_performers-sh_L1098_11293-gakuen_倉本千奈
SetlistPerformer	setlist_performers-sh_L1098_11293-gakuen_姫崎莉波
SetlistPerformer	setlist_performers-sh_L1098_11293-gakuen_篠澤広
SetlistPerformer	setlist_performers-sh_L1098_11294-gakuen_倉本千奈
SetlistPerformer	setlist_performers-sh_L1098_11294-gakuen_姫崎莉波
SetlistPerformer	setlist_performers-sh_L1098_11294-gakuen_篠澤広
SetlistPerformer	setlist_performers-sh_L1102_11341-876_サラ_レトラ_オリヴェイラ_ウタガワ
SetlistPerformer	setlist_performers-sh_L1102_11342-876_サラ_レトラ_オリヴェイラ_ウタガワ
SetlistPerformer	setlist_performers-sh_L1102_11344-876_サラ_レトラ_オリヴェイラ_ウタガワ
SetlistPerformer	setlist_performers-sh_L1102_11346-876_サラ_レトラ_オリヴェイラ_ウタガワ
SetlistPerformer	setlist_performers-sh_L1102_11347-876_サラ_レトラ_オリヴェイラ_ウタガワ
SetlistPerformer	setlist_performers-sh_L1116_11652-876_上水流宇宙
SetlistPerformer	setlist_performers-sh_L1116_11669-876_上水流宇宙
SetlistPerformer	setlist_performers-sh_L1118_11664-876_上水流宇宙
SetlistPerformer	setlist_performers-sh_L1118_11665-876_上水流宇宙
SetlistPerformer	setlist_performers-sh_L1118_11666-876_上水流宇宙
SetlistPerformer	setlist_performers-sh_L1118_11667-876_上水流宇宙
SetlistPerformer	setlist_performers-sh_L1118_11668-876_上水流宇宙
SetlistPerformer	setlist_performers-sh_L1118_11669-876_上水流宇宙
SetlistPerformer	setlist_performers-sh_L1123_11726-876_灯里愛夏
SetlistPerformer	setlist_performers-sh_L1123_11727-876_灯里愛夏
SetlistPerformer	setlist_performers-sh_L1123_11728-876_灯里愛夏
SetlistPerformer	setlist_performers-sh_L1123_11729-876_灯里愛夏
SetlistPerformer	setlist_performers-sh_L1123_11730-876_灯里愛夏
SetlistPerformer	setlist_performers-sh_L1123_11731-876_灯里愛夏
SetlistPerformer	setlist_performers-sh_L1124_11732-876_上水流宇宙
SetlistPerformer	setlist_performers-sh_L1124_11733-876_上水流宇宙
SetlistPerformer	setlist_performers-sh_L1124_11734-876_上水流宇宙
SetlistPerformer	setlist_performers-sh_L1124_11735-876_上水流宇宙
SetlistPerformer	setlist_performers-sh_L1124_11736-876_上水流宇宙
SetlistPerformer	setlist_performers-sh_L1124_11737-876_上水流宇宙
SetlistPerformer	setlist_performers-sh_L1125_11738-876_サラ_レトラ_オリヴェイラ_ウタガワ
SetlistPerformer	setlist_performers-sh_L1125_11739-876_サラ_レトラ_オリヴェイラ_ウタガワ
SetlistPerformer	setlist_performers-sh_L1125_11740-876_サラ_レトラ_オリヴェイラ_ウタガワ
SetlistPerformer	setlist_performers-sh_L1125_11741-876_サラ_レトラ_オリヴェイラ_ウタガワ
SetlistPerformer	setlist_performers-sh_L1125_11742-876_サラ_レトラ_オリヴェイラ_ウタガワ
SetlistPerformer	setlist_performers-sh_L1125_11743-876_サラ_レトラ_オリヴェイラ_ウタガワ
SetlistPerformer	setlist_performers-sh_L1128_11768-876_上水流宇宙
SetlistPerformer	setlist_performers-sh_L1128_11770-876_上水流宇宙
SetlistPerformer	setlist_performers-sh_L1128_11781-876_上水流宇宙
SetlistPerformer	setlist_performers-sh_L1132_11781-876_上水流宇宙
SetlistPerformer	setlist_performers-sh_L1132_11782-876_上水流宇宙
SetlistPerformer	setlist_performers-sh_L1132_11784-876_上水流宇宙
SetlistPerformer	setlist_performers-sh_L1132_11785-876_上水流宇宙
SetlistPerformer	setlist_performers-sh_L1132_11795-876_上水流宇宙
SetlistPerformer	setlist_performers-sh_L1135_11827-876_上水流宇宙
SetlistPerformer	setlist_performers-sh_L1135_11828-876_上水流宇宙
SetlistPerformer	setlist_performers-sh_L1135_11829-876_上水流宇宙
SetlistPerformer	setlist_performers-sh_L1135_11830-876_上水流宇宙
SetlistPerformer	setlist_performers-sh_L1135_11831-876_上水流宇宙
SetlistPerformer	setlist_performers-sh_L1135_11832-876_上水流宇宙
SetlistPerformer	setlist_performers-sh_L1137_11871-876_サラ_レトラ_オリヴェイラ_ウタガワ
SetlistPerformer	setlist_performers-sh_L1137_11874-876_サラ_レトラ_オリヴェイラ_ウタガワ
SetlistPerformer	setlist_performers-sh_L1137_11876-876_サラ_レトラ_オリヴェイラ_ウタガワ
SetlistPerformer	setlist_performers-sh_L1137_11881-876_サラ_レトラ_オリヴェイラ_ウタガワ
SetlistPerformer	setlist_performers-sh_L1137_11882-876_サラ_レトラ_オリヴェイラ_ウタガワ
SetlistPerformer	setlist_performers-sh_L1137_11884-876_サラ_レトラ_オリヴェイラ_ウタガワ
SetlistPerformer	setlist_performers-sh_L1137_11885-876_サラ_レトラ_オリヴェイラ_ウタガワ
SetlistPerformer	setlist_performers-sh_L1137_11887-876_サラ_レトラ_オリヴェイラ_ウタガワ
SetlistPerformer	setlist_performers-sh_L1140_11927-876_サラ_レトラ_オリヴェイラ_ウタガワ
SetlistPerformer	setlist_performers-sh_L1140_11928-876_サラ_レトラ_オリヴェイラ_ウタガワ
SetlistPerformer	setlist_performers-sh_L1140_11929-876_サラ_レトラ_オリヴェイラ_ウタガワ
SetlistPerformer	setlist_performers-sh_L1140_11930-876_サラ_レトラ_オリヴェイラ_ウタガワ
SetlistPerformer	setlist_performers-sh_L1140_11931-876_サラ_レトラ_オリヴェイラ_ウタガワ
SetlistPerformer	setlist_performers-sh_L1140_11932-876_サラ_レトラ_オリヴェイラ_ウタガワ
SetlistPerformer	setlist_performers-sh_L1140_11933-876_サラ_レトラ_オリヴェイラ_ウタガワ
SetlistPerformer	setlist_performers-sh_L1140_11934-876_サラ_レトラ_オリヴェイラ_ウタガワ
SetlistPerformer	setlist_performers-sh_L1140_11935-876_サラ_レトラ_オリヴェイラ_ウタガワ
SetlistPerformer	setlist_performers-sh_L1140_11936-876_サラ_レトラ_オリヴェイラ_ウタガワ
SetlistPerformer	setlist_performers-sh_L1140_11937-876_サラ_レトラ_オリヴェイラ_ウタガワ
SetlistPerformer	setlist_performers-sh_L1140_11938-876_サラ_レトラ_オリヴェイラ_ウタガワ
SetlistPerformer	setlist_performers-sh_L1140_11940-876_サラ_レトラ_オリヴェイラ_ウタガワ
SetlistPerformer	setlist_performers-sh_L1140_11942-876_サラ_レトラ_オリヴェイラ_ウタガワ
SetlistPerformer	setlist_performers-sh_L1140_11943-876_サラ_レトラ_オリヴェイラ_ウタガワ
SetlistPerformer	setlist_performers-sh_L1140_11944-876_サラ_レトラ_オリヴェイラ_ウタガワ
SetlistPerformer	setlist_performers-sh_L1140_11945-876_サラ_レトラ_オリヴェイラ_ウタガワ
SetlistPerformer	setlist_performers-sh_L1140_11947-876_サラ_レトラ_オリヴェイラ_ウタガワ
SetlistPerformer	setlist_performers-sh_L1140_11948-876_サラ_レトラ_オリヴェイラ_ウタガワ
SetlistPerformer	setlist_performers-sh_L1140_11949-876_サラ_レトラ_オリヴェイラ_ウタガワ
SetlistPerformer	setlist_performers-sh_L1141_11938-876_サラ_レトラ_オリヴェイラ_ウタガワ
SetlistPerformer	setlist_performers-sh_L1141_11939-876_サラ_レトラ_オリヴェイラ_ウタガワ
SetlistPerformer	setlist_performers-sh_L1141_11940-876_サラ_レトラ_オリヴェイラ_ウタガワ
SetlistPerformer	setlist_performers-sh_L1141_11943-876_サラ_レトラ_オリヴェイラ_ウタガワ
SetlistPerformer	setlist_performers-sh_L1141_11945-876_サラ_レトラ_オリヴェイラ_ウタガワ
SetlistPerformer	setlist_performers-sh_L1141_11953-876_サラ_レトラ_オリヴェイラ_ウタガワ
SetlistPerformer	setlist_performers-sh_L1141_11954-876_サラ_レトラ_オリヴェイラ_ウタガワ
SetlistPerformer	setlist_performers-sh_L1148_11990-876_上水流宇宙
SetlistPerformer	setlist_performers-sh_L1152_12089-876_上水流宇宙
SetlistPerformer	setlist_performers-sh_L1152_12090-876_上水流宇宙
SetlistPerformer	setlist_performers-sh_L1157_12119-876_サラ_レトラ_オリヴェイラ_ウタガワ
SetlistPerformer	setlist_performers-sh_L1157_12123-876_サラ_レトラ_オリヴェイラ_ウタガワ
SetlistPerformer	setlist_performers-sh_L1157_12124-876_サラ_レトラ_オリヴェイラ_ウタガワ
SetlistPerformer	setlist_performers-sh_L1157_12129-876_サラ_レトラ_オリヴェイラ_ウタガワ
SetlistPerformer	setlist_performers-sh_L1157_12130-876_サラ_レトラ_オリヴェイラ_ウタガワ
SetlistPerformer	setlist_performers-sh_L1157_12132-876_サラ_レトラ_オリヴェイラ_ウタガワ
SetlistPerformer	setlist_performers-sh_L1157_12133-876_サラ_レトラ_オリヴェイラ_ウタガワ
SetlistPerformer	setlist_performers-sh_L1157_12134-876_サラ_レトラ_オリヴェイラ_ウタガワ
SetlistPerformer	setlist_performers-sh_L1160_12160-876_上水流宇宙
SetlistPerformer	setlist_performers-sh_L1160_12162-876_上水流宇宙
SetlistPerformer	setlist_performers-sh_L1160_12163-876_上水流宇宙
SetlistPerformer	setlist_performers-sh_L1160_12171-876_上水流宇宙
SetlistPerformer	setlist_performers-sh_L1160_12173-876_上水流宇宙
SetlistPerformer	setlist_performers-sh_L1172_12373-876_サラ_レトラ_オリヴェイラ_ウタガワ
SetlistPerformer	setlist_performers-sh_L1172_12374-876_サラ_レトラ_オリヴェイラ_ウタガワ
SetlistPerformer	setlist_performers-sh_L1172_12375-876_サラ_レトラ_オリヴェイラ_ウタガワ
SetlistPerformer	setlist_performers-sh_L1172_12376-876_サラ_レトラ_オリヴェイラ_ウタガワ
SetlistPerformer	setlist_performers-sh_L1172_12377-876_サラ_レトラ_オリヴェイラ_ウタガワ
SetlistPerformer	setlist_performers-sh_L1178_12459-876_サラ_レトラ_オリヴェイラ_ウタガワ
SetlistPerformer	setlist_performers-sh_L1178_12460-876_サラ_レトラ_オリヴェイラ_ウタガワ
SetlistPerformer	setlist_performers-sh_L1178_12468-876_サラ_レトラ_オリヴェイラ_ウタガワ
SetlistPerformer	setlist_performers-sh_L1178_12469-876_サラ_レトラ_オリヴェイラ_ウタガワ
SetlistPerformer	setlist_performers-sh_L1178_12470-876_サラ_レトラ_オリヴェイラ_ウタガワ
SetlistPerformer	setlist_performers-sh_L1184B_12573-876_サラ_レトラ_オリヴェイラ_ウタガワ
SetlistPerformer	setlist_performers-sh_L1184B_12574-876_サラ_レトラ_オリヴェイラ_ウタガワ
SetlistPerformer	setlist_performers-sh_L1184B_12583-876_サラ_レトラ_オリヴェイラ_ウタガワ
SetlistPerformer	setlist_performers-sh_L1187_12586-876_サラ_レトラ_オリヴェイラ_ウタガワ
SetlistPerformer	setlist_performers-sh_L1187_12586-876_上水流宇宙
SetlistPerformer	setlist_performers-sh_L1187_12586-876_灯里愛夏
SetlistPerformer	setlist_performers-sh_L1187_12587-876_サラ_レトラ_オリヴェイラ_ウタガワ
SetlistPerformer	setlist_performers-sh_L1187_12587-876_上水流宇宙
SetlistPerformer	setlist_performers-sh_L1187_12587-876_灯里愛夏
SetlistPerformer	setlist_performers-sh_L1191_12669-876_サラ_レトラ_オリヴェイラ_ウタガワ
SetlistPerformer	setlist_performers-sh_L1191_12670-876_サラ_レトラ_オリヴェイラ_ウタガワ
SetlistPerformer	setlist_performers-sh_L1191_12671-876_サラ_レトラ_オリヴェイラ_ウタガワ
SetlistPerformer	setlist_performers-sh_L1191_12672-876_サラ_レトラ_オリヴェイラ_ウタガワ
SetlistPerformer	setlist_performers-sh_L1191_12685-876_サラ_レトラ_オリヴェイラ_ウタガワ
SetlistPerformer	setlist_performers-sh_L1191_12686-876_サラ_レトラ_オリヴェイラ_ウタガワ
SetlistPerformer	setlist_performers-sh_L1214_13032-876_上水流宇宙
SetlistPerformer	setlist_performers-sh_L1214_13034-876_上水流宇宙
SetlistPerformer	setlist_performers-sh_L1214_13035-876_上水流宇宙
SetlistPerformer	setlist_performers-sh_L1214_13036-876_上水流宇宙
SetlistPerformer	setlist_performers-sh_L1214_13037-876_上水流宇宙
SetlistPerformer	setlist_performers-sh_L1214_13038-876_上水流宇宙
SetlistPerformer	setlist_performers-sh_L1214_13045-876_上水流宇宙
SetlistPerformer	setlist_performers-sh_L1222_13095-876_灯里愛夏
SetlistPerformer	setlist_performers-sh_L1222_13096-876_灯里愛夏
SetlistPerformer	setlist_performers-sh_L1224_13103-876_上水流宇宙
SetlistPerformer	setlist_performers-sh_L1224_13105-876_上水流宇宙
SetlistPerformer	setlist_performers-sh_L1224_13113-876_上水流宇宙
SetlistPerformer	setlist_performers-sh_L1224_13114-876_上水流宇宙
SetlistPerformer	setlist_performers-sh_L1224_13116-876_上水流宇宙
SetlistPerformer	setlist_performers-sh_L1227_13152-876_上水流宇宙
SetlistPerformer	setlist_performers-sh_L1227_13153-876_上水流宇宙
SetlistPerformer	setlist_performers-sh_L1227_13154-876_上水流宇宙
SetlistPerformer	setlist_performers-sh_L1227_13155-876_上水流宇宙
SetlistPerformer	setlist_performers-sh_L1227_13157-876_上水流宇宙
SetlistPerformer	setlist_performers-sh_L1227_13158-876_上水流宇宙
SetlistPerformer	setlist_performers-sh_L1227_13159-876_上水流宇宙
SetlistPerformer	setlist_performers-sh_L1227_13168-876_上水流宇宙
SetlistPerformer	setlist_performers-sh_L1234_13184-876_サラ_レトラ_オリヴェイラ_ウタガワ
SetlistPerformer	setlist_performers-sh_L1234_13186-876_サラ_レトラ_オリヴェイラ_ウタガワ
SetlistPerformer	setlist_performers-sh_L1234_13187-876_サラ_レトラ_オリヴェイラ_ウタガワ
SetlistPerformer	setlist_performers-sh_L1234_13188-876_サラ_レトラ_オリヴェイラ_ウタガワ
SetlistPerformer	setlist_performers-sh_L1234_13189-876_サラ_レトラ_オリヴェイラ_ウタガワ
SetlistPerformer	setlist_performers-sh_L1234_13190-876_サラ_レトラ_オリヴェイラ_ウタガワ
SetlistPerformer	setlist_performers-sh_L1234_13197-876_サラ_レトラ_オリヴェイラ_ウタガワ
SetlistItem	sh_L0001_0001
SetlistItem	sh_L0001_0002
SetlistItem	sh_L0001_0003
SetlistItem	sh_L0009_0043
SetlistItem	sh_L0021_0113
SetlistItem	sh_L0021_0114
SetlistItem	sh_L0025_0162
SetlistItem	sh_L0025_0163
SetlistItem	sh_L0025_0164
SetlistItem	sh_L0026_0165
SetlistItem	sh_L0026_0166
SetlistItem	sh_L0026_0167
SetlistItem	sh_L0041_0284
SetlistItem	sh_L0041_0285
SetlistItem	sh_L0041_0286
SetlistItem	sh_L0041_0287
SetlistItem	sh_L0041_0288
SetlistItem	sh_L0044_0293
SetlistItem	sh_L0044_0295
SetlistItem	sh_L0044_294
SetlistItem	sh_L0049_0328
SetlistItem	sh_L0049_0329
SetlistItem	sh_L0049_0330
SetlistItem	sh_L0049_0331
SetlistItem	sh_L0049_0332
SetlistItem	sh_L0049_0333
SetlistItem	sh_L0061_0452
SetlistItem	sh_L0061_0453
SetlistItem	sh_L0062_0457
SetlistItem	sh_L0062_0458
SetlistItem	sh_L0062_0459
SetlistItem	sh_L0062_0460
SetlistItem	sh_L0062_0461
SetlistItem	sh_L0062_454
SetlistItem	sh_L0062_455
SetlistItem	sh_L0062_456
SetlistItem	sh_L0078_0607
SetlistItem	sh_L0078_0608
SetlistItem	sh_L0078_0609
SetlistItem	sh_L0078_0610
SetlistItem	sh_L0078_606
SetlistItem	sh_L0089_0661
SetlistItem	sh_L0089_0662
SetlistItem	sh_L0092_0684
SetlistItem	sh_L0092_0685
SetlistItem	sh_L0092_0686
SetlistItem	sh_L0092_0687
SetlistItem	sh_L0092_683
SetlistItem	sh_L0100_0794
SetlistItem	sh_L0100_0795
SetlistItem	sh_L0100_0796
SetlistItem	sh_L0100_0797
SetlistItem	sh_L0111_0828
SetlistItem	sh_L0113_0834
SetlistItem	sh_L0113_0835
SetlistItem	sh_L0113_0836
SetlistItem	sh_L0114_0837
SetlistItem	sh_L0114_0838
SetlistItem	sh_L0114_0839
SetlistItem	sh_L0123_0927
SetlistItem	sh_L0123_0928
SetlistItem	sh_L0127_0934
SetlistItem	sh_L0127_0935
SetlistItem	sh_L0127_0936
SetlistItem	sh_L0127_0937
SetlistItem	sh_L0127_0938
SetlistItem	sh_L0127_0939
SetlistItem	sh_L0127_0940
SetlistItem	sh_L0128_0941
SetlistItem	sh_L0128_0942
SetlistItem	sh_L0128_0943
SetlistItem	sh_L0128_0944
SetlistItem	sh_L0128_0945
SetlistItem	sh_L0128_0946
SetlistItem	sh_L0128_0947
SetlistItem	sh_L0131_0954
SetlistItem	sh_L0131_0955
SetlistItem	sh_L0131_0956
SetlistItem	sh_L0131_0957
SetlistItem	sh_L0131_0958
SetlistItem	sh_L0131_0959
SetlistItem	sh_L0131_0960
SetlistItem	sh_L0131_0961
SetlistItem	sh_L0182_1429
SetlistItem	sh_L0197_1595
SetlistItem	sh_L0197_1596
SetlistItem	sh_L0197_1597
SetlistItem	sh_L0197_1598
SetlistItem	sh_L0197_1599
SetlistItem	sh_L0197_1600
SetlistItem	sh_L0197_1601
SetlistItem	sh_L0197_1602
SetlistItem	sh_L0197_1603
SetlistItem	sh_L0257_2127
SetlistItem	sh_L0257_2128
SetlistItem	sh_L0257_2129
SetlistItem	sh_L0257_2130
SetlistItem	sh_L0257_2131
SetlistItem	sh_L0257_2132
SetlistItem	sh_L0258_2133
SetlistItem	sh_L0258_2134
SetlistItem	sh_L0258_2135
SetlistItem	sh_L0258_2136
SetlistItem	sh_L0258_2137
SetlistItem	sh_L0341_3030
SetlistItem	sh_L0341_3031
SetlistItem	sh_L0341_3032
SetlistItem	sh_L0341_3033
SetlistItem	sh_L0341_3034
SetlistItem	sh_L0342_3035
SetlistItem	sh_L0342_3036
SetlistItem	sh_L0342_3037
SetlistItem	sh_L0342_3038
SetlistItem	sh_L0342_3039
SetlistItem	sh_L0633_5598
SetlistItem	sh_L0683_6049
SetlistItem	sh_L0683_6050
SetlistItem	sh_L0683_6051
SetlistItem	sh_L0683_6052
SetlistItem	sh_L0683_6053
SetlistItem	sh_L0684_6054
SetlistItem	sh_L0684_6055
SetlistItem	sh_L0684_6056
SetlistItem	sh_L0684_6057
SetlistItem	sh_L0684_6058
SetlistItem	sh_L0824D_7883
SetlistItem	sh_L0831_7999
SetlistItem	sh_L0831_8000
SetlistItem	sh_L0831_8001
SetlistItem	sh_L0831_8002
SetlistItem	sh_L0831_8003
SetlistItem	sh_L0831_8004
SetlistItem	sh_L0831_8005
SetlistItem	sh_L0832_8006
SetlistItem	sh_L0832_8007
SetlistItem	sh_L0832_8008
SetlistItem	sh_L0832_8009
SetlistItem	sh_L0832_8010
SetlistItem	sh_L0832_8011
SetlistItem	sh_L0832_8012
SetlistItem	sh_L0833_8013
SetlistItem	sh_L0833_8014
SetlistItem	sh_L0833_8015
SetlistItem	sh_L0833_8016
SetlistItem	sh_L0833_8017
SetlistItem	sh_L0833_8018
SetlistItem	sh_L0833_8019
SetlistItem	sh_L0838_8095
SetlistItem	sh_L0838_8096
SetlistItem	sh_L0838_8097
SetlistItem	sh_L0842A_8178
SetlistItem	sh_L0843_8179
SetlistItem	sh_L0843_8180
SetlistItem	sh_L0843_8181
SetlistItem	sh_L0843_8182
SetlistItem	sh_L0845_8187
SetlistItem	sh_L0845_8188
SetlistItem	sh_L0845_8189
SetlistItem	sh_L0845_8190
SetlistItem	sh_L0845_8191
SetlistItem	sh_L0845_8192
SetlistItem	sh_L0852_8395
SetlistItem	sh_L0852_8396
SetlistItem	sh_L0852_8397
SetlistItem	sh_L0852_8398
SetlistItem	sh_L0852_8399
SetlistItem	sh_L0852_8400
SetlistItem	sh_L0852_8401
SetlistItem	sh_L0852_8402
SetlistItem	sh_L0852_8403
SetlistItem	sh_L0852_8404
SetlistItem	sh_L0852_8405
SetlistItem	sh_L0852_8406
SetlistItem	sh_L0861_8510
SetlistItem	sh_L0861_8511
SetlistItem	sh_L0862_8512
SetlistItem	sh_L0862_8513
SetlistItem	sh_L0863A_8517
SetlistItem	sh_L0863_8514
SetlistItem	sh_L0863_8515
SetlistItem	sh_L0863_8516
SetlistItem	sh_L0867_8625
SetlistItem	sh_L0867_8626
SetlistItem	sh_L0867_8627
SetlistItem	sh_L0867_8628
SetlistItem	sh_L0867_8629
SetlistItem	sh_L0867_8630
SetlistItem	sh_L0868_8631
SetlistItem	sh_L0868_8632
SetlistItem	sh_L0868_8633
SetlistItem	sh_L0868_8634
SetlistItem	sh_L0868_8635
SetlistItem	sh_L0868_8636
SetlistItem	sh_L0869C_8663
SetlistItem	sh_L0869C_8664
SetlistItem	sh_L0869C_8665
SetlistItem	sh_L0869_8637
SetlistItem	sh_L0869_8638
SetlistItem	sh_L0869_8639
SetlistItem	sh_L0869_8640
SetlistItem	sh_L0869_8641
SetlistItem	sh_L0869_8642
SetlistItem	sh_L0881_8743
SetlistItem	sh_L0881_8744
SetlistItem	sh_L0881_8745
SetlistItem	sh_L0881_8746
SetlistItem	sh_L0882_8747
SetlistItem	sh_L0882_8748
SetlistItem	sh_L0882_8749
SetlistItem	sh_L0882_8750
SetlistItem	sh_L0882_8751
SetlistItem	sh_L0882_8752
SetlistItem	sh_L0883_8753
SetlistItem	sh_L0883_8754
SetlistItem	sh_L0883_8755
SetlistItem	sh_L0883_8756
SetlistItem	sh_L0896_9009
SetlistItem	sh_L0896_9010
SetlistItem	sh_L0917_9340
SetlistItem	sh_L0917_9341
SetlistItem	sh_L0917_9342
SetlistItem	sh_L0917_9343
SetlistItem	sh_L0917_9344
SetlistItem	sh_L0917_9345
SetlistItem	sh_L0935_9599
SetlistItem	sh_L0935_9603
SetlistItem	sh_L0935_9604
SetlistItem	sh_L0935_9612
SetlistItem	sh_L0935_9613
SetlistItem	sh_L0935_9614
SetlistItem	sh_L0936_9606
SetlistItem	sh_L0936_9608
SetlistItem	sh_L0936_9610
SetlistItem	sh_L0936_9617
SetlistItem	sh_L0936_9619
SetlistItem	sh_L0936_9621
SetlistItem	sh_L0937_9613
SetlistItem	sh_L0937_9615
SetlistItem	sh_L0937_9616
SetlistItem	sh_L0937_9623
SetlistItem	sh_L0937_9624
SetlistItem	sh_L0937_9626
SetlistItem	sh_L0941_9638
SetlistItem	sh_L0941_9647
SetlistItem	sh_L0941_9648
SetlistItem	sh_L0941_9649
SetlistItem	sh_L0941_9651
SetlistItem	sh_L0941_9652
SetlistItem	sh_L0941_9653
SetlistItem	sh_L0941_9654
SetlistItem	sh_L0941_9655
SetlistItem	sh_L0949_9686
SetlistItem	sh_L0950_9687
SetlistItem	sh_L0950_9688
SetlistItem	sh_L0950_9689
SetlistItem	sh_L0950_9690
SetlistItem	sh_L0950_9691
SetlistItem	sh_L0950_9692
SetlistItem	sh_L0950_9693
SetlistItem	sh_L0950_9694
SetlistItem	sh_L0950_9695
SetlistItem	sh_L0950_9696
SetlistItem	sh_L0950_9697
SetlistItem	sh_L0950_9698
SetlistItem	sh_L0950_9699
SetlistItem	sh_L0950_9700
SetlistItem	sh_L0950_9701
SetlistItem	sh_L0950_9702
SetlistItem	sh_L0950_9703
SetlistItem	sh_L0950_9704
SetlistItem	sh_L0955_9793
SetlistItem	sh_L0955_9795
SetlistItem	sh_L0955_9796
SetlistItem	sh_L0955_9797
SetlistItem	sh_L0955_9798
SetlistItem	sh_L0955_9799
SetlistItem	sh_L0955_9800
SetlistItem	sh_L0955_9806
SetlistItem	sh_L0956_9801
SetlistItem	sh_L0956_9802
SetlistItem	sh_L0956_9803
SetlistItem	sh_L0956_9804
SetlistItem	sh_L0956_9805
SetlistItem	sh_L0956_9806
SetlistItem	sh_L0956_9807
SetlistItem	sh_L0956_9808
SetlistItem	sh_L0971_9981
SetlistItem	sh_L0971_9983
SetlistItem	sh_L0971_9984
SetlistItem	sh_L0971_9991
SetlistItem	sh_L0971_9992
SetlistItem	sh_L0971_9994
SetlistItem	sh_L0972_10001
SetlistItem	sh_L0972_9986
SetlistItem	sh_L0972_9988
SetlistItem	sh_L0972_9990
SetlistItem	sh_L0972_9997
SetlistItem	sh_L0972_9999
SetlistItem	sh_L0973_10004
SetlistItem	sh_L0973_10006
SetlistItem	sh_L0973_10008
SetlistItem	sh_L0973_9991
SetlistItem	sh_L0973_9993
SetlistItem	sh_L0973_9995
SetlistItem	sh_L0977_10017
SetlistItem	sh_L0977_10018
SetlistItem	sh_L0977_10019
SetlistItem	sh_L0977_10020
SetlistItem	sh_L0977_10027
SetlistItem	sh_L0977_10028
SetlistItem	sh_L1005_10221
SetlistItem	sh_L1005_10222
SetlistItem	sh_L1005_10223
SetlistItem	sh_L1005_10224
SetlistItem	sh_L1005_10225
SetlistItem	sh_L1006_10226
SetlistItem	sh_L1006_10227
SetlistItem	sh_L1006_10228
SetlistItem	sh_L1006_10229
SetlistItem	sh_L1006_10230
SetlistItem	sh_L1007_10231
SetlistItem	sh_L1007_10232
SetlistItem	sh_L1007_10233
SetlistItem	sh_L1007_10234
SetlistItem	sh_L1007_10235
SetlistItem	sh_L1024_10402
SetlistItem	sh_L1024_10403
SetlistItem	sh_L1024_10405
SetlistItem	sh_L1024_10406
SetlistItem	sh_L1024_10416
SetlistItem	sh_L1024_10419
SetlistItem	sh_L1039_10511
SetlistItem	sh_L1039_10512
SetlistItem	sh_L1039_10519
SetlistItem	sh_L1039_10520
SetlistItem	sh_L1039_10521
SetlistItem	sh_L1039_10522
SetlistItem	sh_L1040_10514
SetlistItem	sh_L1040_10515
SetlistItem	sh_L1040_10517
SetlistItem	sh_L1040_10518
SetlistItem	sh_L1040_10525
SetlistItem	sh_L1040_10528
SetlistItem	sh_L1041_10521
SetlistItem	sh_L1041_10522
SetlistItem	sh_L1041_10524
SetlistItem	sh_L1041_10531
SetlistItem	sh_L1041_10532
SetlistItem	sh_L1041_10535
SetlistItem	sh_L1053_10676
SetlistItem	sh_L1057_10693
SetlistItem	sh_L1057_10695
SetlistItem	sh_L1057_10696
SetlistItem	sh_L1057_10697
SetlistItem	sh_L1057_10706
SetlistItem	sh_L1063_10744
SetlistItem	sh_L1063_10745
SetlistItem	sh_L1063_10746
SetlistItem	sh_L1063_10752
SetlistItem	sh_L1063_10753
SetlistItem	sh_L1063_10754
SetlistItem	sh_L1071_10899
SetlistItem	sh_L1071_10901
SetlistItem	sh_L1071_10903
SetlistItem	sh_L1071_10912
SetlistItem	sh_L1071_10914
SetlistItem	sh_L1073_10938
SetlistItem	sh_L1073_10951
SetlistItem	sh_L1077_10990
SetlistItem	sh_L1077_11000
SetlistItem	sh_L1077_11001
SetlistItem	sh_L1077_11003
SetlistItem	sh_L1077_11004
SetlistItem	sh_L1077_11005
SetlistItem	sh_L1077_11006
SetlistItem	sh_L1078_10997
SetlistItem	sh_L1078_10998
SetlistItem	sh_L1078_10999
SetlistItem	sh_L1078_11000
SetlistItem	sh_L1078_11001
SetlistItem	sh_L1078_11007
SetlistItem	sh_L1078_11008
SetlistItem	sh_L1090_11199
SetlistItem	sh_L1090_11210
SetlistItem	sh_L1096_11281
SetlistItem	sh_L1096_11282
SetlistItem	sh_L1096_11283
SetlistItem	sh_L1096_11284
SetlistItem	sh_L1098_11291
SetlistItem	sh_L1098_11292
SetlistItem	sh_L1098_11293
SetlistItem	sh_L1098_11294
SetlistItem	sh_L1102_11341
SetlistItem	sh_L1102_11342
SetlistItem	sh_L1102_11344
SetlistItem	sh_L1102_11346
SetlistItem	sh_L1102_11347
SetlistItem	sh_L1102_11355
SetlistItem	sh_L1102_11357
SetlistItem	sh_L1116_11652
SetlistItem	sh_L1116_11665
SetlistItem	sh_L1116_11666
SetlistItem	sh_L1116_11667
SetlistItem	sh_L1116_11668
SetlistItem	sh_L1116_11669
SetlistItem	sh_L1118_11664
SetlistItem	sh_L1118_11665
SetlistItem	sh_L1118_11666
SetlistItem	sh_L1118_11667
SetlistItem	sh_L1118_11668
SetlistItem	sh_L1118_11669
SetlistItem	sh_L1123_11726
SetlistItem	sh_L1123_11727
SetlistItem	sh_L1123_11728
SetlistItem	sh_L1123_11729
SetlistItem	sh_L1123_11730
SetlistItem	sh_L1123_11731
SetlistItem	sh_L1124_11732
SetlistItem	sh_L1124_11733
SetlistItem	sh_L1124_11734
SetlistItem	sh_L1124_11735
SetlistItem	sh_L1124_11736
SetlistItem	sh_L1124_11737
SetlistItem	sh_L1125_11738
SetlistItem	sh_L1125_11739
SetlistItem	sh_L1125_11740
SetlistItem	sh_L1125_11741
SetlistItem	sh_L1125_11742
SetlistItem	sh_L1125_11743
SetlistItem	sh_L1128_11768
SetlistItem	sh_L1128_11770
SetlistItem	sh_L1128_11781
SetlistItem	sh_L1132_11781
SetlistItem	sh_L1132_11782
SetlistItem	sh_L1132_11784
SetlistItem	sh_L1132_11785
SetlistItem	sh_L1132_11795
SetlistItem	sh_L1135_11827
SetlistItem	sh_L1135_11828
SetlistItem	sh_L1135_11829
SetlistItem	sh_L1135_11830
SetlistItem	sh_L1135_11831
SetlistItem	sh_L1135_11832
SetlistItem	sh_L1137_11871
SetlistItem	sh_L1137_11874
SetlistItem	sh_L1137_11876
SetlistItem	sh_L1137_11881
SetlistItem	sh_L1137_11882
SetlistItem	sh_L1137_11884
SetlistItem	sh_L1137_11885
SetlistItem	sh_L1137_11887
SetlistItem	sh_L1140_11927
SetlistItem	sh_L1140_11928
SetlistItem	sh_L1140_11929
SetlistItem	sh_L1140_11930
SetlistItem	sh_L1140_11931
SetlistItem	sh_L1140_11932
SetlistItem	sh_L1140_11933
SetlistItem	sh_L1140_11934
SetlistItem	sh_L1140_11935
SetlistItem	sh_L1140_11936
SetlistItem	sh_L1140_11937
SetlistItem	sh_L1140_11938
SetlistItem	sh_L1140_11939
SetlistItem	sh_L1140_11940
SetlistItem	sh_L1140_11941
SetlistItem	sh_L1140_11942
SetlistItem	sh_L1140_11943
SetlistItem	sh_L1140_11944
SetlistItem	sh_L1140_11945
SetlistItem	sh_L1140_11946
SetlistItem	sh_L1140_11947
SetlistItem	sh_L1140_11948
SetlistItem	sh_L1140_11949
SetlistItem	sh_L1141_11938
SetlistItem	sh_L1141_11939
SetlistItem	sh_L1141_11940
SetlistItem	sh_L1141_11943
SetlistItem	sh_L1141_11945
SetlistItem	sh_L1141_11953
SetlistItem	sh_L1141_11954
SetlistItem	sh_L1141_11956
SetlistItem	sh_L1148_11990
SetlistItem	sh_L1148_12001
SetlistItem	sh_L1152_12089
SetlistItem	sh_L1152_12090
SetlistItem	sh_L1157_12119
SetlistItem	sh_L1157_12123
SetlistItem	sh_L1157_12124
SetlistItem	sh_L1157_12129
SetlistItem	sh_L1157_12130
SetlistItem	sh_L1157_12132
SetlistItem	sh_L1157_12133
SetlistItem	sh_L1157_12134
SetlistItem	sh_L1160_12160
SetlistItem	sh_L1160_12162
SetlistItem	sh_L1160_12163
SetlistItem	sh_L1160_12171
SetlistItem	sh_L1160_12173
SetlistItem	sh_L1172_12373
SetlistItem	sh_L1172_12374
SetlistItem	sh_L1172_12375
SetlistItem	sh_L1172_12376
SetlistItem	sh_L1172_12377
SetlistItem	sh_L1178_12459
SetlistItem	sh_L1178_12460
SetlistItem	sh_L1178_12468
SetlistItem	sh_L1178_12469
SetlistItem	sh_L1178_12470
SetlistItem	sh_L1184B_12563
SetlistItem	sh_L1184B_12571
SetlistItem	sh_L1184B_12572
SetlistItem	sh_L1184B_12573
SetlistItem	sh_L1184B_12574
SetlistItem	sh_L1184B_12576
SetlistItem	sh_L1184B_12577
SetlistItem	sh_L1184B_12578
SetlistItem	sh_L1184B_12579
SetlistItem	sh_L1184B_12580
SetlistItem	sh_L1184B_12581
SetlistItem	sh_L1184B_12582
SetlistItem	sh_L1184B_12583
SetlistItem	sh_L1187_12586
SetlistItem	sh_L1187_12587
SetlistItem	sh_L1191_12669
SetlistItem	sh_L1191_12670
SetlistItem	sh_L1191_12671
SetlistItem	sh_L1191_12672
SetlistItem	sh_L1191_12685
SetlistItem	sh_L1191_12686
SetlistItem	sh_L1214_13032
SetlistItem	sh_L1214_13034
SetlistItem	sh_L1214_13035
SetlistItem	sh_L1214_13036
SetlistItem	sh_L1214_13037
SetlistItem	sh_L1214_13038
SetlistItem	sh_L1214_13045
SetlistItem	sh_L1222_13095
SetlistItem	sh_L1222_13096
SetlistItem	sh_L1224_13103
SetlistItem	sh_L1224_13105
SetlistItem	sh_L1224_13113
SetlistItem	sh_L1224_13114
SetlistItem	sh_L1224_13116
SetlistItem	sh_L1227_13152
SetlistItem	sh_L1227_13153
SetlistItem	sh_L1227_13154
SetlistItem	sh_L1227_13155
SetlistItem	sh_L1227_13157
SetlistItem	sh_L1227_13158
SetlistItem	sh_L1227_13159
SetlistItem	sh_L1227_13168
SetlistItem	sh_L1234_13184
SetlistItem	sh_L1234_13186
SetlistItem	sh_L1234_13187
SetlistItem	sh_L1234_13188
SetlistItem	sh_L1234_13189
SetlistItem	sh_L1234_13190
SetlistItem	sh_L1234_13197
ShowCast	show_cast-sh_L0001-765as_天海春香
ShowCast	show_cast-sh_L0001-765as_如月千早
ShowCast	show_cast-sh_L0009-765as_天海春香
ShowCast	show_cast-sh_L0009-765as_如月千早
ShowCast	show_cast-sh_L0021-765as_天海春香
ShowCast	show_cast-sh_L0021-765as_如月千早
ShowCast	show_cast-sh_L0021-765as_秋月律子
ShowCast	show_cast-sh_L0021-765as_菊地真
ShowCast	show_cast-sh_L0021-765as_高槻やよい
ShowCast	show_cast-sh_L0025-765as_天海春香
ShowCast	show_cast-sh_L0025-765as_如月千早
ShowCast	show_cast-sh_L0025-765as_高槻やよい
ShowCast	show_cast-sh_L0026-765as_天海春香
ShowCast	show_cast-sh_L0026-765as_如月千早
ShowCast	show_cast-sh_L0026-765as_高槻やよい
ShowCast	show_cast-sh_L0041-765as_四条貴音
ShowCast	show_cast-sh_L0041-765as_天海春香
ShowCast	show_cast-sh_L0041-765as_我那覇響
ShowCast	show_cast-sh_L0041-765as_星井美希
ShowCast	show_cast-sh_L0041-765as_高槻やよい
ShowCast	show_cast-sh_L0044-765as_双海亜美
ShowCast	show_cast-sh_L0044-765as_双海真美
ShowCast	show_cast-sh_L0044-765as_秋月律子
ShowCast	show_cast-sh_L0049-765as_四条貴音
ShowCast	show_cast-sh_L0049-765as_天海春香
ShowCast	show_cast-sh_L0049-765as_如月千早
ShowCast	show_cast-sh_L0049-765as_我那覇響
ShowCast	show_cast-sh_L0049-765as_星井美希
ShowCast	show_cast-sh_L0049-765as_高槻やよい
ShowCast	show_cast-sh_L0061-765as_四条貴音
ShowCast	show_cast-sh_L0061-765as_天海春香
ShowCast	show_cast-sh_L0061-765as_秋月律子
ShowCast	show_cast-sh_L0061-765as_菊地真
ShowCast	show_cast-sh_L0062-765as_双海亜美
ShowCast	show_cast-sh_L0062-765as_双海真美
ShowCast	show_cast-sh_L0062-765as_天海春香
ShowCast	show_cast-sh_L0062-765as_星井美希
ShowCast	show_cast-sh_L0062-765as_高槻やよい
ShowCast	show_cast-sh_L0078-765as_双海亜美
ShowCast	show_cast-sh_L0078-765as_双海真美
ShowCast	show_cast-sh_L0078-765as_星井美希
ShowCast	show_cast-sh_L0078-765as_萩原雪歩
ShowCast	show_cast-sh_L0078-765as_高槻やよい
ShowCast	show_cast-sh_L0089-765as_四条貴音
ShowCast	show_cast-sh_L0089-765as_星井美希
ShowCast	show_cast-sh_L0089-765as_秋月律子
ShowCast	show_cast-sh_L0089-765as_萩原雪歩
ShowCast	show_cast-sh_L0092-765as_双海亜美
ShowCast	show_cast-sh_L0092-765as_双海真美
ShowCast	show_cast-sh_L0092-765as_星井美希
ShowCast	show_cast-sh_L0092-765as_菊地真
ShowCast	show_cast-sh_L0092-765as_高槻やよい
ShowCast	show_cast-sh_L0100-765as_四条貴音
ShowCast	show_cast-sh_L0100-765as_天海春香
ShowCast	show_cast-sh_L0100-765as_如月千早
ShowCast	show_cast-sh_L0100-765as_菊地真
ShowCast	show_cast-sh_L0111-765as_四条貴音
ShowCast	show_cast-sh_L0111-765as_我那覇響
ShowCast	show_cast-sh_L0111-765as_萩原雪歩
ShowCast	show_cast-sh_L0113-cg_城ヶ崎美嘉
ShowCast	show_cast-sh_L0113-cg_島村卯月
ShowCast	show_cast-sh_L0113-cg_渋谷凛
ShowCast	show_cast-sh_L0114-765as_双海亜美
ShowCast	show_cast-sh_L0114-765as_双海真美
ShowCast	show_cast-sh_L0114-765as_天海春香
ShowCast	show_cast-sh_L0114-765as_星井美希
ShowCast	show_cast-sh_L0114-765as_秋月律子
ShowCast	show_cast-sh_L0114-765as_菊地真
ShowCast	show_cast-sh_L0123-765as_四条貴音
ShowCast	show_cast-sh_L0123-765as_星井美希
ShowCast	show_cast-sh_L0123-765as_秋月律子
ShowCast	show_cast-sh_L0123-765as_音無小鳥
ShowCast	show_cast-sh_L0127-765as_天海春香
ShowCast	show_cast-sh_L0127-765as_如月千早
ShowCast	show_cast-sh_L0127-cg_城ヶ崎美嘉
ShowCast	show_cast-sh_L0127-cg_島村卯月
ShowCast	show_cast-sh_L0127-cg_渋谷凛
ShowCast	show_cast-sh_L0128-765as_天海春香
ShowCast	show_cast-sh_L0128-765as_如月千早
ShowCast	show_cast-sh_L0128-cg_城ヶ崎美嘉
ShowCast	show_cast-sh_L0128-cg_島村卯月
ShowCast	show_cast-sh_L0128-cg_渋谷凛
ShowCast	show_cast-sh_L0131-765as_四条貴音
ShowCast	show_cast-sh_L0131-765as_天海春香
ShowCast	show_cast-sh_L0131-765as_我那覇響
ShowCast	show_cast-sh_L0131-765as_星井美希
ShowCast	show_cast-sh_L0131-765as_秋月律子
ShowCast	show_cast-sh_L0131-765as_高槻やよい
ShowCast	show_cast-sh_L0182-765as_我那覇響
ShowCast	show_cast-sh_L0182-765as_星井美希
ShowCast	show_cast-sh_L0182-765as_萩原雪歩
ShowCast	show_cast-sh_L0197-cg_城ヶ崎美嘉
ShowCast	show_cast-sh_L0197-cg_島村卯月
ShowCast	show_cast-sh_L0197-cg_星輝子
ShowCast	show_cast-sh_L0197-cg_渋谷凛
ShowCast	show_cast-sh_L0197-cg_神谷奈緒
ShowCast	show_cast-sh_L0197-cg_緒方智絵里
ShowCast	show_cast-sh_L0257-cg_上条春菜
ShowCast	show_cast-sh_L0257-cg_佐々木千枝
ShowCast	show_cast-sh_L0257-cg_城ヶ崎美嘉
ShowCast	show_cast-sh_L0257-cg_城ヶ崎莉嘉
ShowCast	show_cast-sh_L0257-cg_島村卯月
ShowCast	show_cast-sh_L0257-cg_本田未央
ShowCast	show_cast-sh_L0257-cg_渋谷凛
ShowCast	show_cast-sh_L0257-cg_片桐早苗
ShowCast	show_cast-sh_L0257-cg_赤城みりあ
ShowCast	show_cast-sh_L0258-cg_城ヶ崎美嘉
ShowCast	show_cast-sh_L0258-cg_城ヶ崎莉嘉
ShowCast	show_cast-sh_L0258-cg_堀裕子
ShowCast	show_cast-sh_L0258-cg_島村卯月
ShowCast	show_cast-sh_L0258-cg_本田未央
ShowCast	show_cast-sh_L0258-cg_渋谷凛
ShowCast	show_cast-sh_L0258-cg_白坂小梅
ShowCast	show_cast-sh_L0258-cg_赤城みりあ
ShowCast	show_cast-sh_L0258-cg_高森藍子
ShowCast	show_cast-sh_L0341-765as_四条貴音
ShowCast	show_cast-sh_L0341-765as_我那覇響
ShowCast	show_cast-sh_L0341-765as_萩原雪歩
ShowCast	show_cast-sh_L0342-765as_四条貴音
ShowCast	show_cast-sh_L0342-765as_我那覇響
ShowCast	show_cast-sh_L0342-765as_萩原雪歩
ShowCast	show_cast-sh_L0633-765as_我那覇響
ShowCast	show_cast-sh_L0633-sc_八宮めぐる
ShowCast	show_cast-sh_L0683-sidem_九十九一希
ShowCast	show_cast-sh_L0683-sidem_兜大吾
ShowCast	show_cast-sh_L0683-sidem_天道輝
ShowCast	show_cast-sh_L0683-sidem_神楽麗
ShowCast	show_cast-sh_L0683-sidem_秋月涼
ShowCast	show_cast-sh_L0683-sidem_紅井朱雀
ShowCast	show_cast-sh_L0683-sidem_都築圭
ShowCast	show_cast-sh_L0683-sidem_黒野玄武
ShowCast	show_cast-sh_L0684-sidem_九十九一希
ShowCast	show_cast-sh_L0684-sidem_兜大吾
ShowCast	show_cast-sh_L0684-sidem_天道輝
ShowCast	show_cast-sh_L0684-sidem_神楽麗
ShowCast	show_cast-sh_L0684-sidem_秋月涼
ShowCast	show_cast-sh_L0684-sidem_紅井朱雀
ShowCast	show_cast-sh_L0684-sidem_都築圭
ShowCast	show_cast-sh_L0684-sidem_黒野玄武
ShowCast	show_cast-sh_L0824A-876_上水流宇宙
ShowCast	show_cast-sh_L0824B-876_灯里愛夏
ShowCast	show_cast-sh_L0824C-876_サラ_レトラ_オリヴェイラ_ウタガワ
ShowCast	show_cast-sh_L0824C2-876_サラ_レトラ_オリヴェイラ_ウタガワ
ShowCast	show_cast-sh_L0824C2-876_上水流宇宙
ShowCast	show_cast-sh_L0824C2-876_灯里愛夏
ShowCast	show_cast-sh_L0824D-876_灯里愛夏
ShowCast	show_cast-sh_L0831-876_灯里愛夏
ShowCast	show_cast-sh_L0832-876_サラ_レトラ_オリヴェイラ_ウタガワ
ShowCast	show_cast-sh_L0833-876_上水流宇宙
ShowCast	show_cast-sh_L0838-876_サラ_レトラ_オリヴェイラ_ウタガワ
ShowCast	show_cast-sh_L0838-876_上水流宇宙
ShowCast	show_cast-sh_L0838-876_灯里愛夏
ShowCast	show_cast-sh_L0842A-876_上水流宇宙
ShowCast	show_cast-sh_L0843-876_サラ_レトラ_オリヴェイラ_ウタガワ
ShowCast	show_cast-sh_L0843-876_上水流宇宙
ShowCast	show_cast-sh_L0843-876_灯里愛夏
ShowCast	show_cast-sh_L0845-876_上水流宇宙
ShowCast	show_cast-sh_L0847A-876_灯里愛夏
ShowCast	show_cast-sh_L0847B-876_上水流宇宙
ShowCast	show_cast-sh_L0847C-876_サラ_レトラ_オリヴェイラ_ウタガワ
ShowCast	show_cast-sh_L0852-876_サラ_レトラ_オリヴェイラ_ウタガワ
ShowCast	show_cast-sh_L0852-876_上水流宇宙
ShowCast	show_cast-sh_L0852-876_灯里愛夏
ShowCast	show_cast-sh_L0861-876_灯里愛夏
ShowCast	show_cast-sh_L0862-876_サラ_レトラ_オリヴェイラ_ウタガワ
ShowCast	show_cast-sh_L0863-876_上水流宇宙
ShowCast	show_cast-sh_L0863A-876_サラ_レトラ_オリヴェイラ_ウタガワ
ShowCast	show_cast-sh_L0863A-876_上水流宇宙
ShowCast	show_cast-sh_L0863A-876_灯里愛夏
ShowCast	show_cast-sh_L0867-876_サラ_レトラ_オリヴェイラ_ウタガワ
ShowCast	show_cast-sh_L0868-876_上水流宇宙
ShowCast	show_cast-sh_L0869-876_灯里愛夏
ShowCast	show_cast-sh_L0869B-876_サラ_レトラ_オリヴェイラ_ウタガワ
ShowCast	show_cast-sh_L0869C-876_サラ_レトラ_オリヴェイラ_ウタガワ
ShowCast	show_cast-sh_L0869C-876_上水流宇宙
ShowCast	show_cast-sh_L0869C-876_灯里愛夏
ShowCast	show_cast-sh_L0880-876_サラ_レトラ_オリヴェイラ_ウタガワ
ShowCast	show_cast-sh_L0880-876_上水流宇宙
ShowCast	show_cast-sh_L0880-876_灯里愛夏
ShowCast	show_cast-sh_L0881-876_サラ_レトラ_オリヴェイラ_ウタガワ
ShowCast	show_cast-sh_L0882-876_灯里愛夏
ShowCast	show_cast-sh_L0883-876_上水流宇宙
ShowCast	show_cast-sh_L0890-876_灯里愛夏
ShowCast	show_cast-sh_L0891-876_サラ_レトラ_オリヴェイラ_ウタガワ
ShowCast	show_cast-sh_L0892-876_上水流宇宙
ShowCast	show_cast-sh_L0896-cg_高垣楓
ShowCast	show_cast-sh_L0916-876_サラ_レトラ_オリヴェイラ_ウタガワ
ShowCast	show_cast-sh_L0917-876_灯里愛夏
ShowCast	show_cast-sh_L0935-876_灯里愛夏
ShowCast	show_cast-sh_L0936-876_上水流宇宙
ShowCast	show_cast-sh_L0937-876_サラ_レトラ_オリヴェイラ_ウタガワ
ShowCast	show_cast-sh_L0940-876_サラ_レトラ_オリヴェイラ_ウタガワ
ShowCast	show_cast-sh_L0940-876_上水流宇宙
ShowCast	show_cast-sh_L0942-876_上水流宇宙
ShowCast	show_cast-sh_L0949-876_サラ_レトラ_オリヴェイラ_ウタガワ
ShowCast	show_cast-sh_L0950-876_サラ_レトラ_オリヴェイラ_ウタガワ
ShowCast	show_cast-sh_L0950-876_上水流宇宙
ShowCast	show_cast-sh_L0950-876_灯里愛夏
ShowCast	show_cast-sh_L0950A-876_サラ_レトラ_オリヴェイラ_ウタガワ
ShowCast	show_cast-sh_L0955-876_サラ_レトラ_オリヴェイラ_ウタガワ
ShowCast	show_cast-sh_L0955-876_上水流宇宙
ShowCast	show_cast-sh_L0955-876_灯里愛夏
ShowCast	show_cast-sh_L0956-876_サラ_レトラ_オリヴェイラ_ウタガワ
ShowCast	show_cast-sh_L0956-876_上水流宇宙
ShowCast	show_cast-sh_L0956-876_灯里愛夏
ShowCast	show_cast-sh_L0971-876_灯里愛夏
ShowCast	show_cast-sh_L0972-876_上水流宇宙
ShowCast	show_cast-sh_L0973-876_サラ_レトラ_オリヴェイラ_ウタガワ
ShowCast	show_cast-sh_L0974-876_上水流宇宙
ShowCast	show_cast-sh_L0977-876_サラ_レトラ_オリヴェイラ_ウタガワ
ShowCast	show_cast-sh_L0977-876_上水流宇宙
ShowCast	show_cast-sh_L0977-876_灯里愛夏
ShowCast	show_cast-sh_L1005-876_上水流宇宙
ShowCast	show_cast-sh_L1006-876_灯里愛夏
ShowCast	show_cast-sh_L1007-876_サラ_レトラ_オリヴェイラ_ウタガワ
ShowCast	show_cast-sh_L1019-876_サラ_レトラ_オリヴェイラ_ウタガワ
ShowCast	show_cast-sh_L1019-876_上水流宇宙
ShowCast	show_cast-sh_L1019-876_灯里愛夏
ShowCast	show_cast-sh_L1024-876_サラ_レトラ_オリヴェイラ_ウタガワ
ShowCast	show_cast-sh_L1039-876_サラ_レトラ_オリヴェイラ_ウタガワ
ShowCast	show_cast-sh_L1040-876_灯里愛夏
ShowCast	show_cast-sh_L1041-876_上水流宇宙
ShowCast	show_cast-sh_L1053-876_サラ_レトラ_オリヴェイラ_ウタガワ
ShowCast	show_cast-sh_L1053-876_上水流宇宙
ShowCast	show_cast-sh_L1053-876_灯里愛夏
ShowCast	show_cast-sh_L1057-876_上水流宇宙
ShowCast	show_cast-sh_L1061-876_上水流宇宙
ShowCast	show_cast-sh_L1063-876_サラ_レトラ_オリヴェイラ_ウタガワ
ShowCast	show_cast-sh_L1069-876_サラ_レトラ_オリヴェイラ_ウタガワ
ShowCast	show_cast-sh_L1071-876_灯里愛夏
ShowCast	show_cast-sh_L1073-876_サラ_レトラ_オリヴェイラ_ウタガワ
ShowCast	show_cast-sh_L1073-876_上水流宇宙
ShowCast	show_cast-sh_L1073-876_灯里愛夏
ShowCast	show_cast-sh_L1078-876_サラ_レトラ_オリヴェイラ_ウタガワ
ShowCast	show_cast-sh_L1090-876_上水流宇宙
ShowCast	show_cast-sh_L1096-gakuen_有村麻央
ShowCast	show_cast-sh_L1096-gakuen_紫雲清夏
ShowCast	show_cast-sh_L1096-gakuen_葛城リーリヤ
ShowCast	show_cast-sh_L1098-gakuen_倉本千奈
ShowCast	show_cast-sh_L1098-gakuen_姫崎莉波
ShowCast	show_cast-sh_L1098-gakuen_篠澤広
ShowCast	show_cast-sh_L1102-876_サラ_レトラ_オリヴェイラ_ウタガワ
ShowCast	show_cast-sh_L1116-876_上水流宇宙
ShowCast	show_cast-sh_L1118-876_上水流宇宙
ShowCast	show_cast-sh_L1119-876_サラ_レトラ_オリヴェイラ_ウタガワ
ShowCast	show_cast-sh_L1119-876_上水流宇宙
ShowCast	show_cast-sh_L1119-876_灯里愛夏
ShowCast	show_cast-sh_L1123-876_灯里愛夏
ShowCast	show_cast-sh_L1124-876_上水流宇宙
ShowCast	show_cast-sh_L1125-876_サラ_レトラ_オリヴェイラ_ウタガワ
ShowCast	show_cast-sh_L1128-876_上水流宇宙
ShowCast	show_cast-sh_L1132-876_上水流宇宙
ShowCast	show_cast-sh_L1135-876_上水流宇宙
ShowCast	show_cast-sh_L1137-876_サラ_レトラ_オリヴェイラ_ウタガワ
ShowCast	show_cast-sh_L1140-876_サラ_レトラ_オリヴェイラ_ウタガワ
ShowCast	show_cast-sh_L1141-876_サラ_レトラ_オリヴェイラ_ウタガワ
ShowCast	show_cast-sh_L1148-876_上水流宇宙
ShowCast	show_cast-sh_L1152-876_上水流宇宙
ShowCast	show_cast-sh_L1157-876_サラ_レトラ_オリヴェイラ_ウタガワ
ShowCast	show_cast-sh_L1160-876_上水流宇宙
ShowCast	show_cast-sh_L1161-876_サラ_レトラ_オリヴェイラ_ウタガワ
ShowCast	show_cast-sh_L1170-876_上水流宇宙
ShowCast	show_cast-sh_L1172-876_サラ_レトラ_オリヴェイラ_ウタガワ
ShowCast	show_cast-sh_L1178-876_サラ_レトラ_オリヴェイラ_ウタガワ
ShowCast	show_cast-sh_L1187-876_サラ_レトラ_オリヴェイラ_ウタガワ
ShowCast	show_cast-sh_L1187-876_上水流宇宙
ShowCast	show_cast-sh_L1187-876_灯里愛夏
ShowCast	show_cast-sh_L1191-876_サラ_レトラ_オリヴェイラ_ウタガワ
ShowCast	show_cast-sh_L1211-876_上水流宇宙
ShowCast	show_cast-sh_L1213-876_上水流宇宙
ShowCast	show_cast-sh_L1214-876_上水流宇宙
ShowCast	show_cast-sh_L1215-876_灯里愛夏
ShowCast	show_cast-sh_L1216-876_上水流宇宙
ShowCast	show_cast-sh_L1217-876_サラ_レトラ_オリヴェイラ_ウタガワ
ShowCast	show_cast-sh_L1222-876_灯里愛夏
ShowCast	show_cast-sh_L1224-876_上水流宇宙
ShowCast	show_cast-sh_L1227-876_上水流宇宙
ShowCast	show_cast-sh_L1234-876_サラ_レトラ_オリヴェイラ_ウタガワ
ShowCast	show_cast-sh_L1245-876_上水流宇宙
Show	sh_L0001
Show	sh_L0009
Show	sh_L0021
Show	sh_L0025
Show	sh_L0026
Show	sh_L0041
Show	sh_L0044
Show	sh_L0049
Show	sh_L0061
Show	sh_L0062
Show	sh_L0078
Show	sh_L0089
Show	sh_L0092
Show	sh_L0100
Show	sh_L0111
Show	sh_L0113
Show	sh_L0114
Show	sh_L0123
Show	sh_L0127
Show	sh_L0128
Show	sh_L0131
Show	sh_L0182
Show	sh_L0197
Show	sh_L0257
Show	sh_L0258
Show	sh_L0341
Show	sh_L0342
Show	sh_L0633
Show	sh_L0683
Show	sh_L0684
Show	sh_L0824A
Show	sh_L0824B
Show	sh_L0824C
Show	sh_L0824C2
Show	sh_L0824D
Show	sh_L0831
Show	sh_L0832
Show	sh_L0833
Show	sh_L0838
Show	sh_L0842A
Show	sh_L0843
Show	sh_L0845
Show	sh_L0847A
Show	sh_L0847B
Show	sh_L0847C
Show	sh_L0852
Show	sh_L0861
Show	sh_L0862
Show	sh_L0863
Show	sh_L0863A
Show	sh_L0867
Show	sh_L0868
Show	sh_L0869
Show	sh_L0869B
Show	sh_L0869C
Show	sh_L0880
Show	sh_L0881
Show	sh_L0882
Show	sh_L0883
Show	sh_L0890
Show	sh_L0891
Show	sh_L0892
Show	sh_L0896
Show	sh_L0916
Show	sh_L0917
Show	sh_L0935
Show	sh_L0936
Show	sh_L0937
Show	sh_L0940
Show	sh_L0941
Show	sh_L0942
Show	sh_L0949
Show	sh_L0950
Show	sh_L0950A
Show	sh_L0955
Show	sh_L0956
Show	sh_L0971
Show	sh_L0972
Show	sh_L0973
Show	sh_L0974
Show	sh_L0977
Show	sh_L1005
Show	sh_L1006
Show	sh_L1007
Show	sh_L1019
Show	sh_L1024
Show	sh_L1039
Show	sh_L1040
Show	sh_L1041
Show	sh_L1053
Show	sh_L1057
Show	sh_L1061
Show	sh_L1063
Show	sh_L1069
Show	sh_L1071
Show	sh_L1073
Show	sh_L1077
Show	sh_L1078
Show	sh_L1090
Show	sh_L1096
Show	sh_L1098
Show	sh_L1102
Show	sh_L1116
Show	sh_L1117
Show	sh_L1118
Show	sh_L1119
Show	sh_L1119B
Show	sh_L1123
Show	sh_L1124
Show	sh_L1125
Show	sh_L1128
Show	sh_L1129
Show	sh_L1130
Show	sh_L1132
Show	sh_L1135
Show	sh_L1137
Show	sh_L1140
Show	sh_L1141
Show	sh_L1148
Show	sh_L1151
Show	sh_L1152
Show	sh_L1157
Show	sh_L1160
Show	sh_L1161
Show	sh_L1167
Show	sh_L1170
Show	sh_L1172
Show	sh_L1178
Show	sh_L1184B
Show	sh_L1187
Show	sh_L1191
Show	sh_L1211
Show	sh_L1213
Show	sh_L1214
Show	sh_L1215
Show	sh_L1216
Show	sh_L1217
Show	sh_L1218
Show	sh_L1222
Show	sh_L1224
Show	sh_L1227
Show	sh_L1234
Show	sh_L1245
Event	ev_10分で覚えて踊れ3dダンス初コラボ配信_上水流宇宙_
Event	ev_3dライブ直前特別合同企画未発表楽曲披露配信_ヴイアラ_
Event	ev_3d配信祝ch登録者数4万人感謝のダンス配信ですヴイアラ_上水流宇宙
Event	ev_3d配信祝ch登録者数5万人突破感謝を込めたダンスをお届けしますヴイアラ_上水流宇宙
Event	ev__sputrip24時間3枠目_豪華ゲストさんと共に過ごすラスト枠_歌も企画もトークも_楽しんでいってね常磐カナメ_香鳴ハノン_暁月クララパレプロ
Event	ev__アコースティックに溺れる_ギターの音色にのせて歌いますヴイアラ_レトラ
Event	ev__オールジャンルカラオケ歌枠_ヴイアラ歌枠リレー_トリはわたしだ盛り上がってくぞヴイアラ_レトラ
Event	ev__メエこす歌枠_メエお姉さんと2人でアイマス楽曲たくさん歌います真未夢メエ上水流宇宙デミカツヴイアラ
Event	ev__メエこす歌枠_宇宙ちゃんと一緒にアイカツ楽曲いっぱい歌っちゃうぞ真未夢メエ上水流宇宙デミカツヴイアラ
Event	ev__輝くアニソン歌枠リレー_アニソンでブチアゲロォヴイアラ_レトラ
Event	ev_asobinotes楽曲縛りヴイアラ歌枠リレー_みんな盛り上がってるかぁヴイアラ_灯里愛夏
Event	ev_hibiki_radio_station_the_idolmster_春のp祭り
Event	ev_iriamマスターへの道_歌で心をユラせ_レトラ歌枠
Event	ev_official_lessonアイドル育成プロジェクト_vα-liv_12月後編_特別講師real_akiba_boyz_さん
Event	ev_official_lessonアイドル育成プロジェクト_vα-liv_2月後編_特別講師槙田紗子_さん
Event	ev_official_lessonアイドル育成プロジェクト_vα-liv_6月後編特別講師ヨビノリたくみ_さん
Event	ev_official_lessonアイドル育成プロジェクト_vα-liv_7月度後編特別講師渡辺量_さん
Event	ev_official_lessonアイドル育成プロジェクト_vα-liv_9月後編特別講師jungoさん中川浩二さん高山祐介さん天海春香さん
Event	ev_project_ims_vα-liv_producer_meeting_2024_-from_now_on-
Event	ev_super9歌枠リレー_高音多めのセトリで盛り上げていきましょうヴイアラ_上水流宇宙
Event	ev_super9歌枠リレー歌うぞみんなで一緒に楽しもうヴイアラ_レトラ
Event	ev_the_idolmster_music_on_the_radio_公開録音_1
Event	ev_the_idolmster_station_アイステ_the_world公開録音イベント_第一部
Event	ev_the_idolmster_station公開録音
Event	ev_tomafes2025りんさんのお祝い心を込めて歌いますヴイアラ_上水流宇宙
Event	ev_utanofes豪華2日開催歌枠リレー盛大に盛り上げてバトンを繋げるぞヴイアラ_レトラ
Event	ev_えるすりー直前スペシャルカラオケ大会第一部
Event	ev_こまくらオフコラボ歌枠リレーlantis曲縛り平成アイドルオタクいきます氷猫みう_mewlive新人vtuber
Event	ev_すばストsss2024_super_subaru_streetまりなすvtuber3d
Event	ev_ぷちますトークライブイベント_ぷちますかんしゃさい
Event	ev_まりなす7周年記念ライブ
Event	ev_まりなすヴイアラ生配信まりなすvα-livヴイアライヴコラボ配信
Event	ev_アイドルマスター_psプロデューサー_公開録音イベント_lets_exaite_皆公録さえくさ
Event	ev_アイドルマスター_radio_for_you_公開録音イベント_radio_for_結_you-i
Event	ev_アイドルマスター_radio_for_you_公開録音イベント_結納you-i_know
Event	ev_アイドルマスター_sidem_ラジオ315プロnight_315回記念公開録音_ドラマチックミーティングvol3_moon_side
Event	ev_アイドルマスター_ワンフォーオールぷちます_すぺしゃるすてーじ_inゲームの電撃_感謝祭
Event	ev_アイマスぷちますすぺしゃるすてーじですよっ_さんっin_電撃20年祭
Event	ev_アイマス縛り歌枠pちゃま一緒にブチアガろヴイアラ歌枠リレー_レトラ
Event	ev_アイマス縛り歌枠トップバッターは愛夏ですヴイアラ歌枠リレー_灯里愛夏
Event	ev_アイマス縛り歌枠ヴイアラ歌枠リレー_ラストはわたしヴイアラ_レトラ
Event	ev_アイマス縛り歌枠最後まで盛り上がっていきますよヴイアラ歌枠リレー_上水流宇宙
Event	ev_アギューitv24com公開録音
Event	ev_オールアイカツ歌枠リレー私のアツいアイドル活動届けますヴイアラ_上水流宇宙
Event	ev_オールジャンルカラオケ歌枠ヴイアラ歌枠リレー_2番手宇宙大好きな曲を歌いますヴイアラ_上水流宇宙
Event	ev_ゲームの電撃_感謝祭2013_アイマスぷちます_すぺしゃるすてーじですよんっ
Event	ev_ゲームの電撃_感謝祭_2011アイドルマスター2ぷちますすぺしゃるすてーじですよっ_in秋葉原
Event	ev_ゲームの電撃_感謝祭_2012_アイマスぷちますすぺしゃるすてーじですよっ_にっ_in秋葉原
Event	ev_コラボ歌枠お家にれいちゃんが来たぞ歌うぞoff_collab_singing_stream_with_otsuka_rayヴイアラ_レトラ_おつかれとら_
Event	ev_コラボ歌枠ウタノちゃんと初コラボ歌っちゃうぞヴイアラ_レトラ_ウタノライブ_白玖ウタノ
Event	ev_コラボ歌枠オフで一緒に歌うよoff_collab_singing_stream_with_otsuka_rayヴイアラ_レトラ_おつかれとら_乙夏れい
Event	ev_サブスク解禁記念群青イニシエーション制作秘話対談コラボレトラ_ヴイアラ
Event	ev_スタジオ生演奏最高の歌姫が集まりました_橙里ピアノセッション橙里セイ_上水流宇宙_鈴鳴すばる_瀬戸乃とと_ななしいんく
Event	ev_スリーマン歌枠リレー主催歌枠リレーラストはレトラがon_stageヴイアラ_レトラ
Event	ev_スリーマン歌枠リレー主催歌枠リレーラストも盛り上がっていくぞヴイアラ_レトラ
Event	ev_デレラジa公開録音デレソニ
Event	ev_ブイアワ2025夏開催直前カラオケ歌枠配信virtual_music_award_2025_summer
Event	ev_ブイアワ開催直前スペシャル公式生配信第一部virtual_music_award_2025
Event	ev_ラジオ_アイドルマスターシンデレラガールズデレラジ公開録音_サマデレ2014
Event	ev_ラジオ_シンデレラガールズデレラジ公開録音_in_ナンジャタウン_魔法がかかるのは17時から
Event	ev_ラジオdeアイマchu公開録音イベント_もぎたてかんきっchu関内ホールへ行かんない
Event	ev_ラジオdeアイマchu公開録音イベント春満開chuリップまだまだゆっくり旅気分
Event	ev_ラジオdeアイマshow_公開録音event_今田舎村で落ち合おうtorico_de_2006_autumn
Event	ev_ラジオdeアイマstar公開録音イベント_panpan_アトリエdeあえまcheffle_桜の季節のフルコース
Event	ev_ラジオdeアイマstar公開録音イベント_星春桜歌祭_powerfulmiraclechefftival
Event	ev_ラジオimstudio公開録音ミニlive_みんなとすごす夏休み_with_えりっくくらぷとりん
Event	ev_レトラ祝4万人ch登録者数4万人突破3d配信で歌っちゃうよんヴイアラ_レトラ
Event	ev_レトラ誕生祭2023誕生日ミニlive感謝を込めて届けますヴイアラレトラ
Event	ev_レトラ誕生祭2024レトラのバースデーリサイタルにようこそヴイアラ_レトラ
Event	ev_ヴイアラ3dお披露目リレーpちゃま力を貸してくれ踊って歌うぞヴイアラ_レトラ
Event	ev_ヴイアラ_1st_album彼方リリース記念イベント
Event	ev_ヴイアラデミカツ歌枠リレートップバッターは愛夏とみえるちゃんです灯里愛夏_姫乃みえる_ヴイアラ_デミカツ
Event	ev_ヴイアラ歌枠リレートップバッター最高に可愛く決めちゃいますヴイアラ_灯里愛夏
Event	ev_ヴイアラ歌枠リレーボカロ楽曲縛り歌枠1番手は愛夏ですヴイアラ_灯里愛夏
Event	ev_ヴイアラ歌枠リレー宇宙参ります_異次元フェス_セトリ楽曲で盛り上がりましょうヴイアラ_上水流宇宙
Event	ev_上水流宇宙祝10万人祝ch登録者数10万人突破感謝の気持ちを歌とダンスに込めますヴイアラ_上水流宇宙
Event	ev_上水流宇宙誕生祭2024club_cosmoにようこそ18歳の誕生日に18曲歌いますヴイアラ_上水流宇宙
Event	ev_公式コラボアイマス曲縛りで鬼畜pとアイドル候補生がピアノ歌コラボ生配信よみぃ上水流宇宙アイドル育成プロジェクト_vα-liv
Event	ev_冬のアイマス曲縛りヴイアラ歌枠リレー_で先輩の曲を歌わせていただきますヴイアラ_上水流宇宙
Event	ev_凸待ちっぽい歌枠優しくて歌の上手い女たちとぶちかます_お知らせもあるよ朝ノ瑠璃
Event	ev_初歌枠ヴイアラ歌枠リレー_で電音部楽曲を歌います灯里愛夏_ヴイアラ
Event	ev_和央パリン誕生日会後夜祭盛り上がる準備はできてるかーアイカツアカデミーワォyou_knowこねこねたいむリクム遠吠きゃんひょう太朗鈴鳴すばるレトラ
Event	ev_夜に溺れる歌枠リレー良い音集めました楽しい夜を一緒にどうですかヴイアラ_上水流宇宙
Event	ev_学園アイドルマスター_初星学園放送部_公開録音2025_放送部の優雅で軽やかで大騒ぎな一日第1部_放送部の優雅で大騒ぎな一日
Event	ev_巫てんり主催歌枠リレーresonance
Event	ev_念願の東方アレンジ縛りコラボ歌枠盛り上がっていきましょう上水流宇宙_ヴイアラ
Event	ev_星街すいせい6周年記念livesheenderelladay
Event	ev_歌枠876プロ新人アイドルが87分6秒歌い続ける歌枠ヴイアラ_レトラ
Event	ev_歌枠karaokeレトラちゃんvα-livproject_imsとオフコラボで歌うoff_collab_singing_stream_with_letor
Event	ev_歌枠karaokeレトラちゃんvα-livproject_imsとオフコラボで歌うoff_collab_with_letoraおつかれとら_配信中
Event	ev_歌枠karaoke少しでも10万人へ12時間配信チャレンジ歌枠その3_shorts_vtuber_vsinger
Event	ev_歌枠はじめての外部歌枠リレーasobinotes学マス電音部ヴイアラ縛りだああ巫てんり主催歌枠リレーresonance
Event	ev_歌枠祝3万人_重大発表あり遠征帰りのへろへろ歌枠ヴイアラ_レトラ
Event	ev_歌枠超かっこいいレトラちゃんと歌う_れとらぶ_ヴイアラ_ウタノライブ_karaokevsinger
Event	ev_深海の歌枠リレー青曲海曲沢山歌っちゃいますヴイアラ_上水流宇宙
Event	ev_灯里愛夏祝4万人ch登録者数4万人ありがとう体を張った3d配信をお見せしますヴイアラ_灯里愛夏
Event	ev_灯里愛夏誕生祭2023happy_anniversary
Event	ev_灯里愛夏誕生祭2024愛夏のやりたいこと欲ばり歌枠劇場ヴイアラ
Event	ev_真夏の深海歌枠リレー深海らしさ満点の涼し気セトリぜひ聴いていってくださいヴイアラ_上水流宇宙
Event	ev_第2回_きみとアイドル歌枠リレー_愛夏アイドル全開で歌いますヴイアラ_灯里愛夏
Event	ev_縦型配信初のソロ歌枠で1曲耐久チャレンジヴイアラレトラshorts
Event	ev_誕生祭祝17歳上水流宇宙は1700人にお祝いされたいですヴイアラ_上水流宇宙誕生祭2023
Event	ev_電撃キャラクターフェスティバル2009ぷちますすぺしゃるすてーじもうすぐコミックス発売なのですよ
Event	ev_電音部dj生配信_20250605
Event	ev_電音部dj生配信_20260303
Event	ev_電音部縛りヴイアラリベンジ歌枠_あの日よりキラキラに歌いますヴイアラ灯里愛夏
Event	ev_나나_x_코스모_콜라보_노래방송_시작합니다_ナナ_x_宇宙_歌枠コラボ配信放送開始
