# CloudKit Production から消す setlist_performers (SideM 11th の出演外の歌唱者, issue #148 #153)
SetlistPerformer	setlist_performers-sh_the_idolmster_sidem_11th_stage_ever_everfter_1_0002-sidem_アスランbbⅱ世
SetlistPerformer	setlist_performers-sh_the_idolmster_sidem_11th_stage_ever_everfter_1_0002-sidem_東雲荘一郎
SetlistPerformer	setlist_performers-sh_the_idolmster_sidem_11th_stage_ever_everfter_1_0002-sidem_神谷幸広
SetlistPerformer	setlist_performers-sh_the_idolmster_sidem_11th_stage_ever_everfter_1_0003-sidem_円城寺道流
SetlistPerformer	setlist_performers-sh_the_idolmster_sidem_11th_stage_ever_everfter_1_0003-sidem_牙崎漣
SetlistPerformer	setlist_performers-sh_the_idolmster_sidem_11th_stage_ever_everfter_1_0004-sidem_猫柳キリオ
SetlistPerformer	setlist_performers-sh_the_idolmster_sidem_11th_stage_ever_everfter_1_0009-sidem_都築圭
SetlistPerformer	setlist_performers-sh_the_idolmster_sidem_11th_stage_ever_everfter_1_0011-sidem_木村龍
SetlistPerformer	setlist_performers-sh_the_idolmster_sidem_11th_stage_ever_everfter_1_0013-sidem_秋月涼
SetlistPerformer	setlist_performers-sh_the_idolmster_sidem_11th_stage_ever_everfter_1_0017-sidem_岡村直央
SetlistPerformer	setlist_performers-sh_the_idolmster_sidem_11th_stage_ever_everfter_1_0017-sidem_神谷幸広
SetlistPerformer	setlist_performers-sh_the_idolmster_sidem_11th_stage_ever_everfter_1_0019-sidem_岡村直央
SetlistPerformer	setlist_performers-sh_the_idolmster_sidem_11th_stage_ever_everfter_1_0020-sidem_神谷幸広
SetlistPerformer	setlist_performers-sh_the_idolmster_sidem_11th_stage_ever_everfter_1_0024-sidem_古論クリス
SetlistPerformer	setlist_performers-sh_the_idolmster_sidem_11th_stage_ever_everfter_1_0027-sidem_柏木翼
SetlistPerformer	setlist_performers-sh_the_idolmster_sidem_11th_stage_ever_everfter_1_0027-sidem_桜庭薫
SetlistPerformer	setlist_performers-sh_the_idolmster_sidem_11th_stage_ever_everfter_1_0028-sidem_猫柳キリオ
SetlistPerformer	setlist_performers-sh_the_idolmster_sidem_11th_stage_ever_everfter_1_0033-sidem_アスランbbⅱ世
SetlistPerformer	setlist_performers-sh_the_idolmster_sidem_11th_stage_ever_everfter_1_0033-sidem_円城寺道流
SetlistPerformer	setlist_performers-sh_the_idolmster_sidem_11th_stage_ever_everfter_1_0033-sidem_古論クリス
SetlistPerformer	setlist_performers-sh_the_idolmster_sidem_11th_stage_ever_everfter_1_0033-sidem_岡村直央
SetlistPerformer	setlist_performers-sh_the_idolmster_sidem_11th_stage_ever_everfter_1_0033-sidem_木村龍
SetlistPerformer	setlist_performers-sh_the_idolmster_sidem_11th_stage_ever_everfter_1_0033-sidem_東雲荘一郎
SetlistPerformer	setlist_performers-sh_the_idolmster_sidem_11th_stage_ever_everfter_1_0033-sidem_柏木翼
SetlistPerformer	setlist_performers-sh_the_idolmster_sidem_11th_stage_ever_everfter_1_0033-sidem_桜庭薫
SetlistPerformer	setlist_performers-sh_the_idolmster_sidem_11th_stage_ever_everfter_1_0033-sidem_牙崎漣
SetlistPerformer	setlist_performers-sh_the_idolmster_sidem_11th_stage_ever_everfter_1_0033-sidem_猫柳キリオ
SetlistPerformer	setlist_performers-sh_the_idolmster_sidem_11th_stage_ever_everfter_1_0033-sidem_神谷幸広
SetlistPerformer	setlist_performers-sh_the_idolmster_sidem_11th_stage_ever_everfter_1_0033-sidem_秋月涼
SetlistPerformer	setlist_performers-sh_the_idolmster_sidem_11th_stage_ever_everfter_1_0033-sidem_都築圭
SetlistPerformer	setlist_performers-sh_the_idolmster_sidem_11th_stage_ever_everfter_1_0034-sidem_アスランbbⅱ世
SetlistPerformer	setlist_performers-sh_the_idolmster_sidem_11th_stage_ever_everfter_1_0034-sidem_円城寺道流
SetlistPerformer	setlist_performers-sh_the_idolmster_sidem_11th_stage_ever_everfter_1_0034-sidem_古論クリス
SetlistPerformer	setlist_performers-sh_the_idolmster_sidem_11th_stage_ever_everfter_1_0034-sidem_岡村直央
SetlistPerformer	setlist_performers-sh_the_idolmster_sidem_11th_stage_ever_everfter_1_0034-sidem_木村龍
SetlistPerformer	setlist_performers-sh_the_idolmster_sidem_11th_stage_ever_everfter_1_0034-sidem_東雲荘一郎
SetlistPerformer	setlist_performers-sh_the_idolmster_sidem_11th_stage_ever_everfter_1_0034-sidem_柏木翼
SetlistPerformer	setlist_performers-sh_the_idolmster_sidem_11th_stage_ever_everfter_1_0034-sidem_桜庭薫
SetlistPerformer	setlist_performers-sh_the_idolmster_sidem_11th_stage_ever_everfter_1_0034-sidem_牙崎漣
SetlistPerformer	setlist_performers-sh_the_idolmster_sidem_11th_stage_ever_everfter_1_0034-sidem_猫柳キリオ
SetlistPerformer	setlist_performers-sh_the_idolmster_sidem_11th_stage_ever_everfter_1_0034-sidem_神谷幸広
SetlistPerformer	setlist_performers-sh_the_idolmster_sidem_11th_stage_ever_everfter_1_0034-sidem_秋月涼
SetlistPerformer	setlist_performers-sh_the_idolmster_sidem_11th_stage_ever_everfter_1_0034-sidem_都築圭
SetlistPerformer	setlist_performers-sh_the_idolmster_sidem_11th_stage_ever_everfter_2_0005-sidem_ピエール
SetlistPerformer	setlist_performers-sh_the_idolmster_sidem_11th_stage_ever_everfter_2_0005-sidem_鷹城恭二
SetlistPerformer	setlist_performers-sh_the_idolmster_sidem_11th_stage_ever_everfter_2_0006-sidem_猫柳キリオ
SetlistPerformer	setlist_performers-sh_the_idolmster_sidem_11th_stage_ever_everfter_2_0008-sidem_姫野かのん
SetlistPerformer	setlist_performers-sh_the_idolmster_sidem_11th_stage_ever_everfter_2_0008-sidem_橘志狼
SetlistPerformer	setlist_performers-sh_the_idolmster_sidem_11th_stage_ever_everfter_2_0016-sidem_冬美旬
SetlistPerformer	setlist_performers-sh_the_idolmster_sidem_11th_stage_ever_everfter_2_0018-sidem_御手洗翔太
SetlistPerformer	setlist_performers-sh_the_idolmster_sidem_11th_stage_ever_everfter_2_0019-sidem_姫野かのん
SetlistPerformer	setlist_performers-sh_the_idolmster_sidem_11th_stage_ever_everfter_2_0019-sidem_橘志狼
SetlistPerformer	setlist_performers-sh_the_idolmster_sidem_11th_stage_ever_everfter_2_0021-sidem_御手洗翔太
SetlistPerformer	setlist_performers-sh_the_idolmster_sidem_11th_stage_ever_everfter_2_0027-sidem_ピエール
SetlistPerformer	setlist_performers-sh_the_idolmster_sidem_11th_stage_ever_everfter_2_0027-sidem_鷹城恭二
SetlistPerformer	setlist_performers-sh_the_idolmster_sidem_11th_stage_ever_everfter_2_0028-sidem_ピエール
SetlistPerformer	setlist_performers-sh_the_idolmster_sidem_11th_stage_ever_everfter_2_0028-sidem_紅井朱雀
SetlistPerformer	setlist_performers-sh_the_idolmster_sidem_11th_stage_ever_everfter_2_0028-sidem_鷹城恭二
SetlistPerformer	setlist_performers-sh_the_idolmster_sidem_11th_stage_ever_everfter_2_0031-sidem_御手洗翔太
SetlistPerformer	setlist_performers-sh_the_idolmster_sidem_11th_stage_ever_everfter_2_0033-sidem_御手洗翔太
SetlistPerformer	setlist_performers-sh_the_idolmster_sidem_11th_stage_ever_everfter_2_0037-sidem_ピエール
SetlistPerformer	setlist_performers-sh_the_idolmster_sidem_11th_stage_ever_everfter_2_0037-sidem_冬美旬
SetlistPerformer	setlist_performers-sh_the_idolmster_sidem_11th_stage_ever_everfter_2_0037-sidem_姫野かのん
SetlistPerformer	setlist_performers-sh_the_idolmster_sidem_11th_stage_ever_everfter_2_0037-sidem_御手洗翔太
SetlistPerformer	setlist_performers-sh_the_idolmster_sidem_11th_stage_ever_everfter_2_0037-sidem_橘志狼
SetlistPerformer	setlist_performers-sh_the_idolmster_sidem_11th_stage_ever_everfter_2_0037-sidem_猫柳キリオ
SetlistPerformer	setlist_performers-sh_the_idolmster_sidem_11th_stage_ever_everfter_2_0037-sidem_紅井朱雀
SetlistPerformer	setlist_performers-sh_the_idolmster_sidem_11th_stage_ever_everfter_2_0037-sidem_鷹城恭二
SetlistPerformer	setlist_performers-sh_the_idolmster_sidem_11th_stage_ever_everfter_2_0038-sidem_ピエール
SetlistPerformer	setlist_performers-sh_the_idolmster_sidem_11th_stage_ever_everfter_2_0038-sidem_冬美旬
SetlistPerformer	setlist_performers-sh_the_idolmster_sidem_11th_stage_ever_everfter_2_0038-sidem_姫野かのん
SetlistPerformer	setlist_performers-sh_the_idolmster_sidem_11th_stage_ever_everfter_2_0038-sidem_御手洗翔太
SetlistPerformer	setlist_performers-sh_the_idolmster_sidem_11th_stage_ever_everfter_2_0038-sidem_橘志狼
SetlistPerformer	setlist_performers-sh_the_idolmster_sidem_11th_stage_ever_everfter_2_0038-sidem_猫柳キリオ
SetlistPerformer	setlist_performers-sh_the_idolmster_sidem_11th_stage_ever_everfter_2_0038-sidem_紅井朱雀
SetlistPerformer	setlist_performers-sh_the_idolmster_sidem_11th_stage_ever_everfter_2_0038-sidem_鷹城恭二
