SongArtist	song_artists-sidem_after_the_rain-765as_双海亜美-original
SongArtist	song_artists-sidem_after_the_rain-765as_双海亜美-performer
SongArtist	song_artists-sidem_after_the_rain-765as_双海真美-original
SongArtist	song_artists-sidem_after_the_rain-765as_双海真美-performer
SongArtist	song_artists-sidem_azur-765as_双海亜美-original
SongArtist	song_artists-sidem_azur-765as_双海亜美-performer
SongArtist	song_artists-sidem_azur-765as_双海真美-original
SongArtist	song_artists-sidem_azur-765as_双海真美-performer
SongArtist	song_artists-sidem_datetoday-765as_双海亜美-original
SongArtist	song_artists-sidem_datetoday-765as_双海亜美-performer
SongArtist	song_artists-sidem_datetoday-765as_双海真美-original
SongArtist	song_artists-sidem_datetoday-765as_双海真美-performer
SongArtist	song_artists-sidem_feeeel_gooood-765as_双海亜美-original
SongArtist	song_artists-sidem_feeeel_gooood-765as_双海亜美-performer
SongArtist	song_artists-sidem_feeeel_gooood-765as_双海真美-original
SongArtist	song_artists-sidem_feeeel_gooood-765as_双海真美-performer
SongArtist	song_artists-sidem_growingroovin-765as_双海亜美-original
SongArtist	song_artists-sidem_growingroovin-765as_双海亜美-performer
SongArtist	song_artists-sidem_growingroovin-765as_双海真美-original
SongArtist	song_artists-sidem_growingroovin-765as_双海真美-performer
SongArtist	song_artists-sidem_leading_your_dream-765as_双海亜美-original
SongArtist	song_artists-sidem_leading_your_dream-765as_双海亜美-performer
SongArtist	song_artists-sidem_leading_your_dream-765as_双海真美-original
SongArtist	song_artists-sidem_leading_your_dream-765as_双海真美-performer
SongArtist	song_artists-sidem_play_for_fun-tasy-765as_双海亜美-original
SongArtist	song_artists-sidem_play_for_fun-tasy-765as_双海亜美-performer
SongArtist	song_artists-sidem_play_for_fun-tasy-765as_双海真美-original
SongArtist	song_artists-sidem_play_for_fun-tasy-765as_双海真美-performer
SongArtist	song_artists-sidem_super_kick_rap-765as_双海亜美-original
SongArtist	song_artists-sidem_super_kick_rap-765as_双海亜美-performer
SongArtist	song_artists-sidem_super_kick_rap-765as_双海真美-original
SongArtist	song_artists-sidem_super_kick_rap-765as_双海真美-performer
SongArtist	song_artists-sidem_vivaファミリーリズム-765as_双海亜美-original
SongArtist	song_artists-sidem_vivaファミリーリズム-765as_双海真美-original
SongArtist	song_artists-sidem_watchword-765as_双海亜美-original
SongArtist	song_artists-sidem_watchword-765as_双海亜美-performer
SongArtist	song_artists-sidem_watchword-765as_双海真美-original
SongArtist	song_artists-sidem_watchword-765as_双海真美-performer
SongArtist	song_artists-sidem_yell_of_delight-765as_双海亜美-original
SongArtist	song_artists-sidem_yell_of_delight-765as_双海真美-original
ImasUnit	unit_w
UnitMember	unit_members-unit_w-765as_双海亜美
UnitMember	unit_members-unit_w-765as_双海真美
