ShowCast	show_cast-sh_シンデレラガールズ_15周年_大型イベント_1-cg_久川颯
ShowCast	show_cast-sh_シンデレラガールズ_15周年_大型イベント_1-cg_佐藤心
ShowCast	show_cast-sh_シンデレラガールズ_15周年_大型イベント_1-cg_北条加蓮
ShowCast	show_cast-sh_シンデレラガールズ_15周年_大型イベント_1-cg_塩見周子
ShowCast	show_cast-sh_シンデレラガールズ_15周年_大型イベント_1-cg_大槻唯
ShowCast	show_cast-sh_シンデレラガールズ_15周年_大型イベント_1-cg_安部菜々
ShowCast	show_cast-sh_シンデレラガールズ_15周年_大型イベント_1-cg_早坂美玲
ShowCast	show_cast-sh_シンデレラガールズ_15周年_大型イベント_1-cg_星輝子
ShowCast	show_cast-sh_シンデレラガールズ_15周年_大型イベント_1-cg_本田未央
ShowCast	show_cast-sh_シンデレラガールズ_15周年_大型イベント_1-cg_森久保乃々
ShowCast	show_cast-sh_シンデレラガールズ_15周年_大型イベント_1-cg_橘ありす
ShowCast	show_cast-sh_シンデレラガールズ_15周年_大型イベント_1-cg_渋谷凛
ShowCast	show_cast-sh_シンデレラガールズ_15周年_大型イベント_1-cg_砂塚あきら
ShowCast	show_cast-sh_シンデレラガールズ_15周年_大型イベント_1-cg_神崎蘭子
ShowCast	show_cast-sh_シンデレラガールズ_15周年_大型イベント_1-cg_神谷奈緒
ShowCast	show_cast-sh_シンデレラガールズ_15周年_大型イベント_1-cg_輿水幸子
ShowCast	show_cast-sh_シンデレラガールズ_15周年_大型イベント_1-cg_辻野あかり
ShowCast	show_cast-sh_シンデレラガールズ_15周年_大型イベント_1-cg_速水奏
ShowCast	show_cast-sh_シンデレラガールズ_15周年_大型イベント_1-cg_高垣楓
ShowCast	show_cast-sh_シンデレラガールズ_15周年_大型イベント_2-cg_アナスタシア
ShowCast	show_cast-sh_シンデレラガールズ_15周年_大型イベント_2-cg_一ノ瀬志希
ShowCast	show_cast-sh_シンデレラガールズ_15周年_大型イベント_2-cg_久川颯
ShowCast	show_cast-sh_シンデレラガールズ_15周年_大型イベント_2-cg_佐藤心
ShowCast	show_cast-sh_シンデレラガールズ_15周年_大型イベント_2-cg_城ヶ崎美嘉
ShowCast	show_cast-sh_シンデレラガールズ_15周年_大型イベント_2-cg_塩見周子
ShowCast	show_cast-sh_シンデレラガールズ_15周年_大型イベント_2-cg_夢見りあむ
ShowCast	show_cast-sh_シンデレラガールズ_15周年_大型イベント_2-cg_大槻唯
ShowCast	show_cast-sh_シンデレラガールズ_15周年_大型イベント_2-cg_宮本フレデリカ
ShowCast	show_cast-sh_シンデレラガールズ_15周年_大型イベント_2-cg_小早川紗枝
ShowCast	show_cast-sh_シンデレラガールズ_15周年_大型イベント_2-cg_島村卯月
ShowCast	show_cast-sh_シンデレラガールズ_15周年_大型イベント_2-cg_新田美波
ShowCast	show_cast-sh_シンデレラガールズ_15周年_大型イベント_2-cg_早坂美玲
ShowCast	show_cast-sh_シンデレラガールズ_15周年_大型イベント_2-cg_本田未央
ShowCast	show_cast-sh_シンデレラガールズ_15周年_大型イベント_2-cg_橘ありす
ShowCast	show_cast-sh_シンデレラガールズ_15周年_大型イベント_2-cg_白坂小梅
ShowCast	show_cast-sh_シンデレラガールズ_15周年_大型イベント_2-cg_砂塚あきら
ShowCast	show_cast-sh_シンデレラガールズ_15周年_大型イベント_2-cg_諸星きらり
ShowCast	show_cast-sh_シンデレラガールズ_15周年_大型イベント_2-cg_赤城みりあ
ShowCast	show_cast-sh_シンデレラガールズ_15周年_大型イベント_2-cg_輿水幸子
