sh_シンデレラガールズ_15周年_大型イベント_1	live	SPラウンジ席	81500	0		https://idolmaster-official.jp/live_event/cg_15th_for_your_one/
sh_シンデレラガールズ_15周年_大型イベント_1	live	バルコニー席	18500	0		https://idolmaster-official.jp/live_event/cg_15th_for_your_one/
sh_シンデレラガールズ_15周年_大型イベント_1	live	全席指定	15500	0		https://idolmaster-official.jp/live_event/cg_15th_for_your_one/
sh_シンデレラガールズ_15周年_大型イベント_1	live	着席指定	15500	0		https://idolmaster-official.jp/live_event/cg_15th_for_your_one/
sh_シンデレラガールズ_15周年_大型イベント_2	live	SPラウンジ席	81500	0		https://idolmaster-official.jp/live_event/cg_15th_for_your_one/
sh_シンデレラガールズ_15周年_大型イベント_2	live	バルコニー席	18500	0		https://idolmaster-official.jp/live_event/cg_15th_for_your_one/
sh_シンデレラガールズ_15周年_大型イベント_2	live	全席指定	15500	0		https://idolmaster-official.jp/live_event/cg_15th_for_your_one/
sh_シンデレラガールズ_15周年_大型イベント_2	live	着席指定	15500	0		https://idolmaster-official.jp/live_event/cg_15th_for_your_one/
sh_cinderella_girls_concept_xr_live_pop_n_toybox_1	live	全席指定	9800	0		https://idolmaster-official.jp/live_event/cg_ptb/
sh_cinderella_girls_concept_xr_live_pop_n_toybox_1	live	ステージサイド席	9300	0	当日券は9,800円	https://idolmaster-official.jp/live_event/cg_ptb/
sh_cinderella_girls_concept_xr_live_pop_n_toybox_1	stream	xRライブストリーミングチケット	4500	0		https://idolmaster-official.jp/live_event/cg_ptb/
sh_cinderella_girls_concept_xr_live_pop_n_toybox_2	live	全席指定	9800	0		https://idolmaster-official.jp/live_event/cg_ptb/
sh_cinderella_girls_concept_xr_live_pop_n_toybox_2	live	ステージサイド席	9300	0	当日券は9,800円	https://idolmaster-official.jp/live_event/cg_ptb/
sh_cinderella_girls_concept_xr_live_pop_n_toybox_2	stream	xRライブストリーミングチケット	4500	0		https://idolmaster-official.jp/live_event/cg_ptb/
sh_cinderella_girls_concept_xr_live_pop_n_toybox_3	live	全席指定	9800	0		https://idolmaster-official.jp/live_event/cg_ptb/
sh_cinderella_girls_concept_xr_live_pop_n_toybox_3	live	ステージサイド席	9300	0	当日券は9,800円	https://idolmaster-official.jp/live_event/cg_ptb/
sh_cinderella_girls_concept_xr_live_pop_n_toybox_3	stream	xRライブストリーミングチケット	4500	0		https://idolmaster-official.jp/live_event/cg_ptb/
sh_cinderella_girls_concept_xr_live_pop_n_toybox_4	live	全席指定	9800	0		https://idolmaster-official.jp/live_event/cg_ptb/
sh_cinderella_girls_concept_xr_live_pop_n_toybox_4	live	ステージサイド席	9300	0	当日券は9,800円	https://idolmaster-official.jp/live_event/cg_ptb/
sh_cinderella_girls_concept_xr_live_pop_n_toybox_4	stream	xRライブストリーミングチケット	4500	0		https://idolmaster-official.jp/live_event/cg_ptb/
sh_cinderella_girls_concept_xr_live_pop_n_toybox_5	live	全席指定	9800	0		https://idolmaster-official.jp/live_event/cg_ptb/
sh_cinderella_girls_concept_xr_live_pop_n_toybox_5	live	ステージサイド席	9300	0	当日券は9,800円	https://idolmaster-official.jp/live_event/cg_ptb/
sh_cinderella_girls_concept_xr_live_pop_n_toybox_5	stream	xRライブストリーミングチケット	4500	0		https://idolmaster-official.jp/live_event/cg_ptb/
sh_cinderella_girls_concept_xr_live_pop_n_toybox_6	live	全席指定	9800	0		https://idolmaster-official.jp/live_event/cg_ptb/
sh_cinderella_girls_concept_xr_live_pop_n_toybox_6	live	ステージサイド席	9300	0	当日券は9,800円	https://idolmaster-official.jp/live_event/cg_ptb/
sh_cinderella_girls_concept_xr_live_pop_n_toybox_6	stream	xRライブストリーミングチケット	4500	0		https://idolmaster-official.jp/live_event/cg_ptb/
sh_cinderella_girls_musical_第2弾_1	live	S席（全席指定）	17000	0	1階前方ブロック確約	https://idolmaster-official.jp/live_event/cg_musical_dd/
sh_cinderella_girls_musical_第2弾_1	live	A席（全席指定）	12000	0	当日券は12,500円	https://idolmaster-official.jp/live_event/cg_musical_dd/
sh_cinderella_girls_musical_第2弾_1	live	見切れ席（全席指定）	11500	0	当日券は12,000円	https://idolmaster-official.jp/live_event/cg_musical_dd/
sh_cinderella_girls_musical_第2弾_1	stream	配信チケット（通常）	5000	0		https://idolmaster-official.jp/live_event/cg_musical_dd/
sh_cinderella_girls_musical_第2弾_1	stream	配信チケット（マルチアングル）	6500	0		https://idolmaster-official.jp/live_event/cg_musical_dd/
sh_cinderella_girls_musical_第2弾_2	live	S席（全席指定）	17000	0	1階前方ブロック確約	https://idolmaster-official.jp/live_event/cg_musical_dd/
sh_cinderella_girls_musical_第2弾_2	live	A席（全席指定）	12000	0	当日券は12,500円	https://idolmaster-official.jp/live_event/cg_musical_dd/
sh_cinderella_girls_musical_第2弾_2	live	見切れ席（全席指定）	11500	0	当日券は12,000円	https://idolmaster-official.jp/live_event/cg_musical_dd/
sh_cinderella_girls_musical_第2弾_2	stream	配信チケット（通常）	5000	0		https://idolmaster-official.jp/live_event/cg_musical_dd/
sh_cinderella_girls_musical_第2弾_2	stream	配信チケット（マルチアングル）	6500	0		https://idolmaster-official.jp/live_event/cg_musical_dd/
sh_cinderella_girls_musical_第2弾_3	live	S席（全席指定）	17000	0	1階前方ブロック確約	https://idolmaster-official.jp/live_event/cg_musical_dd/
sh_cinderella_girls_musical_第2弾_3	live	A席（全席指定）	12000	0	当日券は12,500円	https://idolmaster-official.jp/live_event/cg_musical_dd/
sh_cinderella_girls_musical_第2弾_3	live	見切れ席（全席指定）	11500	0	当日券は12,000円	https://idolmaster-official.jp/live_event/cg_musical_dd/
sh_cinderella_girls_musical_第2弾_3	stream	配信チケット（通常）	5000	0		https://idolmaster-official.jp/live_event/cg_musical_dd/
sh_cinderella_girls_musical_第2弾_3	stream	配信チケット（マルチアングル）	6500	0		https://idolmaster-official.jp/live_event/cg_musical_dd/
sh_cinderella_girls_musical_starlight_high_school_1	live	S席（全席指定）	17000	0	1階前方ブロック確約	https://idolmaster-official.jp/live_event/cg_musical_sh/
sh_cinderella_girls_musical_starlight_high_school_1	live	A席（全席指定）	12000	0		https://idolmaster-official.jp/live_event/cg_musical_sh/
sh_cinderella_girls_musical_starlight_high_school_1	live	見切れ席（全席指定）	11500	0	当日券は12,000円	https://idolmaster-official.jp/live_event/cg_musical_sh/
sh_cinderella_girls_musical_starlight_high_school_1	stream	配信チケット（通常）	5000	0		https://idolmaster-official.jp/live_event/cg_musical_sh/
sh_cinderella_girls_musical_starlight_high_school_1	stream	配信チケット（マルチアングル）	6500	0		https://idolmaster-official.jp/live_event/cg_musical_sh/
sh_cinderella_girls_musical_starlight_high_school_2	live	S席（全席指定）	17000	0	1階前方ブロック確約	https://idolmaster-official.jp/live_event/cg_musical_sh/
sh_cinderella_girls_musical_starlight_high_school_2	live	A席（全席指定）	12000	0		https://idolmaster-official.jp/live_event/cg_musical_sh/
sh_cinderella_girls_musical_starlight_high_school_2	live	見切れ席（全席指定）	11500	0	当日券は12,000円	https://idolmaster-official.jp/live_event/cg_musical_sh/
sh_cinderella_girls_musical_starlight_high_school_2	stream	配信チケット（通常）	5000	0		https://idolmaster-official.jp/live_event/cg_musical_sh/
sh_cinderella_girls_musical_starlight_high_school_2	stream	配信チケット（マルチアングル）	6500	0		https://idolmaster-official.jp/live_event/cg_musical_sh/
sh_cinderella_girls_musical_starlight_high_school_3	live	S席（全席指定）	17000	0	1階前方ブロック確約	https://idolmaster-official.jp/live_event/cg_musical_sh/
sh_cinderella_girls_musical_starlight_high_school_3	live	A席（全席指定）	12000	0		https://idolmaster-official.jp/live_event/cg_musical_sh/
sh_cinderella_girls_musical_starlight_high_school_3	live	見切れ席（全席指定）	11500	0	当日券は12,000円	https://idolmaster-official.jp/live_event/cg_musical_sh/
sh_cinderella_girls_musical_starlight_high_school_3	stream	配信チケット（通常）	5000	0		https://idolmaster-official.jp/live_event/cg_musical_sh/
sh_cinderella_girls_musical_starlight_high_school_3	stream	配信チケット（マルチアングル）	6500	0		https://idolmaster-official.jp/live_event/cg_musical_sh/
sh_the_idolm@ster_cinderella_girls_15th_anniversary_orchestra_concert_~_シンデレラの演奏会_~_1	live	S席スペシャルシート	20000	0	前方席確約・限定お土産グッズ付き	https://idolmaster-official.jp/live_event/cg_15th_orchestra/ticket/
sh_the_idolm@ster_cinderella_girls_15th_anniversary_orchestra_concert_~_シンデレラの演奏会_~_1	live	A席全席指定	12000	0		https://idolmaster-official.jp/live_event/cg_15th_orchestra/ticket/
sh_the_idolm@ster_cinderella_girls_15th_anniversary_orchestra_concert_~_シンデレラの演奏会_~_2	live	S席スペシャルシート	20000	0	前方席確約・限定お土産グッズ付き	https://idolmaster-official.jp/live_event/cg_15th_orchestra/ticket/
sh_the_idolm@ster_cinderella_girls_15th_anniversary_orchestra_concert_~_シンデレラの演奏会_~_2	live	A席全席指定	12000	0		https://idolmaster-official.jp/live_event/cg_15th_orchestra/ticket/
sh_the_idolm@ster_cinderella_girls_×_million_live_clash_m@tch_1	live	アリーナ前方席	30000	0		https://idolmaster-official.jp/live_event/deremilli_clashmatch/ticket/
sh_the_idolm@ster_cinderella_girls_×_million_live_clash_m@tch_1	live	プレミアムラウンジ付指定席	20000	0		https://idolmaster-official.jp/live_event/deremilli_clashmatch/ticket/
sh_the_idolm@ster_cinderella_girls_×_million_live_clash_m@tch_1	live	一般指定席	15000	0		https://idolmaster-official.jp/live_event/deremilli_clashmatch/ticket/
sh_the_idolm@ster_cinderella_girls_×_million_live_clash_m@tch_2	live	アリーナ前方席	30000	0		https://idolmaster-official.jp/live_event/deremilli_clashmatch/ticket/
sh_the_idolm@ster_cinderella_girls_×_million_live_clash_m@tch_2	live	プレミアムラウンジ付指定席	20000	0		https://idolmaster-official.jp/live_event/deremilli_clashmatch/ticket/
sh_the_idolm@ster_cinderella_girls_×_million_live_clash_m@tch_2	live	一般指定席	15000	0		https://idolmaster-official.jp/live_event/deremilli_clashmatch/ticket/
sh_L1050	live	全席指定	14000	0		https://idolmaster-official.jp/live_event/cg_ss10th/ticket/osaka.php
sh_L1050	live	立見指定	13500	0		https://idolmaster-official.jp/live_event/cg_ss10th/ticket/osaka.php
sh_L1050	live	見切れ席	13500	0	当日券は14,000円	https://idolmaster-official.jp/live_event/cg_ss10th/ticket/osaka.php
sh_L1050	stream	配信チケット（通常）	6500	0		https://idolmaster-official.jp/live_event/cg_ss10th/ticket/osaka.php
sh_L1052	live	全席指定	14000	0		https://idolmaster-official.jp/live_event/cg_ss10th/ticket/osaka.php
sh_L1052	live	立見指定	13500	0		https://idolmaster-official.jp/live_event/cg_ss10th/ticket/osaka.php
sh_L1052	live	見切れ席	13500	0	当日券は14,000円	https://idolmaster-official.jp/live_event/cg_ss10th/ticket/osaka.php
sh_L1052	stream	配信チケット（通常）	6500	0		https://idolmaster-official.jp/live_event/cg_ss10th/ticket/osaka.php
sh_L1070	live	全席指定	14000	0		https://idolmaster-official.jp/live_event/cg_ss10th/ticket/tokyo.php
sh_L1070	live	見切れ席	13500	0	当日券は14,000円	https://idolmaster-official.jp/live_event/cg_ss10th/ticket/tokyo.php
sh_L1070	stream	配信チケット（通常）	6500	0		https://idolmaster-official.jp/live_event/cg_ss10th/ticket/tokyo.php
sh_L1072	live	全席指定	14000	0		https://idolmaster-official.jp/live_event/cg_ss10th/ticket/tokyo.php
sh_L1072	live	見切れ席	13500	0	当日券は14,000円	https://idolmaster-official.jp/live_event/cg_ss10th/ticket/tokyo.php
sh_L1072	stream	配信チケット（通常）	6500	0		https://idolmaster-official.jp/live_event/cg_ss10th/ticket/tokyo.php
sh_L1091	live	スイート席	35000	0		https://idolmaster-official.jp/live_event/cg_ss10th/ticket/okinawa.php
sh_L1091	live	全席指定	14000	0	当日券は14,500円	https://idolmaster-official.jp/live_event/cg_ss10th/ticket/okinawa.php
sh_L1091	stream	配信チケット（通常）	6500	0		https://idolmaster-official.jp/live_event/cg_ss10th/ticket/okinawa.php
sh_L1092	live	スイート席	35000	0		https://idolmaster-official.jp/live_event/cg_ss10th/ticket/okinawa.php
sh_L1092	live	全席指定	14000	0	当日券は14,500円	https://idolmaster-official.jp/live_event/cg_ss10th/ticket/okinawa.php
sh_L1092	stream	配信チケット（通常）	6500	0		https://idolmaster-official.jp/live_event/cg_ss10th/ticket/okinawa.php
sh_L1103	live	全席指定	14000	0	当日券は14,500円	https://idolmaster-official.jp/live_event/cg_ss10th/ticket/fukuoka.php
sh_L1103	stream	配信チケット（通常）	6500	0		https://idolmaster-official.jp/live_event/cg_ss10th/ticket/fukuoka.php
sh_L1104	live	全席指定	14000	0	当日券は14,500円	https://idolmaster-official.jp/live_event/cg_ss10th/ticket/fukuoka.php
sh_L1104	stream	配信チケット（通常）	6500	0		https://idolmaster-official.jp/live_event/cg_ss10th/ticket/fukuoka.php
sh_L1149	live	SPラウンジ席	83000	0	専用特典「モールドガラスぴにゃこら太像」付き	https://idolmaster-official.jp/live_event/cg_ss10th/ticket/kanagawa.php
sh_L1149	live	バルコニー席	20000	0		https://idolmaster-official.jp/live_event/cg_ss10th/ticket/kanagawa.php
sh_L1149	live	全席指定	17000	0		https://idolmaster-official.jp/live_event/cg_ss10th/ticket/kanagawa.php
sh_L1149	live	着席指定	17000	0		https://idolmaster-official.jp/live_event/cg_ss10th/ticket/kanagawa.php
sh_L1150	live	SPラウンジ席	83000	0	専用特典「モールドガラスぴにゃこら太像」付き	https://idolmaster-official.jp/live_event/cg_ss10th/ticket/kanagawa.php
sh_L1150	live	バルコニー席	20000	0		https://idolmaster-official.jp/live_event/cg_ss10th/ticket/kanagawa.php
sh_L1150	live	全席指定	17000	0		https://idolmaster-official.jp/live_event/cg_ss10th/ticket/kanagawa.php
sh_L1150	live	着席指定	17000	0		https://idolmaster-official.jp/live_event/cg_ss10th/ticket/kanagawa.php
sh_L1195	live	チケット	6600	1	公式発表は税別6,000円(10%換算で税込6,600円)	https://idolmaster-official.jp/news/01_16727
sh_L1196	live	チケット	6600	1	公式発表は税別6,000円(10%換算で税込6,600円)	https://idolmaster-official.jp/news/01_16727
sh_L1198	live	全席指定	9800	0	当日券は10,300円	https://idolmaster-official.jp/live_event/cg_fes_oustars/ticket/
sh_L1198	stream	xRライブストリーミングチケット	4500	0		https://idolmaster-official.jp/live_event/cg_fes_oustars/ticket/
sh_L1199	live	全席指定	9800	0	当日券は10,300円	https://idolmaster-official.jp/live_event/cg_fes_oustars/ticket/
sh_L1199	stream	xRライブストリーミングチケット	4500	0		https://idolmaster-official.jp/live_event/cg_fes_oustars/ticket/
sh_L1201	live	全席指定	9800	0	当日券は10,300円	https://idolmaster-official.jp/live_event/cg_fes_oustars/ticket/
sh_L1201	stream	xRライブストリーミングチケット	4500	0		https://idolmaster-official.jp/live_event/cg_fes_oustars/ticket/
sh_L1202	live	全席指定	9800	0	当日券は10,300円	https://idolmaster-official.jp/live_event/cg_fes_oustars/ticket/
sh_L1202	stream	xRライブストリーミングチケット	4500	0		https://idolmaster-official.jp/live_event/cg_fes_oustars/ticket/
sh_L0876	live	全席指定	9000	0		https://idolmaster-official.jp/live_event/cg_unittour/ticket/yamagata.php
sh_L0876	stream	配信チケット	4500	0		https://idolmaster-official.jp/live_event/cg_unittour/ticket/yamagata.php
sh_L0877	live	全席指定	9000	0		https://idolmaster-official.jp/live_event/cg_unittour/ticket/yamagata.php
sh_L0877	stream	配信チケット	4500	0		https://idolmaster-official.jp/live_event/cg_unittour/ticket/yamagata.php
sh_L0888	live	全席指定	9000	0		https://idolmaster-official.jp/live_event/cg_unittour/ticket/iwate.php
sh_L0888	stream	配信チケット	4500	0		https://idolmaster-official.jp/live_event/cg_unittour/ticket/iwate.php
sh_L0889	live	全席指定	9000	0		https://idolmaster-official.jp/live_event/cg_unittour/ticket/iwate.php
sh_L0889	stream	配信チケット	4500	0		https://idolmaster-official.jp/live_event/cg_unittour/ticket/iwate.php
sh_L0898	live	全席指定	9000	0	入場時別途ドリンク代600円	https://idolmaster-official.jp/live_event/cg_unittour/ticket/osaka.php
sh_L0898	stream	配信チケット	4500	0		https://idolmaster-official.jp/live_event/cg_unittour/ticket/osaka.php
sh_L0899	live	全席指定	9000	0	入場時別途ドリンク代600円	https://idolmaster-official.jp/live_event/cg_unittour/ticket/osaka.php
sh_L0899	stream	配信チケット	4500	0		https://idolmaster-official.jp/live_event/cg_unittour/ticket/osaka.php
sh_L0908	live	全席指定	9000	0	入場時別途ドリンク代600円	https://idolmaster-official.jp/live_event/cg_unittour/ticket/fukuoka.php
sh_L0908	stream	配信チケット	4500	0		https://idolmaster-official.jp/live_event/cg_unittour/ticket/fukuoka.php
sh_L0909	live	全席指定	9000	0	入場時別途ドリンク代600円	https://idolmaster-official.jp/live_event/cg_unittour/ticket/fukuoka.php
sh_L0909	stream	配信チケット	4500	0		https://idolmaster-official.jp/live_event/cg_unittour/ticket/fukuoka.php
sh_L0911	live	全席指定	9000	0	入場時別途ドリンク代600円	https://idolmaster-official.jp/live_event/cg_unittour/ticket/tokyo.php
sh_L0911	stream	配信チケット	4500	0		https://idolmaster-official.jp/live_event/cg_unittour/ticket/tokyo.php
sh_L0912	live	全席指定	9000	0	入場時別途ドリンク代600円	https://idolmaster-official.jp/live_event/cg_unittour/ticket/tokyo.php
sh_L0912	stream	配信チケット	4500	0		https://idolmaster-official.jp/live_event/cg_unittour/ticket/tokyo.php
sh_L0913	live	全席指定	9000	0		https://idolmaster-official.jp/live_event/cg_unittour/ticket/ishikawa.php
sh_L0913	stream	配信チケット	4500	0		https://idolmaster-official.jp/live_event/cg_unittour/ticket/ishikawa.php
sh_L0914	live	全席指定	9000	0		https://idolmaster-official.jp/live_event/cg_unittour/ticket/ishikawa.php
sh_L0914	stream	配信チケット	4500	0		https://idolmaster-official.jp/live_event/cg_unittour/ticket/ishikawa.php
sh_L0951	live	SPラウンジ席	80000	0	専用特典付き	https://idolmaster-official.jp/live_event/cg_starlightfantasy/ticket/
sh_L0951	live	バルコニー席	17000	0		https://idolmaster-official.jp/live_event/cg_starlightfantasy/ticket/
sh_L0951	live	全席指定	14000	0		https://idolmaster-official.jp/live_event/cg_starlightfantasy/ticket/
sh_L0951	live	着席指定	14000	0		https://idolmaster-official.jp/live_event/cg_starlightfantasy/ticket/
sh_L0951	stream	配信チケット（通常）	6000	0		https://idolmaster-official.jp/live_event/cg_starlightfantasy/ticket/
sh_L0952	live	SPラウンジ席	80000	0	専用特典付き	https://idolmaster-official.jp/live_event/cg_starlightfantasy/ticket/
sh_L0952	live	バルコニー席	17000	0		https://idolmaster-official.jp/live_event/cg_starlightfantasy/ticket/
sh_L0952	live	全席指定	14000	0		https://idolmaster-official.jp/live_event/cg_starlightfantasy/ticket/
sh_L0952	live	着席指定	14000	0		https://idolmaster-official.jp/live_event/cg_starlightfantasy/ticket/
sh_L0952	stream	配信チケット（通常）	6000	0		https://idolmaster-official.jp/live_event/cg_starlightfantasy/ticket/
sh_L0959	live	チケット	5500	0		https://idolmaster-official.jp/news/01_12508
sh_L0960	live	チケット	5500	0		https://idolmaster-official.jp/news/01_12508
sh_L0989	live	全席指定	8500	0	当日券は9,000円	https://idolmaster-official.jp/live_event/master_expo/ticket/live.php
sh_L0997	live	全席指定	8500	0	当日券は9,000円	https://idolmaster-official.jp/live_event/master_expo/ticket/live.php
sh_L0819	live	全席指定	13000	0		https://idolmaster-official.jp/live_event/cg_kagayakiyomatsuri/ticket/
sh_L0819	live	立見指定	12500	0		https://idolmaster-official.jp/live_event/cg_kagayakiyomatsuri/ticket/
sh_L0819	stream	配信チケット（通常）	5000	0		https://idolmaster-official.jp/live_event/cg_kagayakiyomatsuri/stream/
sh_L0819	stream	配信チケット（マルチアングル）	7000	0		https://idolmaster-official.jp/live_event/cg_kagayakiyomatsuri/stream/
sh_L0820	live	全席指定	13000	0		https://idolmaster-official.jp/live_event/cg_kagayakiyomatsuri/ticket/
sh_L0820	live	立見指定	12500	0		https://idolmaster-official.jp/live_event/cg_kagayakiyomatsuri/ticket/
sh_L0820	stream	配信チケット（通常）	5000	0		https://idolmaster-official.jp/live_event/cg_kagayakiyomatsuri/stream/
sh_L0820	stream	配信チケット（マルチアングル）	7000	0		https://idolmaster-official.jp/live_event/cg_kagayakiyomatsuri/stream/
sh_L0836	live	チケット	5000	0		https://idolmaster-official.jp/news/01_8534
sh_L0837	live	チケット	5000	0		https://idolmaster-official.jp/news/01_8534
sh_L0841	live	全席指定	13000	0		https://idolmaster-official.jp/live_event/cg_shoutoutlive/
sh_L0841	live	見切れ席	12500	0		https://idolmaster-official.jp/live_event/cg_shoutoutlive/
sh_L0841	stream	配信チケット（通常）	5000	0		https://idolmaster-official.jp/news/01_9348
sh_L0841	stream	配信チケット（マルチアングル）	7000	0		https://idolmaster-official.jp/news/01_9348
sh_L0842	live	全席指定	13000	0		https://idolmaster-official.jp/live_event/cg_shoutoutlive/
sh_L0842	live	見切れ席	12500	0		https://idolmaster-official.jp/live_event/cg_shoutoutlive/
sh_L0842	stream	配信チケット（通常）	5000	0		https://idolmaster-official.jp/news/01_9348
sh_L0842	stream	配信チケット（マルチアングル）	7000	0		https://idolmaster-official.jp/news/01_9348
sh_L1050	stream	配信チケット（マルチアングル）	8500	0		https://idolmaster-official.jp/live_event/cg_ss10th/stream/osaka.php
sh_L1052	stream	配信チケット（マルチアングル）	8500	0		https://idolmaster-official.jp/live_event/cg_ss10th/stream/osaka.php
sh_L1070	stream	配信チケット（マルチアングル）	8500	0		https://idolmaster-official.jp/live_event/cg_ss10th/stream/tokyo.php
sh_L1072	stream	配信チケット（マルチアングル）	8500	0		https://idolmaster-official.jp/live_event/cg_ss10th/stream/tokyo.php
sh_L1091	stream	配信チケット（マルチアングル）	8500	0		https://idolmaster-official.jp/live_event/cg_ss10th/stream/okinawa.php
sh_L1092	stream	配信チケット（マルチアングル）	8500	0		https://idolmaster-official.jp/live_event/cg_ss10th/stream/okinawa.php
sh_L1103	stream	配信チケット（マルチアングル）	8500	0		https://idolmaster-official.jp/live_event/cg_ss10th/stream/fukuoka.php
sh_L1104	stream	配信チケット（マルチアングル）	8500	0		https://idolmaster-official.jp/live_event/cg_ss10th/stream/fukuoka.php
sh_L1149	stream	配信チケット（通常）	7000	0		https://idolmaster-official.jp/live_event/cg_ss10th/stream/kanagawa.php
sh_L1149	stream	配信チケット（マルチアングル）	9000	0		https://idolmaster-official.jp/live_event/cg_ss10th/stream/kanagawa.php
sh_L1150	stream	配信チケット（通常）	7000	0		https://idolmaster-official.jp/live_event/cg_ss10th/stream/kanagawa.php
sh_L1150	stream	配信チケット（マルチアングル）	9000	0		https://idolmaster-official.jp/live_event/cg_ss10th/stream/kanagawa.php
sh_L0951	stream	配信チケット（マルチアングル）	8000	0		https://idolmaster-official.jp/live_event/cg_starlightfantasy/
sh_L0952	stream	配信チケット（マルチアングル）	8000	0		https://idolmaster-official.jp/live_event/cg_starlightfantasy/
sh_L0989	stream	配信視聴チケット	4000	0		https://idolmaster-official.jp/live_event/master_expo/streaming/streaming_ticket.php
sh_L0997	stream	配信視聴チケット	4000	0		https://idolmaster-official.jp/live_event/master_expo/streaming/streaming_ticket.php
sh_L0797	live	SS席（アリーナ指定席）	30000	0	限定お土産グッズ付き	https://idolmaster-official.jp/live_event/cg_constellation_gradation/ticket/
sh_L0797	live	S席（スタンド指定席）	20000	0	限定お土産グッズ付き	https://idolmaster-official.jp/live_event/cg_constellation_gradation/ticket/
sh_L0797	live	A席（アリーナ指定席）	15000	0		https://idolmaster-official.jp/live_event/cg_constellation_gradation/ticket/
sh_L0797	live	A席（スタンド指定席）	15000	0		https://idolmaster-official.jp/live_event/cg_constellation_gradation/ticket/
sh_L0797	live	B席（スタンド指定席）	9500	0	当日券は10,000円	https://idolmaster-official.jp/live_event/cg_constellation_gradation/ticket/
sh_L0797	stream	配信チケット（通常）	6000	0		https://idolmaster-official.jp/live_event/cg_constellation_gradation/stream/
sh_L0797	stream	配信チケット（マルチアングル）	8000	0		https://idolmaster-official.jp/live_event/cg_constellation_gradation/stream/
sh_L0798	live	SS席（アリーナ指定席）	30000	0	限定お土産グッズ付き	https://idolmaster-official.jp/live_event/cg_constellation_gradation/ticket/
sh_L0798	live	S席（スタンド指定席）	20000	0	限定お土産グッズ付き	https://idolmaster-official.jp/live_event/cg_constellation_gradation/ticket/
sh_L0798	live	A席（アリーナ指定席）	15000	0		https://idolmaster-official.jp/live_event/cg_constellation_gradation/ticket/
sh_L0798	live	A席（スタンド指定席）	15000	0		https://idolmaster-official.jp/live_event/cg_constellation_gradation/ticket/
sh_L0798	live	B席（スタンド指定席）	9500	0	当日券は10,000円	https://idolmaster-official.jp/live_event/cg_constellation_gradation/ticket/
sh_L0798	stream	配信チケット（通常）	6000	0		https://idolmaster-official.jp/live_event/cg_constellation_gradation/stream/
sh_L0798	stream	配信チケット（マルチアングル）	8000	0		https://idolmaster-official.jp/live_event/cg_constellation_gradation/stream/
sh_L0785	live	全席指定	10000	0		https://idolmaster-official.jp/live_event/cg_like4live_ootd/ticket/
sh_L0785	live	立見指定	9500	0		https://idolmaster-official.jp/live_event/cg_like4live_ootd/ticket/
sh_L0785	stream	配信チケット	5000	0		https://idolmaster-official.jp/live_event/cg_like4live_ootd/stream/
sh_L0786	live	全席指定	10000	0		https://idolmaster-official.jp/live_event/cg_like4live_ootd/ticket/
sh_L0786	live	立見指定	9500	0		https://idolmaster-official.jp/live_event/cg_like4live_ootd/ticket/
sh_L0786	stream	配信チケット	5000	0		https://idolmaster-official.jp/live_event/cg_like4live_ootd/stream/
sh_L0770	live	チケット	5000	0		https://idolmaster-official.jp/news/01_3833.html
sh_L0771	live	チケット	5000	0		https://idolmaster-official.jp/news/01_3833.html
sh_L0744	live	全席指定	13000	0	当日券は13,500円	https://idolmaster-official.jp/live_event/cinderella10th/final/information/
sh_L0744	stream	配信チケット	6500	0		https://idolmaster-official.jp/live_event/cinderella10th/final/information/
sh_L0745	live	全席指定	13000	0	当日券は13,500円	https://idolmaster-official.jp/live_event/cinderella10th/final/information/
sh_L0745	stream	配信チケット	6500	0		https://idolmaster-official.jp/live_event/cinderella10th/final/information/
sh_L0729	live	全席指定	10000	0		http://web.archive.org/web/20211226115951/https://idolmaster-official.jp/live_event/cinderella10th/information/aichi.php
sh_L0729	stream	配信チケット	5000	0		http://web.archive.org/web/20211226115951/https://idolmaster-official.jp/live_event/cinderella10th/information/aichi.php
sh_L0730	live	全席指定	10000	0		http://web.archive.org/web/20211226115951/https://idolmaster-official.jp/live_event/cinderella10th/information/aichi.php
sh_L0730	stream	配信チケット	5000	0		http://web.archive.org/web/20211226115951/https://idolmaster-official.jp/live_event/cinderella10th/information/aichi.php
sh_L0720	live	全席指定	10000	0		http://web.archive.org/web/20211128140422/https://idolmaster-official.jp/live_event/cinderella10th/information/chiba.php
sh_L0720	stream	配信チケット	5000	0		http://web.archive.org/web/20211128140422/https://idolmaster-official.jp/live_event/cinderella10th/information/chiba.php
sh_L0721	live	全席指定	10000	0		http://web.archive.org/web/20211128140422/https://idolmaster-official.jp/live_event/cinderella10th/information/chiba.php
sh_L0721	stream	配信チケット	5000	0		http://web.archive.org/web/20211128140422/https://idolmaster-official.jp/live_event/cinderella10th/information/chiba.php
sh_L0703	live	全席指定	10000	0		http://web.archive.org/web/20211004092503/https://idolmaster-official.jp/live_event/cinderella10th/information/fukuoka.php
sh_L0703	stream	配信チケット	5000	0		http://web.archive.org/web/20211004092503/https://idolmaster-official.jp/live_event/cinderella10th/information/fukuoka.php
sh_L0704	live	全席指定	10000	0		http://web.archive.org/web/20211004092503/https://idolmaster-official.jp/live_event/cinderella10th/information/fukuoka.php
sh_L0704	stream	配信チケット	5000	0		http://web.archive.org/web/20211004092503/https://idolmaster-official.jp/live_event/cinderella10th/information/fukuoka.php
sh_L0737	stream	配信チケット	5000	0	会場公演中止のためオンライン配信のみ実施	http://web.archive.org/web/20220128141946/https://idolmaster-official.jp/live_event/cinderella10th/stream/okinawa.php
sh_L0738	stream	配信チケット	5000	0	会場公演中止のためオンライン配信のみ実施	http://web.archive.org/web/20220128141946/https://idolmaster-official.jp/live_event/cinderella10th/stream/okinawa.php
sh_L0617	live	全席指定	9936	1	公式発表は税別9,200円(2019/9・消費税8%換算)	https://idolmaster.jp/event/cinderella7th/information.php
sh_L0618	live	全席指定	9936	1	公式発表は税別9,200円(2019/9・消費税8%換算)	https://idolmaster.jp/event/cinderella7th/information.php
sh_L0628	live	全席指定	10120	1	公式発表は税別9,200円(2019/11・消費税10%換算)	https://idolmaster.jp/event/cinderella7th/information.php
sh_L0629	live	全席指定	10120	1	公式発表は税別9,200円(2019/11・消費税10%換算)	https://idolmaster.jp/event/cinderella7th/information.php
sh_L0639	live	全席指定	10120	1	公式発表は税別9,200円(2020/2・消費税10%換算)	https://idolmaster.jp/event/cinderella7th/information.php
sh_L0639	live	バルコニー席	10120	1	公式発表は税別9,200円(2020/2・消費税10%換算)	https://idolmaster.jp/event/cinderella7th/information.php
sh_L0639	live	ステージサイド席	9570	1	公式発表は税別8,700円(2020/2・消費税10%換算)	https://idolmaster.jp/event/cinderella7th/information.php
sh_L0640	live	全席指定	10120	1	公式発表は税別9,200円(2020/2・消費税10%換算)	https://idolmaster.jp/event/cinderella7th/information.php
sh_L0640	live	バルコニー席	10120	1	公式発表は税別9,200円(2020/2・消費税10%換算)	https://idolmaster.jp/event/cinderella7th/information.php
sh_L0640	live	ステージサイド席	9570	1	公式発表は税別8,700円(2020/2・消費税10%換算)	https://idolmaster.jp/event/cinderella7th/information.php
sh_L0557	live	全席指定	9900	0		https://idolmaster.jp/event/cinderella6th/information.php
sh_L0558	live	全席指定	9900	0		https://idolmaster.jp/event/cinderella6th/information.php
sh_L0560	live	全席指定	9900	0		https://idolmaster.jp/event/cinderella6th/information.php
sh_L0561	live	全席指定	9900	0		https://idolmaster.jp/event/cinderella6th/information.php
sh_L0513	live	全席指定	9000	0		https://idolmaster.jp/event/sl-stage3th/information.php
sh_L0514	live	全席指定	9000	0		https://idolmaster.jp/event/sl-stage3th/information.php
sh_L0424	live	全席指定	6600	0		https://www.fwinc.co.jp/news/41583/
sh_L0424	live_viewing	ライブビューイング	3300	0	CD/BD封入シリアルコード使用で2,800円	https://www.fwinc.co.jp/news/41583/
sh_L0425	live	全席指定	6600	0		https://www.fwinc.co.jp/news/41583/
sh_L0425	live_viewing	ライブビューイング	3300	0	CD/BD封入シリアルコード使用で2,800円	https://www.fwinc.co.jp/news/41583/
sh_L0373	live	全席指定	8700	0		https://idolmaster.jp/event/cinderella5th/information.php
sh_L0374	live	全席指定	8700	0		https://idolmaster.jp/event/cinderella5th/information.php
sh_L0375	live	全席指定	8700	0		https://idolmaster.jp/event/cinderella5th/information.php
sh_L0376	live	全席指定	8700	0		https://idolmaster.jp/event/cinderella5th/information.php
sh_L0378	live	全席指定	8700	0		https://idolmaster.jp/event/cinderella5th/information.php
sh_L0379	live	全席指定	8700	0		https://idolmaster.jp/event/cinderella5th/information.php
sh_L0382	live	全席指定	8700	0		https://idolmaster.jp/event/cinderella5th/information.php
sh_L0383	live	全席指定	8700	0		https://idolmaster.jp/event/cinderella5th/information.php
sh_L0385	live	全席指定	8700	0		https://idolmaster.jp/event/cinderella5th/information.php
sh_L0386	live	全席指定	8700	0		https://idolmaster.jp/event/cinderella5th/information.php
sh_L0387	live	全席指定	8700	0		https://idolmaster.jp/event/cinderella5th/information.php
sh_L0388	live	全席指定	8700	0		https://idolmaster.jp/event/cinderella5th/information.php
sh_L0389	live	全席指定	9900	0		https://idolmaster.jp/event/cinderella5th/information.php
sh_L0390	live	全席指定	9900	0		https://idolmaster.jp/event/cinderella5th/information.php
sh_L0327	live	全席指定	8800	0		https://idolmaster.jp/event/cinderella4th/tickets.php
sh_L0327	live_viewing	ライブビューイング	3900	0	一部劇場でプレミアボックスシート5,500円あり	https://idolmaster.jp/event/cinderella4th/liveviewing.php
sh_L0328	live	全席指定	8800	0		https://idolmaster.jp/event/cinderella4th/tickets.php
sh_L0328	live_viewing	ライブビューイング	3900	0	一部劇場でプレミアボックスシート5,500円あり	https://idolmaster.jp/event/cinderella4th/liveviewing.php
sh_L0330	live	全席指定	9900	0	2日間通し券は19,800円	https://idolmaster.jp/event/cinderella4th/tickets.php
sh_L0330	live_viewing	ライブビューイング	4500	0	一部劇場でプレミアボックスシート5,500円あり	https://idolmaster.jp/event/cinderella4th/liveviewing.php
sh_L0331	live	全席指定	9900	0	2日間通し券は19,800円	https://idolmaster.jp/event/cinderella4th/tickets.php
sh_L0331	live_viewing	ライブビューイング	4500	0	一部劇場でプレミアボックスシート5,500円あり	https://idolmaster.jp/event/cinderella4th/liveviewing.php
sh_L0299	live	チケット	4860	1	公式発表は税別4,500円(2016/2・消費税8%換算)	https://columbia.jp/idolmaster/imasnews/151211.html
sh_L0294	live	全席指定	7000	0	Nendoroidシリーズ10周年記念の合同ライブ(シンデレラガールズTriad Primus他複数グループ出演)の共通入場料	https://www.atpress.ne.jp/news/84531
sh_L0669	stream	配信チケット	5000	0	現地会場での無観客開催のため配信のみ	https://idolmaster-official.jp/live_event/cg_happynewyell/ticket/
sh_L0670	stream	配信チケット	5000	0	現地会場での無観客開催のため配信のみ	https://idolmaster-official.jp/live_event/cg_happynewyell/ticket/
sh_L0696	live	チケット	5500	0		https://idolmaster-official.jp/news/01_1822
sh_L0697	live	チケット	5500	0		https://idolmaster-official.jp/news/01_1822
