sh_L0924	live	現地チケット（スタンディング/入場番号付き）	6500	0		https://idolmaster-official.jp/live_event/gkmas_debutlivehajime/ticket/ubugoe.php
sh_L0924	stream	配信視聴チケット	3000	0		https://idolmaster-official.jp/live_event/gkmas_debutlivehajime/ticket/ubugoe.php
sh_L0927	live	現地チケット（スタンディング/入場番号付き）	6500	0		https://idolmaster-official.jp/live_event/gkmas_debutlivehajime/ticket/ubugoe.php
sh_L0927	stream	配信視聴チケット	3000	0		https://idolmaster-official.jp/live_event/gkmas_debutlivehajime/ticket/ubugoe.php
sh_L0928	live	現地チケット（スタンディング/入場番号付き）	6500	0		https://idolmaster-official.jp/live_event/gkmas_debutlivehajime/ticket/ubugoe.php
sh_L0928	stream	配信視聴チケット	3000	0		https://idolmaster-official.jp/live_event/gkmas_debutlivehajime/ticket/ubugoe.php
sh_L0932	live	現地チケット（スタンディング/入場番号付き）	6500	0		https://idolmaster-official.jp/live_event/gkmas_debutlivehajime/ticket/ubugoe.php
sh_L0932	stream	配信視聴チケット	3000	0		https://idolmaster-official.jp/live_event/gkmas_debutlivehajime/ticket/ubugoe.php
sh_L0934	live	現地チケット（スタンディング/入場番号付き）	6500	0		https://idolmaster-official.jp/live_event/gkmas_debutlivehajime/ticket/ubugoe.php
sh_L0934	stream	配信視聴チケット	3000	0		https://idolmaster-official.jp/live_event/gkmas_debutlivehajime/ticket/ubugoe.php
sh_L0944	live	現地チケット（スタンディング/入場番号付き）	6500	0		https://idolmaster-official.jp/live_event/gkmas_debutlivehajime/ticket/syoshin.php
sh_L0944	stream	配信視聴チケット	3000	0		https://idolmaster-official.jp/live_event/gkmas_debutlivehajime/ticket/syoshin.php
sh_L0945	live	現地チケット（スタンディング/入場番号付き）	6500	0		https://idolmaster-official.jp/live_event/gkmas_debutlivehajime/ticket/syoshin.php
sh_L0945	stream	配信視聴チケット	3000	0		https://idolmaster-official.jp/live_event/gkmas_debutlivehajime/ticket/syoshin.php
sh_L0953	live	現地チケット（スタンディング/入場番号付き）	6500	0		https://idolmaster-official.jp/live_event/gkmas_debutlivehajime/ticket/syoshin.php
sh_L0953	stream	配信視聴チケット	3000	0		https://idolmaster-official.jp/live_event/gkmas_debutlivehajime/ticket/syoshin.php
sh_L0954	live	現地チケット（スタンディング/入場番号付き）	6500	0		https://idolmaster-official.jp/live_event/gkmas_debutlivehajime/ticket/syoshin.php
sh_L0954	stream	配信視聴チケット	3000	0		https://idolmaster-official.jp/live_event/gkmas_debutlivehajime/ticket/syoshin.php
sh_L0961	live	現地チケット（スタンディング/入場番号付き）	6500	0		https://idolmaster-official.jp/live_event/gkmas_debutlivehajime/ticket/hatukoi.php
sh_L0961	stream	配信視聴チケット	3000	0		https://idolmaster-official.jp/live_event/gkmas_debutlivehajime/ticket/hatukoi.php
sh_L0962	live	現地チケット（スタンディング/入場番号付き）	6500	0		https://idolmaster-official.jp/live_event/gkmas_debutlivehajime/ticket/hatukoi.php
sh_L0962	stream	配信視聴チケット	3000	0		https://idolmaster-official.jp/live_event/gkmas_debutlivehajime/ticket/hatukoi.php
sh_L0963	live	現地チケット（スタンディング/入場番号付き）	6500	0		https://idolmaster-official.jp/live_event/gkmas_debutlivehajime/ticket/hatukoi.php
sh_L0963	stream	配信視聴チケット	3000	0		https://idolmaster-official.jp/live_event/gkmas_debutlivehajime/ticket/hatukoi.php
sh_L0964	live	現地チケット（スタンディング/入場番号付き）	6500	0		https://idolmaster-official.jp/live_event/gkmas_debutlivehajime/ticket/hatukoi.php
sh_L0964	stream	配信視聴チケット	3000	0		https://idolmaster-official.jp/live_event/gkmas_debutlivehajime/ticket/hatukoi.php
sh_L0969	live	現地チケット（スタンディング/入場番号付き）	6500	0		https://idolmaster-official.jp/live_event/gkmas_debutlivehajime/ticket/hatukoi.php
sh_L0969	stream	配信視聴チケット	3000	0		https://idolmaster-official.jp/live_event/gkmas_debutlivehajime/ticket/hatukoi.php
sh_L0970	live	現地チケット（スタンディング/入場番号付き）	6500	0		https://idolmaster-official.jp/live_event/gkmas_debutlivehajime/ticket/hatukoi.php
sh_L0970	stream	配信視聴チケット	3000	0		https://idolmaster-official.jp/live_event/gkmas_debutlivehajime/ticket/hatukoi.php
sh_L0985	live	現地チケット（スタンディング/入場番号付き）	6500	0		https://idolmaster-official.jp/live_event/gkmas_debutlivehajime/ticket/syoshin.php
sh_L0985	stream	配信視聴チケット	3000	0		https://idolmaster-official.jp/live_event/gkmas_debutlivehajime/ticket/syoshin.php
sh_L0986	live	現地チケット（スタンディング/入場番号付き）	6500	0		https://idolmaster-official.jp/live_event/gkmas_debutlivehajime/ticket/syoshin.php
sh_L0986	stream	配信視聴チケット	3000	0		https://idolmaster-official.jp/live_event/gkmas_debutlivehajime/ticket/syoshin.php
sh_L1031	live	現地チケット（スタンディング/入場番号付き）	6500	0		https://idolmaster-official.jp/live_event/gkmas_debutlivehajime/ticket/uijin.php
sh_L1031	stream	配信視聴チケット	3000	0		https://idolmaster-official.jp/live_event/gkmas_debutlivehajime/ticket/uijin.php
sh_L1032	live	現地チケット（スタンディング/入場番号付き）	6500	0		https://idolmaster-official.jp/live_event/gkmas_debutlivehajime/ticket/uijin.php
sh_L1032	stream	配信視聴チケット	3000	0		https://idolmaster-official.jp/live_event/gkmas_debutlivehajime/ticket/uijin.php
sh_L1037	live	現地チケット（スタンディング/入場番号付き）	6500	0		https://idolmaster-official.jp/live_event/gkmas_debutlivehajime/ticket/uijin.php
sh_L1037	stream	配信視聴チケット	3000	0		https://idolmaster-official.jp/live_event/gkmas_debutlivehajime/ticket/uijin.php
sh_L1038	live	現地チケット（スタンディング/入場番号付き）	6500	0		https://idolmaster-official.jp/live_event/gkmas_debutlivehajime/ticket/uijin.php
sh_L1038	stream	配信視聴チケット	3000	0		https://idolmaster-official.jp/live_event/gkmas_debutlivehajime/ticket/uijin.php
sh_L1042	live	現地チケット（スタンディング/入場番号付き）	6500	0		https://idolmaster-official.jp/live_event/gkmas_debutlivehajime/ticket/uijin.php
sh_L1042	stream	配信視聴チケット	3000	0		https://idolmaster-official.jp/live_event/gkmas_debutlivehajime/ticket/uijin.php
sh_L1043	live	現地チケット（スタンディング/入場番号付き）	6500	0		https://idolmaster-official.jp/live_event/gkmas_debutlivehajime/ticket/uijin.php
sh_L1043	stream	配信視聴チケット	3000	0		https://idolmaster-official.jp/live_event/gkmas_debutlivehajime/ticket/uijin.php
sh_L1085	live	一般指定席	9500	0		https://idolmaster-official.jp/live_event/gkmas_1stperiod/ticket/
sh_L1085	live	着席指定席	9500	0		https://idolmaster-official.jp/live_event/gkmas_1stperiod/ticket/
sh_L1085	live	見切れ席	9000	0		https://idolmaster-official.jp/live_event/gkmas_1stperiod/ticket/
sh_L1086	live	一般指定席	9500	0		https://idolmaster-official.jp/live_event/gkmas_1stperiod/ticket/
sh_L1086	live	着席指定席	9500	0		https://idolmaster-official.jp/live_event/gkmas_1stperiod/ticket/
sh_L1086	live	見切れ席	9000	0		https://idolmaster-official.jp/live_event/gkmas_1stperiod/ticket/
sh_L1087	live	一般指定席	9500	0		https://idolmaster-official.jp/live_event/gkmas_1stperiod/ticket/
sh_L1087	live	着席指定席	9500	0		https://idolmaster-official.jp/live_event/gkmas_1stperiod/ticket/
sh_L1087	live	見切れ席	9000	0		https://idolmaster-official.jp/live_event/gkmas_1stperiod/ticket/
sh_L1088	live	一般指定席	9500	0		https://idolmaster-official.jp/live_event/gkmas_1stperiod/ticket/
sh_L1088	live	着席指定席	9500	0		https://idolmaster-official.jp/live_event/gkmas_1stperiod/ticket/
sh_L1088	live	見切れ席	9000	0		https://idolmaster-official.jp/live_event/gkmas_1stperiod/ticket/
sh_L1106	live	現地チケット（スタンディング/入場番号付き）	6500	0		https://idolmaster-official.jp/live_event/gkmas_debutlivehajime/ticket/uijin_addition.php
sh_L1106	stream	配信視聴チケット	3000	0		https://idolmaster-official.jp/live_event/gkmas_debutlivehajime/ticket/uijin_addition.php
sh_L1107	live	現地チケット（スタンディング/入場番号付き）	6500	0		https://idolmaster-official.jp/live_event/gkmas_debutlivehajime/ticket/uijin_addition.php
sh_L1107	stream	配信視聴チケット	3000	0		https://idolmaster-official.jp/live_event/gkmas_debutlivehajime/ticket/uijin_addition.php
sh_L1158	live	指定席	10500	0		https://idolmaster-official.jp/live_event/gkmas_undokai/
sh_L1158	live	注釈付き指定席	10000	0		https://idolmaster-official.jp/live_event/gkmas_undokai/
sh_L1158	live	ステージサイド席	10000	0		https://idolmaster-official.jp/live_event/gkmas_undokai/
sh_L1158	stream	DAY1視聴チケット	5500	0		https://idolmaster-official.jp/live_event/gkmas_undokai/
sh_L1158	stream	DAY1視聴チケット（スペシャルグッズ付き）	8800	0		https://idolmaster-official.jp/live_event/gkmas_undokai/
sh_L1159	live	指定席	10500	0		https://idolmaster-official.jp/live_event/gkmas_undokai/
sh_L1159	live	注釈付き指定席	10000	0		https://idolmaster-official.jp/live_event/gkmas_undokai/
sh_L1159	live	ステージサイド席	10000	0		https://idolmaster-official.jp/live_event/gkmas_undokai/
sh_L1159	stream	DAY2視聴チケット	5500	0		https://idolmaster-official.jp/live_event/gkmas_undokai/
sh_L1159	stream	DAY2視聴チケット（スペシャルグッズ付き）	8800	0		https://idolmaster-official.jp/live_event/gkmas_undokai/
sh_L1242	live	全席指定席	12000	0		https://idolmaster-official.jp/live_event/gkmas_musicfestival/ticket/
sh_L1242	live	見切れ席	11500	0		https://idolmaster-official.jp/live_event/gkmas_musicfestival/ticket/
sh_L1242	live	立見指定	11500	0		https://idolmaster-official.jp/live_event/gkmas_musicfestival/ticket/
sh_L1243	live	全席指定席	12000	0		https://idolmaster-official.jp/live_event/gkmas_musicfestival/ticket/
sh_L1243	live	見切れ席	11500	0		https://idolmaster-official.jp/live_event/gkmas_musicfestival/ticket/
sh_L1243	live	立見指定	11500	0		https://idolmaster-official.jp/live_event/gkmas_musicfestival/ticket/
sh_学園アイドルマスター_the_2nd_period_h_i_f選抜試験_セレクション_1	live	一般指定席	9800	0		https://idolmaster-official.jp/live_event/gkmas_2ndperiod/ticket/
sh_学園アイドルマスター_the_2nd_period_h_i_f選抜試験_セレクション_1	live	見切れ席	9300	0		https://idolmaster-official.jp/live_event/gkmas_2ndperiod/ticket/
sh_学園アイドルマスター_the_2nd_period_h_i_f選抜試験_セレクション_1	live	完全見切れ席	8800	0		https://idolmaster-official.jp/live_event/gkmas_2ndperiod/ticket/
sh_学園アイドルマスター_the_2nd_period_h_i_f選抜試験_セレクション_2	live	一般指定席	9800	0		https://idolmaster-official.jp/live_event/gkmas_2ndperiod/ticket/
sh_学園アイドルマスター_the_2nd_period_h_i_f選抜試験_セレクション_2	live	見切れ席	9300	0		https://idolmaster-official.jp/live_event/gkmas_2ndperiod/ticket/
sh_学園アイドルマスター_the_2nd_period_h_i_f選抜試験_セレクション_2	live	完全見切れ席	8800	0		https://idolmaster-official.jp/live_event/gkmas_2ndperiod/ticket/
sh_学園アイドルマスター_the_2nd_period_hatsuboshi_idol_festival_1	live	全席指定席	13000	0	Hatsuboshi IDOL FESTIVALタブ	https://idolmaster-official.jp/live_event/gkmas_2ndperiod/ticket/
sh_学園アイドルマスター_the_2nd_period_hatsuboshi_idol_festival_1	live	見切れ席	12500	0	Hatsuboshi IDOL FESTIVALタブ	https://idolmaster-official.jp/live_event/gkmas_2ndperiod/ticket/
sh_学園アイドルマスター_the_2nd_period_hatsuboshi_idol_festival_1	live	立見指定	12500	0	Hatsuboshi IDOL FESTIVALタブ	https://idolmaster-official.jp/live_event/gkmas_2ndperiod/ticket/
sh_学園アイドルマスター_the_2nd_period_hatsuboshi_idol_festival_2	live	全席指定席	13000	0	Hatsuboshi IDOL FESTIVALタブ	https://idolmaster-official.jp/live_event/gkmas_2ndperiod/ticket/
sh_学園アイドルマスター_the_2nd_period_hatsuboshi_idol_festival_2	live	見切れ席	12500	0	Hatsuboshi IDOL FESTIVALタブ	https://idolmaster-official.jp/live_event/gkmas_2ndperiod/ticket/
sh_学園アイドルマスター_the_2nd_period_hatsuboshi_idol_festival_2	live	立見指定	12500	0	Hatsuboshi IDOL FESTIVALタブ	https://idolmaster-official.jp/live_event/gkmas_2ndperiod/ticket/
sh_学園アイドルマスター_live_tour_-標-_福井公演_1	live	全席指定席	11000	0	【福井・福岡・岩手】公演ページ	https://idolmaster-official.jp/live_event/gkmas_livetour_shirube/ticket/regional.php
sh_学園アイドルマスター_live_tour_-標-_福井公演_2	live	全席指定席	11000	0	【福井・福岡・岩手】公演ページ	https://idolmaster-official.jp/live_event/gkmas_livetour_shirube/ticket/regional.php
sh_学園アイドルマスター_live_tour_-標-_福岡公演_1	live	全席指定席	11000	0	【福井・福岡・岩手】公演ページ	https://idolmaster-official.jp/live_event/gkmas_livetour_shirube/ticket/regional.php
sh_学園アイドルマスター_live_tour_-標-_福岡公演_1	live	立見指定	10500	0	福岡公演のみ設定	https://idolmaster-official.jp/live_event/gkmas_livetour_shirube/ticket/regional.php
sh_学園アイドルマスター_live_tour_-標-_福岡公演_2	live	全席指定席	11000	0	【福井・福岡・岩手】公演ページ	https://idolmaster-official.jp/live_event/gkmas_livetour_shirube/ticket/regional.php
sh_学園アイドルマスター_live_tour_-標-_福岡公演_2	live	立見指定	10500	0	福岡公演のみ設定	https://idolmaster-official.jp/live_event/gkmas_livetour_shirube/ticket/regional.php
sh_学園アイドルマスター_live_tour_-標-_岩手公演_1	live	全席指定席	11000	0	【福井・福岡・岩手】公演ページ	https://idolmaster-official.jp/live_event/gkmas_livetour_shirube/ticket/regional.php
sh_学園アイドルマスター_live_tour_-標-_岩手公演_2	live	全席指定席	11000	0	【福井・福岡・岩手】公演ページ	https://idolmaster-official.jp/live_event/gkmas_livetour_shirube/ticket/regional.php
sh_学園アイドルマスター_live_tour_-標-_kアリーナ横浜公演_final_1	live	SPラウンジ席	70000	0	SOLD OUT	https://idolmaster-official.jp/live_event/gkmas_livetour_shirube/ticket/final.php
sh_学園アイドルマスター_live_tour_-標-_kアリーナ横浜公演_final_1	live	バルコニー席	17000	0	SOLD OUT	https://idolmaster-official.jp/live_event/gkmas_livetour_shirube/ticket/final.php
sh_学園アイドルマスター_live_tour_-標-_kアリーナ横浜公演_final_1	live	全席指定席	14000	0		https://idolmaster-official.jp/live_event/gkmas_livetour_shirube/ticket/final.php
sh_学園アイドルマスター_live_tour_-標-_kアリーナ横浜公演_final_2	live	SPラウンジ席	70000	0	SOLD OUT	https://idolmaster-official.jp/live_event/gkmas_livetour_shirube/ticket/final.php
sh_学園アイドルマスター_live_tour_-標-_kアリーナ横浜公演_final_2	live	バルコニー席	17000	0	SOLD OUT	https://idolmaster-official.jp/live_event/gkmas_livetour_shirube/ticket/final.php
sh_学園アイドルマスター_live_tour_-標-_kアリーナ横浜公演_final_2	live	全席指定席	14000	0		https://idolmaster-official.jp/live_event/gkmas_livetour_shirube/ticket/final.php
