sh_the_idolm@ster_sidem_×_shiny_colors_sparkle_showdown_1	live	315プロダクション SPプロデューサーシート	20000	0		https://idolmaster-official.jp/live_event/sidem_shinycolors_ss/ticket/
sh_the_idolm@ster_sidem_×_shiny_colors_sparkle_showdown_1	live	283プロダクション SPプロデューサーシート	20000	0		https://idolmaster-official.jp/live_event/sidem_shinycolors_ss/ticket/
sh_the_idolm@ster_sidem_×_shiny_colors_sparkle_showdown_1	live	315プロダクション プロデューサーシート	14000	0		https://idolmaster-official.jp/live_event/sidem_shinycolors_ss/ticket/
sh_the_idolm@ster_sidem_×_shiny_colors_sparkle_showdown_1	live	283プロダクション プロデューサーシート	14000	0		https://idolmaster-official.jp/live_event/sidem_shinycolors_ss/ticket/
sh_the_idolm@ster_sidem_×_shiny_colors_sparkle_showdown_1	live	全席指定席	13500	0		https://idolmaster-official.jp/live_event/sidem_shinycolors_ss/ticket/
sh_the_idolm@ster_sidem_×_shiny_colors_sparkle_showdown_2	live	315プロダクション SPプロデューサーシート	20000	0		https://idolmaster-official.jp/live_event/sidem_shinycolors_ss/ticket/
sh_the_idolm@ster_sidem_×_shiny_colors_sparkle_showdown_2	live	283プロダクション SPプロデューサーシート	20000	0		https://idolmaster-official.jp/live_event/sidem_shinycolors_ss/ticket/
sh_the_idolm@ster_sidem_×_shiny_colors_sparkle_showdown_2	live	315プロダクション プロデューサーシート	14000	0		https://idolmaster-official.jp/live_event/sidem_shinycolors_ss/ticket/
sh_the_idolm@ster_sidem_×_shiny_colors_sparkle_showdown_2	live	283プロダクション プロデューサーシート	14000	0		https://idolmaster-official.jp/live_event/sidem_shinycolors_ss/ticket/
sh_the_idolm@ster_sidem_×_shiny_colors_sparkle_showdown_2	live	全席指定席	13500	0		https://idolmaster-official.jp/live_event/sidem_shinycolors_ss/ticket/
sh_the_idolm@ster_sidem_producer_meeting_~ajewelholic_~_1	live	全席指定	11000	0		https://idolmaster-official.jp/live_event/sidem_pm2027/ticket/
sh_the_idolm@ster_sidem_producer_meeting_~ajewelholic_~_2	live	全席指定	11000	0		https://idolmaster-official.jp/live_event/sidem_pm2027/ticket/
sh_315_production_presents_f@ntastic_battle_fes_~wanna_step_in~_1	live	SP席ストーリーセット	20000	0		https://idolmaster-official.jp/live_event/sidem_fbfes_wsi/ticket/
sh_315_production_presents_f@ntastic_battle_fes_~wanna_step_in~_1	live	SP席	17800	0		https://idolmaster-official.jp/live_event/sidem_fbfes_wsi/ticket/
sh_315_production_presents_f@ntastic_battle_fes_~wanna_step_in~_1	live	S席ストーリーセット	15000	0		https://idolmaster-official.jp/live_event/sidem_fbfes_wsi/ticket/
sh_315_production_presents_f@ntastic_battle_fes_~wanna_step_in~_1	live	S席	12800	0		https://idolmaster-official.jp/live_event/sidem_fbfes_wsi/ticket/
sh_315_production_presents_f@ntastic_battle_fes_~wanna_step_in~_1	live	A席ストーリーセット	12000	0		https://idolmaster-official.jp/live_event/sidem_fbfes_wsi/ticket/
sh_315_production_presents_f@ntastic_battle_fes_~wanna_step_in~_1	live	A席	9800	0		https://idolmaster-official.jp/live_event/sidem_fbfes_wsi/ticket/
sh_315_production_presents_f@ntastic_battle_fes_~wanna_step_in~_2	live	SP席ストーリーセット	20000	0		https://idolmaster-official.jp/live_event/sidem_fbfes_wsi/ticket/
sh_315_production_presents_f@ntastic_battle_fes_~wanna_step_in~_2	live	SP席	17800	0		https://idolmaster-official.jp/live_event/sidem_fbfes_wsi/ticket/
sh_315_production_presents_f@ntastic_battle_fes_~wanna_step_in~_2	live	S席ストーリーセット	15000	0		https://idolmaster-official.jp/live_event/sidem_fbfes_wsi/ticket/
sh_315_production_presents_f@ntastic_battle_fes_~wanna_step_in~_2	live	S席	12800	0		https://idolmaster-official.jp/live_event/sidem_fbfes_wsi/ticket/
sh_315_production_presents_f@ntastic_battle_fes_~wanna_step_in~_2	live	A席ストーリーセット	12000	0		https://idolmaster-official.jp/live_event/sidem_fbfes_wsi/ticket/
sh_315_production_presents_f@ntastic_battle_fes_~wanna_step_in~_2	live	A席	9800	0		https://idolmaster-official.jp/live_event/sidem_fbfes_wsi/ticket/
sh_315_production_presents_f@ntastic_battle_fes_~wanna_step_in~_3	live	SP席ストーリーセット	20000	0		https://idolmaster-official.jp/live_event/sidem_fbfes_wsi/ticket/
sh_315_production_presents_f@ntastic_battle_fes_~wanna_step_in~_3	live	SP席	17800	0		https://idolmaster-official.jp/live_event/sidem_fbfes_wsi/ticket/
sh_315_production_presents_f@ntastic_battle_fes_~wanna_step_in~_3	live	S席ストーリーセット	15000	0		https://idolmaster-official.jp/live_event/sidem_fbfes_wsi/ticket/
sh_315_production_presents_f@ntastic_battle_fes_~wanna_step_in~_3	live	S席	12800	0		https://idolmaster-official.jp/live_event/sidem_fbfes_wsi/ticket/
sh_315_production_presents_f@ntastic_battle_fes_~wanna_step_in~_3	live	A席ストーリーセット	12000	0		https://idolmaster-official.jp/live_event/sidem_fbfes_wsi/ticket/
sh_315_production_presents_f@ntastic_battle_fes_~wanna_step_in~_3	live	A席	9800	0		https://idolmaster-official.jp/live_event/sidem_fbfes_wsi/ticket/
sh_315_production_presents_f@ntastic_battle_fes_~wanna_step_in~_4	live	SP席ストーリーセット	20000	0		https://idolmaster-official.jp/live_event/sidem_fbfes_wsi/ticket/
sh_315_production_presents_f@ntastic_battle_fes_~wanna_step_in~_4	live	SP席	17800	0		https://idolmaster-official.jp/live_event/sidem_fbfes_wsi/ticket/
sh_315_production_presents_f@ntastic_battle_fes_~wanna_step_in~_4	live	S席ストーリーセット	15000	0		https://idolmaster-official.jp/live_event/sidem_fbfes_wsi/ticket/
sh_315_production_presents_f@ntastic_battle_fes_~wanna_step_in~_4	live	S席	12800	0		https://idolmaster-official.jp/live_event/sidem_fbfes_wsi/ticket/
sh_315_production_presents_f@ntastic_battle_fes_~wanna_step_in~_4	live	A席ストーリーセット	12000	0		https://idolmaster-official.jp/live_event/sidem_fbfes_wsi/ticket/
sh_315_production_presents_f@ntastic_battle_fes_~wanna_step_in~_4	live	A席	9800	0		https://idolmaster-official.jp/live_event/sidem_fbfes_wsi/ticket/
sh_the_idolmster_sidem_11th_stage_ever_everfter_1	live	テラススイート～Passion Producer	50000	0		https://idolmaster-official.jp/live_event/sidem11th/ticket/
sh_the_idolmster_sidem_11th_stage_ever_everfter_1	live	スイート～Passion Producer	25000	0		https://idolmaster-official.jp/live_event/sidem11th/ticket/
sh_the_idolmster_sidem_11th_stage_ever_everfter_1	live	全席指定	13500	0		https://idolmaster-official.jp/live_event/sidem11th/ticket/
sh_the_idolmster_sidem_11th_stage_ever_everfter_1	live	見切れ席	13000	0		https://idolmaster-official.jp/live_event/sidem11th/ticket/
sh_the_idolmster_sidem_11th_stage_ever_everfter_1	live	完全見切れ席	12500	0		https://idolmaster-official.jp/live_event/sidem11th/ticket/
sh_the_idolmster_sidem_11th_stage_ever_everfter_2	live	テラススイート～Passion Producer	50000	0		https://idolmaster-official.jp/live_event/sidem11th/ticket/
sh_the_idolmster_sidem_11th_stage_ever_everfter_2	live	スイート～Passion Producer	25000	0		https://idolmaster-official.jp/live_event/sidem11th/ticket/
sh_the_idolmster_sidem_11th_stage_ever_everfter_2	live	全席指定	13500	0		https://idolmaster-official.jp/live_event/sidem11th/ticket/
sh_the_idolmster_sidem_11th_stage_ever_everfter_2	live	見切れ席	13000	0		https://idolmaster-official.jp/live_event/sidem11th/ticket/
sh_the_idolmster_sidem_11th_stage_ever_everfter_2	live	完全見切れ席	12500	0		https://idolmaster-official.jp/live_event/sidem11th/ticket/
sh_the_idolmster_sidem_passionable_reading_show_魂環の人形_1	live	全席指定	11000	0		https://idolmaster-official.jp/news/01_17249
sh_the_idolmster_sidem_passionable_reading_show_魂環の人形_2	live	全席指定	11000	0		https://idolmaster-official.jp/news/01_17249
sh_L1230	live	「315 WINTER PASSIONステージ」観覧チケット	9900	0		https://atfes.com/contents/passionfinal/ticket
sh_L1231	live	「315 WINTER PASSIONステージ」観覧チケット	9900	0		https://atfes.com/contents/passionfinal/ticket
sh_L1244	live	「315 WINTER PASSIONステージ」観覧チケット	9900	0		https://atfes.com/contents/passionfinal/ticket
sh_L1165	live	SP席ストーリーセット	20000	0		https://web.archive.org/web/20250726202148/https://idolmaster-official.jp/live_event/sidem_fbfes_wgf/ticket/makuhari.php
sh_L1165	live	SP席	17800	0		https://web.archive.org/web/20250726202148/https://idolmaster-official.jp/live_event/sidem_fbfes_wgf/ticket/makuhari.php
sh_L1165	live	S席ストーリーセット	15000	0		https://web.archive.org/web/20250726202148/https://idolmaster-official.jp/live_event/sidem_fbfes_wgf/ticket/makuhari.php
sh_L1165	live	S席	12800	0		https://web.archive.org/web/20250726202148/https://idolmaster-official.jp/live_event/sidem_fbfes_wgf/ticket/makuhari.php
sh_L1165	live	A席ストーリーセット	12000	0		https://web.archive.org/web/20250726202148/https://idolmaster-official.jp/live_event/sidem_fbfes_wgf/ticket/makuhari.php
sh_L1165	live	A席	9800	0		https://web.archive.org/web/20250726202148/https://idolmaster-official.jp/live_event/sidem_fbfes_wgf/ticket/makuhari.php
sh_L1166	live	SP席ストーリーセット	20000	0		https://web.archive.org/web/20250726202148/https://idolmaster-official.jp/live_event/sidem_fbfes_wgf/ticket/makuhari.php
sh_L1166	live	SP席	17800	0		https://web.archive.org/web/20250726202148/https://idolmaster-official.jp/live_event/sidem_fbfes_wgf/ticket/makuhari.php
sh_L1166	live	S席ストーリーセット	15000	0		https://web.archive.org/web/20250726202148/https://idolmaster-official.jp/live_event/sidem_fbfes_wgf/ticket/makuhari.php
sh_L1166	live	S席	12800	0		https://web.archive.org/web/20250726202148/https://idolmaster-official.jp/live_event/sidem_fbfes_wgf/ticket/makuhari.php
sh_L1166	live	A席ストーリーセット	12000	0		https://web.archive.org/web/20250726202148/https://idolmaster-official.jp/live_event/sidem_fbfes_wgf/ticket/makuhari.php
sh_L1166	live	A席	9800	0		https://web.archive.org/web/20250726202148/https://idolmaster-official.jp/live_event/sidem_fbfes_wgf/ticket/makuhari.php
sh_L1168	live	SP席ストーリーセット	20000	0		https://web.archive.org/web/20250726202148/https://idolmaster-official.jp/live_event/sidem_fbfes_wgf/ticket/makuhari.php
sh_L1168	live	SP席	17800	0		https://web.archive.org/web/20250726202148/https://idolmaster-official.jp/live_event/sidem_fbfes_wgf/ticket/makuhari.php
sh_L1168	live	S席ストーリーセット	15000	0		https://web.archive.org/web/20250726202148/https://idolmaster-official.jp/live_event/sidem_fbfes_wgf/ticket/makuhari.php
sh_L1168	live	S席	12800	0		https://web.archive.org/web/20250726202148/https://idolmaster-official.jp/live_event/sidem_fbfes_wgf/ticket/makuhari.php
sh_L1168	live	A席ストーリーセット	12000	0		https://web.archive.org/web/20250726202148/https://idolmaster-official.jp/live_event/sidem_fbfes_wgf/ticket/makuhari.php
sh_L1168	live	A席	9800	0		https://web.archive.org/web/20250726202148/https://idolmaster-official.jp/live_event/sidem_fbfes_wgf/ticket/makuhari.php
sh_L1169	live	SP席ストーリーセット	20000	0		https://web.archive.org/web/20250726202148/https://idolmaster-official.jp/live_event/sidem_fbfes_wgf/ticket/makuhari.php
sh_L1169	live	SP席	17800	0		https://web.archive.org/web/20250726202148/https://idolmaster-official.jp/live_event/sidem_fbfes_wgf/ticket/makuhari.php
sh_L1169	live	S席ストーリーセット	15000	0		https://web.archive.org/web/20250726202148/https://idolmaster-official.jp/live_event/sidem_fbfes_wgf/ticket/makuhari.php
sh_L1169	live	S席	12800	0		https://web.archive.org/web/20250726202148/https://idolmaster-official.jp/live_event/sidem_fbfes_wgf/ticket/makuhari.php
sh_L1169	live	A席ストーリーセット	12000	0		https://web.archive.org/web/20250726202148/https://idolmaster-official.jp/live_event/sidem_fbfes_wgf/ticket/makuhari.php
sh_L1169	live	A席	9800	0		https://web.archive.org/web/20250726202148/https://idolmaster-official.jp/live_event/sidem_fbfes_wgf/ticket/makuhari.php
sh_L1188	live	SP席ストーリーセット	20000	0		https://web.archive.org/web/20251001000000/https://idolmaster-official.jp/live_event/sidem_fbfes_wgf/ticket/orixtheater.php
sh_L1188	live	SP席	17800	0		https://web.archive.org/web/20251001000000/https://idolmaster-official.jp/live_event/sidem_fbfes_wgf/ticket/orixtheater.php
sh_L1188	live	S席ストーリーセット	15000	0		https://web.archive.org/web/20251001000000/https://idolmaster-official.jp/live_event/sidem_fbfes_wgf/ticket/orixtheater.php
sh_L1188	live	S席	12800	0		https://web.archive.org/web/20251001000000/https://idolmaster-official.jp/live_event/sidem_fbfes_wgf/ticket/orixtheater.php
sh_L1188	live	A席ストーリーセット	12000	0		https://web.archive.org/web/20251001000000/https://idolmaster-official.jp/live_event/sidem_fbfes_wgf/ticket/orixtheater.php
sh_L1188	live	A席	9800	0		https://web.archive.org/web/20251001000000/https://idolmaster-official.jp/live_event/sidem_fbfes_wgf/ticket/orixtheater.php
sh_L1189	live	SP席ストーリーセット	20000	0		https://web.archive.org/web/20251001000000/https://idolmaster-official.jp/live_event/sidem_fbfes_wgf/ticket/orixtheater.php
sh_L1189	live	SP席	17800	0		https://web.archive.org/web/20251001000000/https://idolmaster-official.jp/live_event/sidem_fbfes_wgf/ticket/orixtheater.php
sh_L1189	live	S席ストーリーセット	15000	0		https://web.archive.org/web/20251001000000/https://idolmaster-official.jp/live_event/sidem_fbfes_wgf/ticket/orixtheater.php
sh_L1189	live	S席	12800	0		https://web.archive.org/web/20251001000000/https://idolmaster-official.jp/live_event/sidem_fbfes_wgf/ticket/orixtheater.php
sh_L1189	live	A席ストーリーセット	12000	0		https://web.archive.org/web/20251001000000/https://idolmaster-official.jp/live_event/sidem_fbfes_wgf/ticket/orixtheater.php
sh_L1189	live	A席	9800	0		https://web.archive.org/web/20251001000000/https://idolmaster-official.jp/live_event/sidem_fbfes_wgf/ticket/orixtheater.php
sh_L1192	live	SP席ストーリーセット	20000	0		https://web.archive.org/web/20251001000000/https://idolmaster-official.jp/live_event/sidem_fbfes_wgf/ticket/orixtheater.php
sh_L1192	live	SP席	17800	0		https://web.archive.org/web/20251001000000/https://idolmaster-official.jp/live_event/sidem_fbfes_wgf/ticket/orixtheater.php
sh_L1192	live	S席ストーリーセット	15000	0		https://web.archive.org/web/20251001000000/https://idolmaster-official.jp/live_event/sidem_fbfes_wgf/ticket/orixtheater.php
sh_L1192	live	S席	12800	0		https://web.archive.org/web/20251001000000/https://idolmaster-official.jp/live_event/sidem_fbfes_wgf/ticket/orixtheater.php
sh_L1192	live	A席ストーリーセット	12000	0		https://web.archive.org/web/20251001000000/https://idolmaster-official.jp/live_event/sidem_fbfes_wgf/ticket/orixtheater.php
sh_L1192	live	A席	9800	0		https://web.archive.org/web/20251001000000/https://idolmaster-official.jp/live_event/sidem_fbfes_wgf/ticket/orixtheater.php
sh_L1193	live	SP席ストーリーセット	20000	0		https://web.archive.org/web/20251001000000/https://idolmaster-official.jp/live_event/sidem_fbfes_wgf/ticket/orixtheater.php
sh_L1193	live	SP席	17800	0		https://web.archive.org/web/20251001000000/https://idolmaster-official.jp/live_event/sidem_fbfes_wgf/ticket/orixtheater.php
sh_L1193	live	S席ストーリーセット	15000	0		https://web.archive.org/web/20251001000000/https://idolmaster-official.jp/live_event/sidem_fbfes_wgf/ticket/orixtheater.php
sh_L1193	live	S席	12800	0		https://web.archive.org/web/20251001000000/https://idolmaster-official.jp/live_event/sidem_fbfes_wgf/ticket/orixtheater.php
sh_L1193	live	A席ストーリーセット	12000	0		https://web.archive.org/web/20251001000000/https://idolmaster-official.jp/live_event/sidem_fbfes_wgf/ticket/orixtheater.php
sh_L1193	live	A席	9800	0		https://web.archive.org/web/20251001000000/https://idolmaster-official.jp/live_event/sidem_fbfes_wgf/ticket/orixtheater.php
sh_L1111	live	SPラウンジ席	55000	0	SPラウンジ特典付き	https://idolmaster-official.jp/news/01_14967
sh_L1111	live	バルコニー席	15000	0		https://idolmaster-official.jp/news/01_14967
sh_L1111	live	全席指定	13000	0		https://idolmaster-official.jp/news/01_14967
sh_L1115	live	SPラウンジ席	55000	0	SPラウンジ特典付き	https://idolmaster-official.jp/news/01_14967
sh_L1115	live	バルコニー席	15000	0		https://idolmaster-official.jp/news/01_14967
sh_L1115	live	全席指定	13000	0		https://idolmaster-official.jp/news/01_14967
sh_L1056	live	全席指定	11000	0		https://idolmaster-official.jp/news/01_12915
sh_L1058	live	全席指定	11000	0		https://idolmaster-official.jp/news/01_12915
sh_L1046	live	315アニマルPASSIONステージ ～C.FIRST～ 観覧チケット＋ノベルティ付きワンデーパスポート	9900	0		https://atfes.com/contents/882938
sh_L1047	live	315アニマルPASSIONステージ ～Legenders～ 観覧チケット＋ノベルティ付きワンデーパスポート	9900	0		https://atfes.com/contents/882938
sh_L1033	live	全席指定	9000	0		https://idolmaster-official.jp/news/01_12915
sh_L1035	live	全席指定	9000	0		https://idolmaster-official.jp/news/01_12915
sh_L1036	live	全席指定	9000	0		https://idolmaster-official.jp/news/01_12915
sh_L0975	live	全席指定	9000	0		https://idolmaster-official.jp/news/01_12046
sh_L0976	live	全席指定	9000	0		https://idolmaster-official.jp/news/01_12046
sh_L1003	live	全席指定	9000	0		https://idolmaster-official.jp/news/01_12046
sh_L1004	live	全席指定	9000	0		https://idolmaster-official.jp/news/01_12046
sh_L1079	live	SS席ストーリーセット	14700	0		https://idolmaster-official.jp/live_event/cofr/
sh_L1079	live	SS席	13600	0		https://idolmaster-official.jp/live_event/cofr/
sh_L1079	live	S席ストーリーセット	12700	0		https://idolmaster-official.jp/live_event/cofr/
sh_L1079	live	S席	11600	0		https://idolmaster-official.jp/live_event/cofr/
sh_L1079	live	A席ストーリーセット	9700	0		https://idolmaster-official.jp/live_event/cofr/
sh_L1079	live	A席	8600	0		https://idolmaster-official.jp/live_event/cofr/
sh_L1081	live	SS席ストーリーセット	14700	0		https://idolmaster-official.jp/live_event/cofr/
sh_L1081	live	SS席	13600	0		https://idolmaster-official.jp/live_event/cofr/
sh_L1081	live	S席ストーリーセット	12700	0		https://idolmaster-official.jp/live_event/cofr/
sh_L1081	live	S席	11600	0		https://idolmaster-official.jp/live_event/cofr/
sh_L1081	live	A席ストーリーセット	9700	0		https://idolmaster-official.jp/live_event/cofr/
sh_L1081	live	A席	8600	0		https://idolmaster-official.jp/live_event/cofr/
sh_L1083	live	SS席ストーリーセット	14700	0		https://idolmaster-official.jp/live_event/azto/
sh_L1083	live	SS席	13600	0		https://idolmaster-official.jp/live_event/azto/
sh_L1083	live	S席ストーリーセット	12700	0		https://idolmaster-official.jp/live_event/azto/
sh_L1083	live	S席	11600	0		https://idolmaster-official.jp/live_event/azto/
sh_L1083	live	A席ストーリーセット	9700	0		https://idolmaster-official.jp/live_event/azto/
sh_L1083	live	A席	8600	0		https://idolmaster-official.jp/live_event/azto/
sh_L1084	live	SS席ストーリーセット	14700	0		https://idolmaster-official.jp/live_event/azto/
sh_L1084	live	SS席	13600	0		https://idolmaster-official.jp/live_event/azto/
sh_L1084	live	S席ストーリーセット	12700	0		https://idolmaster-official.jp/live_event/azto/
sh_L1084	live	S席	11600	0		https://idolmaster-official.jp/live_event/azto/
sh_L1084	live	A席ストーリーセット	9700	0		https://idolmaster-official.jp/live_event/azto/
sh_L1084	live	A席	8600	0		https://idolmaster-official.jp/live_event/azto/
sh_L0990	live	全席指定	9500	0		https://idolmaster-official.jp/live_event/master_expo/ticket/live.php
sh_L0982	live	SS席ストーリーセット	14700	0		https://idolmaster-official.jp/live_event/sidem_fclive_pt/
sh_L0982	live	SS席	13600	0		https://idolmaster-official.jp/live_event/sidem_fclive_pt/
sh_L0982	live	S席ストーリーセット	12700	0		https://idolmaster-official.jp/live_event/sidem_fclive_pt/
sh_L0982	live	S席	11600	0		https://idolmaster-official.jp/live_event/sidem_fclive_pt/
sh_L0982	live	A席ストーリーセット	9700	0		https://idolmaster-official.jp/live_event/sidem_fclive_pt/
sh_L0982	live	A席	8600	0		https://idolmaster-official.jp/live_event/sidem_fclive_pt/
sh_L0983	live	SS席ストーリーセット	14700	0		https://idolmaster-official.jp/live_event/sidem_fclive_pt/
sh_L0983	live	SS席	13600	0		https://idolmaster-official.jp/live_event/sidem_fclive_pt/
sh_L0983	live	S席ストーリーセット	12700	0		https://idolmaster-official.jp/live_event/sidem_fclive_pt/
sh_L0983	live	S席	11600	0		https://idolmaster-official.jp/live_event/sidem_fclive_pt/
sh_L0983	live	A席ストーリーセット	9700	0		https://idolmaster-official.jp/live_event/sidem_fclive_pt/
sh_L0983	live	A席	8600	0		https://idolmaster-official.jp/live_event/sidem_fclive_pt/
sh_the_idolmster_sidem_11th_stage_ever_everfter_1	live	テラススイート～Premium Passion Producers Party	50000	0	一室料金50,000円×定員人数（6/7/12人部屋、部屋単位販売）	https://idolmaster-official.jp/live_event/sidem11th/ticket/
sh_the_idolmster_sidem_11th_stage_ever_everfter_2	live	テラススイート～Premium Passion Producers Party	50000	0	一室料金50,000円×定員人数（6/7/12人部屋、部屋単位販売）	https://idolmaster-official.jp/live_event/sidem11th/ticket/
sh_L0918	live	全席指定	12000	0		https://idolmaster-official.jp/live_event/sidem9th/information/
sh_L0919	live	全席指定	12000	0		https://idolmaster-official.jp/live_event/sidem9th/information/
sh_L0920	stream	配信視聴チケット	5000	0		https://idolmaster-official.jp/news/01_11987
sh_L0920	stream	グッズ付き配信視聴チケット	10000	0	缶バッジ6種セット+ポストカード7種セット付き	https://idolmaster-official.jp/news/01_11987
sh_L0878	live	全席指定	10700	0		https://idolmaster-official.jp/live_event/sidem_prs2024/ticket/
sh_L0879	live	全席指定	10700	0		https://idolmaster-official.jp/live_event/sidem_prs2024/ticket/
sh_L0900	live	SS席ストーリーセット	15000	0		https://idolmaster-official.jp/live_event/sidem_fclive_hm/
sh_L0900	live	SS席	13900	0		https://idolmaster-official.jp/live_event/sidem_fclive_hm/
sh_L0900	live	S席ストーリーセット	13000	0		https://idolmaster-official.jp/live_event/sidem_fclive_hm/
sh_L0900	live	S席	11900	0		https://idolmaster-official.jp/live_event/sidem_fclive_hm/
sh_L0900	live	A席ストーリーセット	10000	0		https://idolmaster-official.jp/live_event/sidem_fclive_hm/
sh_L0900	live	A席	8900	0		https://idolmaster-official.jp/live_event/sidem_fclive_hm/
sh_L0901	live	SS席ストーリーセット	15000	0		https://idolmaster-official.jp/live_event/sidem_fclive_hm/
sh_L0901	live	SS席	13900	0		https://idolmaster-official.jp/live_event/sidem_fclive_hm/
sh_L0901	live	S席ストーリーセット	13000	0		https://idolmaster-official.jp/live_event/sidem_fclive_hm/
sh_L0901	live	S席	11900	0		https://idolmaster-official.jp/live_event/sidem_fclive_hm/
sh_L0901	live	A席ストーリーセット	10000	0		https://idolmaster-official.jp/live_event/sidem_fclive_hm/
sh_L0901	live	A席	8900	0		https://idolmaster-official.jp/live_event/sidem_fclive_hm/
sh_L0902	live	SS席ストーリーセット	15000	0		https://idolmaster-official.jp/live_event/sidem_fclive_hm/
sh_L0902	live	SS席	13900	0		https://idolmaster-official.jp/live_event/sidem_fclive_hm/
sh_L0902	live	S席ストーリーセット	13000	0		https://idolmaster-official.jp/live_event/sidem_fclive_hm/
sh_L0902	live	S席	11900	0		https://idolmaster-official.jp/live_event/sidem_fclive_hm/
sh_L0902	live	A席ストーリーセット	10000	0		https://idolmaster-official.jp/live_event/sidem_fclive_hm/
sh_L0902	live	A席	8900	0		https://idolmaster-official.jp/live_event/sidem_fclive_hm/
sh_L0903	live	SS席ストーリーセット	15000	0		https://idolmaster-official.jp/live_event/sidem_fclive_hm/
sh_L0903	live	SS席	13900	0		https://idolmaster-official.jp/live_event/sidem_fclive_hm/
sh_L0903	live	S席ストーリーセット	13000	0		https://idolmaster-official.jp/live_event/sidem_fclive_hm/
sh_L0903	live	S席	11900	0		https://idolmaster-official.jp/live_event/sidem_fclive_hm/
sh_L0903	live	A席ストーリーセット	10000	0		https://idolmaster-official.jp/live_event/sidem_fclive_hm/
sh_L0903	live	A席	8900	0		https://idolmaster-official.jp/live_event/sidem_fclive_hm/
sh_L0828	live	SS席	14400	0	ストーリー解放用シリアルコード付き	https://idolmaster-official.jp/live_event/sidem_fclive_bp/
sh_L0828	live	S席	12400	0	ストーリー解放用シリアルコード付き	https://idolmaster-official.jp/live_event/sidem_fclive_bp/
sh_L0828	live	A席	9400	0	ストーリー解放用シリアルコード付き	https://idolmaster-official.jp/live_event/sidem_fclive_bp/
sh_L0856	live	SS席ストーリーセット	14400	0		https://idolmaster-official.jp/live_event/sidem_fclive_bp/
sh_L0856	live	SS席	13300	0		https://idolmaster-official.jp/live_event/sidem_fclive_bp/
sh_L0856	live	S席ストーリーセット	12400	0		https://idolmaster-official.jp/live_event/sidem_fclive_bp/
sh_L0856	live	S席	11300	0		https://idolmaster-official.jp/live_event/sidem_fclive_bp/
sh_L0856	live	A席ストーリーセット	9400	0		https://idolmaster-official.jp/live_event/sidem_fclive_bp/
sh_L0856	live	A席	8300	0		https://idolmaster-official.jp/live_event/sidem_fclive_bp/
sh_L0857	live	SS席ストーリーセット	15000	0		https://idolmaster-official.jp/live_event/sidem_fclive_ct/
sh_L0857	live	SS席	13900	0		https://idolmaster-official.jp/live_event/sidem_fclive_ct/
sh_L0857	live	S席ストーリーセット	13000	0		https://idolmaster-official.jp/live_event/sidem_fclive_ct/
sh_L0857	live	S席	11900	0		https://idolmaster-official.jp/live_event/sidem_fclive_ct/
sh_L0857	live	A席ストーリーセット	10000	0		https://idolmaster-official.jp/live_event/sidem_fclive_ct/
sh_L0857	live	A席	8900	0		https://idolmaster-official.jp/live_event/sidem_fclive_ct/
sh_L0858	live	SS席ストーリーセット	15000	0		https://idolmaster-official.jp/live_event/sidem_fclive_ct/
sh_L0858	live	SS席	13900	0		https://idolmaster-official.jp/live_event/sidem_fclive_ct/
sh_L0858	live	S席ストーリーセット	13000	0		https://idolmaster-official.jp/live_event/sidem_fclive_ct/
sh_L0858	live	S席	11900	0		https://idolmaster-official.jp/live_event/sidem_fclive_ct/
sh_L0858	live	A席ストーリーセット	10000	0		https://idolmaster-official.jp/live_event/sidem_fclive_ct/
sh_L0858	live	A席	8900	0		https://idolmaster-official.jp/live_event/sidem_fclive_ct/
sh_L0859	live	SS席ストーリーセット	15000	0		https://idolmaster-official.jp/live_event/sidem_fclive_ct/
sh_L0859	live	SS席	13900	0		https://idolmaster-official.jp/live_event/sidem_fclive_ct/
sh_L0859	live	S席ストーリーセット	13000	0		https://idolmaster-official.jp/live_event/sidem_fclive_ct/
sh_L0859	live	S席	11900	0		https://idolmaster-official.jp/live_event/sidem_fclive_ct/
sh_L0859	live	A席ストーリーセット	10000	0		https://idolmaster-official.jp/live_event/sidem_fclive_ct/
sh_L0859	live	A席	8900	0		https://idolmaster-official.jp/live_event/sidem_fclive_ct/
sh_L0860	live	SS席ストーリーセット	15000	0		https://idolmaster-official.jp/live_event/sidem_fclive_ct/
sh_L0860	live	SS席	13900	0		https://idolmaster-official.jp/live_event/sidem_fclive_ct/
sh_L0860	live	S席ストーリーセット	13000	0		https://idolmaster-official.jp/live_event/sidem_fclive_ct/
sh_L0860	live	S席	11900	0		https://idolmaster-official.jp/live_event/sidem_fclive_ct/
sh_L0860	live	A席ストーリーセット	10000	0		https://idolmaster-official.jp/live_event/sidem_fclive_ct/
sh_L0860	live	A席	8900	0		https://idolmaster-official.jp/live_event/sidem_fclive_ct/
sh_L0812	live	全席指定	9700	0		https://idolmaster-official.jp/live_event/sidem_prs2023/ticket/
sh_L0813	live	全席指定	9700	0		https://idolmaster-official.jp/live_event/sidem_prs2023/ticket/
sh_L0848	live	全席指定	11000	0	来場者特典付き	https://idolmaster-official.jp/news/01_9036
sh_L0849	live	全席指定	12500	0	来場者特典付き	https://idolmaster-official.jp/news/01_9036
sh_L0789	live	全席指定	9900	0		https://idolmaster-official.jp/live_event/sidem7th/information/?tab=starlight
sh_L0790	live	全席指定	9900	0		https://idolmaster-official.jp/live_event/sidem7th/information/?tab=starlight
sh_L0799	live	全席指定	9900	0		https://idolmaster-official.jp/live_event/sidem7th/ticket/?tab=sunlight
sh_L0799	live	立見指定	9400	0		https://idolmaster-official.jp/live_event/sidem7th/ticket/?tab=sunlight
sh_L0800	live	全席指定	9900	0		https://idolmaster-official.jp/live_event/sidem7th/ticket/?tab=sunlight
sh_L0800	live	立見指定	9400	0		https://idolmaster-official.jp/live_event/sidem7th/ticket/?tab=sunlight
sh_L0742	live	全席指定	9700	0		https://idolmaster-official.jp/live_event/sidem_pm2022/information/
sh_L0743	live	全席指定	9700	0		https://idolmaster-official.jp/live_event/sidem_pm2022/information/
sh_L0746	live	全席指定	9900	0		https://idolmaster-official.jp/live_event/sidem6th/information/
sh_L0746	live	立見指定	9400	0		https://idolmaster-official.jp/live_event/sidem6th/information/
sh_L0746	stream	配信チケット	4800	0		https://idolmaster-official.jp/live_event/sidem6th/information/
sh_L0747	live	全席指定	9900	0		https://idolmaster-official.jp/live_event/sidem6th/information/
sh_L0747	live	立見指定	9400	0		https://idolmaster-official.jp/live_event/sidem6th/information/
sh_L0747	stream	配信チケット	4800	0		https://idolmaster-official.jp/live_event/sidem6th/information/
sh_L0715	live	全席指定	9900	0		https://idolmaster-official.jp/live_event/sidem6th/information/?tab=kobe
sh_L0715	stream	配信チケット	4800	0		https://idolmaster-official.jp/live_event/sidem6th/information/?tab=kobe
sh_L0716	live	全席指定	9900	0		https://idolmaster-official.jp/live_event/sidem6th/information/?tab=kobe
sh_L0716	stream	配信チケット	4800	0		https://idolmaster-official.jp/live_event/sidem6th/information/?tab=kobe
sh_L0731	live	全席指定	9900	0		https://idolmaster-official.jp/live_event/sidem6th/information/?tab=tokyo
sh_L0731	stream	配信チケット	4800	0		https://idolmaster-official.jp/live_event/sidem6th/information/?tab=tokyo
sh_L0732	live	全席指定	12000	0		https://idolmaster-official.jp/live_event/sidem6th/information/?tab=tokyo
sh_L0732	stream	配信チケット	5800	0		https://idolmaster-official.jp/live_event/sidem6th/information/?tab=tokyo
sh_L0675	live	全席指定	9700	0		https://idolmaster-official.jp/live_event/sidem_pm2021/ticket/
sh_L0675	stream	DAY1視聴チケット	4400	0		https://idolmaster-official.jp/live_event/sidem_pm2021/ticket/
sh_L0676	live	全席指定	9700	0		https://idolmaster-official.jp/live_event/sidem_pm2021/ticket/
sh_L0676	stream	DAY2視聴チケット	4400	0		https://idolmaster-official.jp/live_event/sidem_pm2021/ticket/
sh_L0591	live	全席指定	9900	0		https://idolmaster.jp/blog/?p=57522
sh_L0592	live	全席指定	9900	0		https://idolmaster.jp/blog/?p=57522
sh_L0580	live	全席指定	8600	0		https://idolmaster.jp/event/sidem_pm2018/ticket.php
sh_L0580	live_viewing	全席指定	3900	0		https://idolmaster.jp/event/sidem_pm2018/liveviewing.php
sh_L0581	live	全席指定	8600	0		https://idolmaster.jp/event/sidem_pm2018/ticket.php
sh_L0581	live_viewing	全席指定	3900	0		https://idolmaster.jp/event/sidem_pm2018/liveviewing.php
sh_L0582	live	全席指定	8600	0		https://idolmaster.jp/event/sidem_pm2018/ticket.php
sh_L0582	live_viewing	全席指定	3900	0		https://idolmaster.jp/event/sidem_pm2018/liveviewing.php
sh_L0440	live	全席指定	7800	0		https://www.aniplex.co.jp/lineup/imas-sidem/news/detail/?id=46803
sh_L0441	live	全席指定	7800	0		https://www.aniplex.co.jp/lineup/imas-sidem/news/detail/?id=46803
sh_L0417	live	全席指定	9900	0		https://anime.eiga.com/event/119604/
sh_L0418	live	全席指定	8500	0		https://anime.eiga.com/event/119605/
sh_L0420	live	全席指定	8500	0		https://anime.eiga.com/event/119606/
sh_L0421	live	全席指定	8500	0		https://anime.eiga.com/event/119607/
sh_L0429	live	全席指定	8500	0		https://anime.eiga.com/event/119608/
sh_L0433	live	全席指定	8500	0		https://anime.eiga.com/event/119609/
sh_L0434	live	全席指定	8500	0		https://anime.eiga.com/event/119610/
sh_L0351	live	全席指定	8200	0		https://www.lantis.jp/sidem/2ndlive/ticket
sh_L0352	live	全席指定	8200	0		https://www.lantis.jp/sidem/2ndlive/ticket
sh_L0351	live_viewing	全席指定	4000	0		https://www.lantis.jp/sidem/2ndlive/liveviewing
sh_L0352	live_viewing	全席指定	4000	0		https://www.lantis.jp/sidem/2ndlive/liveviewing
sh_L0365	live	スタンディング	6500	0	整理番号付	https://www.lantis.jp/sidem/tour2017/
sh_L0366	live	全席指定	7000	0		https://www.lantis.jp/sidem/tour2017/
sh_L0371	live	全席指定	7000	0		https://www.lantis.jp/sidem/tour2017/
sh_L0372	live	全席指定	7000	0		https://www.lantis.jp/sidem/tour2017/
sh_L0377	live	スタンディング	6500	0	整理番号付	https://www.lantis.jp/sidem/tour2017/
sh_L0380	live	1Fスタンディング・2F指定	6500	0	1Fスタンディングのみ整理番号付	https://www.lantis.jp/sidem/tour2017/
sh_L0381	live	全席指定	7000	0		https://www.lantis.jp/sidem/tour2017/
sh_L0386B	live	オールスタンディング	6000	0	ドリンク代別途500円必要	https://www.aniplex.co.jp/news/detail/?id=44043
sh_L0398	live	全席指定	5900	0		https://www.lisoeuf.com/party/2017/
sh_L0755	live	全席指定	9800	0		https://l-tike.com/play/mevent/?mid=635425
sh_L0756	live	全席指定	9800	0		https://l-tike.com/play/mevent/?mid=635425
sh_L0757	live	全席指定	9800	0		https://l-tike.com/play/mevent/?mid=635425
sh_L0758	live	全席指定	9800	0		https://l-tike.com/play/mevent/?mid=635425
sh_L0761	live	全席指定	9800	0		https://l-tike.com/play/mevent/?mid=635425
sh_L0762	live	全席指定	9800	0		https://l-tike.com/play/mevent/?mid=635425
sh_L0763	live	全席指定	9800	0		https://l-tike.com/play/mevent/?mid=635425
sh_L0764	live	全席指定	9800	0		https://l-tike.com/play/mevent/?mid=635425
sh_L0765	live	全席指定	9800	0		https://l-tike.com/play/mevent/?mid=635425
sh_L0766	live	全席指定	9800	0		https://l-tike.com/play/mevent/?mid=635425
sh_L0767	live	全席指定	9800	0		https://l-tike.com/play/mevent/?mid=635425
sh_L0768	live	全席指定	9800	0		https://l-tike.com/play/mevent/?mid=635425
sh_L0769	live	全席指定	9800	0		https://l-tike.com/play/mevent/?mid=635425
sh_L0772	live	全席指定	9800	0		https://l-tike.com/play/mevent/?mid=635425
