sh_L0294	2016-02-06	Nendoroid 10th Anniversary Live	Nendoroid 10th Anniversary Live	千葉・幕張メッセイベントホール	
sh_L0299	2016-02-28	CINDERELLA REAL PARTY 03 ～あつまれ！プロデューサー すてきなパレードin らんらんホール～	CINDERELLA REAL PARTY 03 ～あつまれ！プロデューサー すてきなパレードin らんらんホール～	東京・よみうりランド らんらんホール	
sh_L0319	2016-07-24	アイドルマスター シンデレラガールズ／ワンフェスサマーステージin 2016	アイドルマスター シンデレラガールズ／ワンフェスサマーステージin 2016	千葉・幕張メッセ国際展示場	
sh_L0327	2016-09-03	THE IDOLM@STER CINDERELLA GIRLS 4thLIVE TriCastle Story 神戸ワールド記念ホール公演	THE IDOLM@STER CINDERELLA GIRLS 4thLIVE TriCastle Story 神戸ワールド記念ホール公演 Day1：Starlight Castle	兵庫・ワールド記念ホール	
sh_L0328	2016-09-04	THE IDOLM@STER CINDERELLA GIRLS 4thLIVE TriCastle Story 神戸ワールド記念ホール公演	THE IDOLM@STER CINDERELLA GIRLS 4thLIVE TriCastle Story 神戸ワールド記念ホール公演 Day2：Starlight Castle	兵庫・ワールド記念ホール	
sh_L0330	2016-10-15	THE IDOLM@STER CINDERELLA GIRLS 4thLIVE TriCastle Story さいたまスーパーアリーナ公演	THE IDOLM@STER CINDERELLA GIRLS 4thLIVE TriCastle Story さいたまスーパーアリーナ公演 Day1：Brand new Castle	埼玉・さいたまスーパーアリーナ(アリーナモード)	
sh_L0331	2016-10-16	THE IDOLM@STER CINDERELLA GIRLS 4thLIVE TriCastle Story さいたまスーパーアリーナ公演	THE IDOLM@STER CINDERELLA GIRLS 4thLIVE TriCastle Story さいたまスーパーアリーナ公演 Day2：346 Castle	埼玉・さいたまスーパーアリーナ(アリーナモード)	
sh_L0355	2017-02-19	アイドルマスター シンデレラガールズ／ワンフェスWinterステージ 2017	アイドルマスター シンデレラガールズ／ワンフェスWinterステージ 2017	千葉・幕張メッセ国際展示場	
sh_L0356	2017-02-19	CINDERELLA REAL PARTY 04 ～わいわいつどえ！ しょ～ねんしょうじょ いやよいやよもすきのうち♥～	CINDERELLA REAL PARTY 04 ～わいわいつどえ！ しょ～ねんしょうじょ いやよいやよもすきのうち♥～ 第一部	東京・山野ホール	
sh_L0357	2017-02-19	CINDERELLA REAL PARTY 04 ～わいわいつどえ！ しょ～ねんしょうじょ いやよいやよもすきのうち♥～	CINDERELLA REAL PARTY 04 ～わいわいつどえ！ しょ～ねんしょうじょ いやよいやよもすきのうち♥～ 第二部	東京・山野ホール	
sh_L0361	2017-03-19	アイドルマスター シンデレラガールズ プレミアムイベント	アイドルマスター シンデレラガールズ プレミアムイベント	神奈川・横浜ベイホール	
sh_L0373	2017-05-13	THE IDOLM@STER CINDERELLA GIRLS 5thLIVE TOUR Serendipity Parade!!! 宮城公演	DAY1	宮城・セキスイハイムスーパーアリーナ	
sh_L0374	2017-05-14	THE IDOLM@STER CINDERELLA GIRLS 5thLIVE TOUR Serendipity Parade!!! 宮城公演	DAY2	宮城・セキスイハイムスーパーアリーナ	
sh_L0375	2017-05-27	THE IDOLM@STER CINDERELLA GIRLS 5thLIVE TOUR Serendipity Parade!!! 石川公演	DAY1	石川・石川県産業展示館 4号館	
sh_L0376	2017-05-28	THE IDOLM@STER CINDERELLA GIRLS 5thLIVE TOUR Serendipity Parade!!! 石川公演	DAY2	石川・石川県産業展示館 4号館	
sh_L0378	2017-06-09	THE IDOLM@STER CINDERELLA GIRLS 5thLIVE TOUR Serendipity Parade!!! 大阪公演	DAY1	大阪・大阪城ホール	
sh_L0379	2017-06-10	THE IDOLM@STER CINDERELLA GIRLS 5thLIVE TOUR Serendipity Parade!!! 大阪公演	DAY2	大阪・大阪城ホール	
sh_L0382	2017-06-24	THE IDOLM@STER CINDERELLA GIRLS 5thLIVE TOUR Serendipity Parade!!! 静岡公演	DAY1	静岡・エコパアリーナ	
sh_L0383	2017-06-25	THE IDOLM@STER CINDERELLA GIRLS 5thLIVE TOUR Serendipity Parade!!! 静岡公演	DAY2	静岡・エコパアリーナ	
sh_L0385	2017-07-08	THE IDOLM@STER CINDERELLA GIRLS 5thLIVE TOUR Serendipity Parade!!! 幕張公演	DAY1	千葉・幕張メッセイベントホール	
sh_L0386	2017-07-09	THE IDOLM@STER CINDERELLA GIRLS 5thLIVE TOUR Serendipity Parade!!! 幕張公演	DAY2	千葉・幕張メッセイベントホール	
sh_L0387	2017-07-29	THE IDOLM@STER CINDERELLA GIRLS 5thLIVE TOUR Serendipity Parade!!! 福岡公演	DAY1	福岡・西日本総合展示場 新館	
sh_L0388	2017-07-30	THE IDOLM@STER CINDERELLA GIRLS 5thLIVE TOUR Serendipity Parade!!! 福岡公演	DAY2	福岡・西日本総合展示場 新館	
sh_L0389	2017-08-12	THE IDOLM@STER CINDERELLA GIRLS 5thLIVE TOUR Serendipity Parade!!! さいたまスーパーアリーナ公演	DAY1	埼玉・さいたまスーパーアリーナ(アリーナモード)	
sh_L0390	2017-08-13	THE IDOLM@STER CINDERELLA GIRLS 5thLIVE TOUR Serendipity Parade!!! さいたまスーパーアリーナ公演	DAY2	埼玉・さいたまスーパーアリーナ(アリーナモード)	
sh_L0399	2017-11-05	CINDERELLA PARTY! ～デレパ参周年記念祝賀会～	CINDERELLA PARTY! ～デレパ参周年記念祝賀会～	東京・白金高輪SELENE STUDIO(SELENE b2)	
sh_L0403	2017-11-19	アイドルマスター シンデレラガールズ 6th Anniversary Memorial Party	アイドルマスター シンデレラガールズ 6th Anniversary Memorial Party	千葉・舞浜アンフィシアター	
sh_L0404	2017-12-03	アイドルマスターシンデレラガールズ With アサヒ飲料 PREMIUM EVENT	アイドルマスターシンデレラガールズ With アサヒ飲料 PREMIUM EVENT	神奈川・横浜ベイホール	
sh_L0424	2018-03-03	アイドルマスター シンデレラガールズ劇場　すぷりんぐふぇすてぃばる 2018	DAY1	千葉・舞浜アンフィシアター	
sh_L0425	2018-03-04	アイドルマスター シンデレラガールズ劇場　すぷりんぐふぇすてぃばる 2018	DAY2	千葉・舞浜アンフィシアター	
sh_L0430	2018-04-07	THE IDOLM@STER CINDERELLA GIRLS Initial Mess@ge	DAY1	台北・TICC台北国際会議センター	
sh_L0431	2018-04-08	THE IDOLM@STER CINDERELLA GIRLS Initial Mess@ge	DAY2	台北・TICC台北国際会議センター	
sh_L0504	2018-08-12	MOTTO ANISONG FESTIVAL 2018（アイマス出演パートのみ）	MOTTO ANISONG FESTIVAL 2018（アイマス出演パートのみ）	广州・中山纪念堂（広州・中山紀念堂）	
sh_L0513	2018-09-08	THE IDOLM@STER CINDERELLA GIRLS SS3A　Live Sound Booth♪	DAY1	群馬・ヤマダグリーンドーム前橋	
sh_L0514	2018-09-09	THE IDOLM@STER CINDERELLA GIRLS SS3A　Live Sound Booth♪	DAY2	群馬・ヤマダグリーンドーム前橋	
sh_L0553	2018-10-20	CINDERELLA REAL PARTY 05 ～この時をまっていた！ うきうき ようきな うんどうかい～	CINDERELLA REAL PARTY 05 ～この時をまっていた！ うきうき ようきな うんどうかい～	千葉・市川市文化会館 大ホール	
sh_L0557	2018-11-10	THE IDOLM@STER CINDERELLA GIRLS 6thLIVE MERRY-GO-ROUNDOME!!! メットライフドーム公演	DAY1	埼玉・メットライフドーム	
sh_L0558	2018-11-11	THE IDOLM@STER CINDERELLA GIRLS 6thLIVE MERRY-GO-ROUNDOME!!! メットライフドーム公演	DAY2	埼玉・メットライフドーム	
sh_L0560	2018-12-01	THE IDOLM@STER CINDERELLA GIRLS 6thLIVE MERRY-GO-ROUNDOME!!! ナゴヤドーム公演	DAY1	愛知・ナゴヤドーム	
sh_L0561	2018-12-02	THE IDOLM@STER CINDERELLA GIRLS 6thLIVE MERRY-GO-ROUNDOME!!! ナゴヤドーム公演	DAY2	愛知・ナゴヤドーム	
sh_L0563	2018-12-16	アイドルマスター シンデレラガールズ 7th Anniversary Memorial STAGE!! (CygamesFes2018)	アイドルマスター シンデレラガールズ 7th Anniversary Memorial STAGE!! (CygamesFes2018)	千葉・幕張メッセ国際展示場	
sh_L0568	2019-01-07	アイドルマスター シンデレラガールズ スターライトクルーズ ピアノアレンジ生演奏（下船時）	アイドルマスター シンデレラガールズ スターライトクルーズ ピアノアレンジ生演奏（下船時）	ぱしふぃっくびいなす（クルーズ客船）	
sh_L0597	2019-06-16	教えてIMAJOさん！ 青木瑠璃子のギターレッスン（アイドルマスター シンデレラガールズ コロムビアCD オリコン週間ランキングトップ10累計100タイトル突破記念 プロデューサーさん感謝フェスin 秋葉原）	教えてIMAJOさん！ 青木瑠璃子のギターレッスン（アイドルマスター シンデレラガールズ コロムビアCD オリコン週間ランキングトップ10累計100タイトル突破記念 プロデューサーさん感謝フェスin 秋葉原）	東京・マップ劇場（ソフマップAKIBA１号店 サブカル・モバイル館8F）	
sh_L0598	2019-06-16	アイドルマスター シンデレラガールズ コロムビアCD オリコン週間ランキングトップ10累計100タイトル突破記念 プロデューサーさん感謝祭 in 新木場スタジオコースト	アイドルマスター シンデレラガールズ コロムビアCD オリコン週間ランキングトップ10累計100タイトル突破記念 プロデューサーさん感謝祭 in 新木場スタジオコースト	東京・新木場STUDIO COAST	
sh_L0607	2019-07-13	CINDERELLA REAL PARTY! 06～超！Excited！！ ノリ遅れるな 輪になろう◎～	CINDERELLA REAL PARTY! 06～超！Excited！！ ノリ遅れるな 輪になろう◎～	東京・めぐろパーシモンホール 大ホール	
sh_L0617	2019-09-03	THE IDOLM@STER CINDERELLA GIRLS 7thLIVE TOUR Special 3chord♪ Comical Pops!	1日目	千葉・幕張メッセ国際展示場 展示ホール9－11	
sh_L0618	2019-09-04	THE IDOLM@STER CINDERELLA GIRLS 7thLIVE TOUR Special 3chord♪ Comical Pops!	2日目	千葉・幕張メッセ国際展示場 展示ホール9－11	
sh_L0628	2019-11-09	THE IDOLM@STER CINDERELLA GIRLS 7thLIVE TOUR Special 3chord♪ Funky Dancing!	DAY1	愛知・ナゴヤドーム	
sh_L0629	2019-11-10	THE IDOLM@STER CINDERELLA GIRLS 7thLIVE TOUR Special 3chord♪ Funky Dancing!	DAY2	愛知・ナゴヤドーム	
sh_L0630	2019-11-17	NHK総合『シブヤノオト』(生放送)	NHK総合『シブヤノオト』(生放送)	東京・NHK放送センター	
sh_L0639	2020-02-15	THE IDOLM@STER CINDERELLA GIRLS 7thLIVE TOUR Special 3chord♪ Glowing Rock!	DAY1	大阪・京セラドーム大阪	
sh_L0640	2020-02-16	THE IDOLM@STER CINDERELLA GIRLS 7thLIVE TOUR Special 3chord♪ Glowing Rock!	DAY2	大阪・京セラドーム大阪	
sh_L0651	2020-03-03	こころの歌人たち（第3回）弦哲也	こころの歌人たち（第3回）弦哲也	東京・けやきホール（古賀政男音楽博物館内	
sh_L0658	2020-09-05	24magic 〜シンデレラたちの24時間生放送！〜	24magic 〜シンデレラたちの24時間生放送！〜 ★オープニング★(THE IDOLM@STER CINDERELLA GIRLS Live Broadcast 24magic 〜シンデレラたちの24時間生放送！〜)		生配信番組
sh_L0659	2020-09-06	Funky Dancing Night!(THE IDOLM@STER CINDERELLA GIRLS Live Broadcast 24magic 〜シンデレラたちの24時間生放送！〜)	Funky Dancing Night!(THE IDOLM@STER CINDERELLA GIRLS Live Broadcast 24magic 〜シンデレラたちの24時間生放送！〜)	生配信番組	生配信番組
sh_L0660	2020-09-06	僕らのIDOL FAIR(THE IDOLM@STER CINDERELLA GIRLS Live Broadcast 24magic 〜シンデレラたちの24時間生放送！〜)	僕らのIDOL FAIR(THE IDOLM@STER CINDERELLA GIRLS Live Broadcast 24magic 〜シンデレラたちの24時間生放送！〜)	生配信番組	生配信番組
sh_L0661	2020-09-06	24magic 〜シンデレラたちの24時間生放送！〜	24magic 〜シンデレラたちの24時間生放送！〜 ★グランドフィナーレ★(THE IDOLM@STER CINDERELLA GIRLS Live Broadcast 24magic 〜シンデレラたちの24時間生放送！〜)	生配信番組	生配信番組
sh_L0664	2020-10-10	シブヤノオト and more FES.2020	シブヤノオト and more FES.2020	東京・NHK放送センター(生放送)	東京・NHK放送センター(生放送)
sh_L0668	2020-11-28	アイドルマスター シンデレラガールズ 9th Anniversary Memorial Party	アイドルマスター シンデレラガールズ 9th Anniversary Memorial Party	リアルタイム配信	リアルタイム配信
sh_L0669	2021-01-09	THE IDOLM@STER CINDERELLA GIRLS Broadcast & LIVE Happy New Yell !!!	DAY1	リアルタイム配信(配信ASOBISTAGE／会場：千葉・幕張メッセ国際展示場 展示ホール1～3)	リアルタイム配信(配信ASOBISTAGE／会場：千葉・幕張メッセ国際展示場 展示ホール1～3)
sh_L0670	2021-01-10	THE IDOLM@STER CINDERELLA GIRLS Broadcast & LIVE Happy New Yell !!!	DAY2	リアルタイム配信(配信ASOBISTAGE／会場：千葉・幕張メッセ国際展示場 展示ホール1～3)	リアルタイム配信(配信ASOBISTAGE／会場：千葉・幕張メッセ国際展示場 展示ホール1～3)
sh_L0696	2021-07-11	CINDERELLA REAL PARTY! 07 Derepa is Gentle and Elegant	昼の部	東京・有楽町よみうりホール	
sh_L0697	2021-07-11	CINDERELLA REAL PARTY! 07 Derepa is Gentle and Elegant	夜の部	東京・有楽町よみうりホール	
sh_L0703	2021-10-02	THE IDOLM@STER CINDERELLA GIRLS 10th ANNIVERSARY M@GICAL WONDERLAND TOUR!!! MerryMaerchen Land	DAY1	福岡・西日本総合展示場 新館	
sh_L0704	2021-10-03	THE IDOLM@STER CINDERELLA GIRLS 10th ANNIVERSARY M@GICAL WONDERLAND TOUR!!! MerryMaerchen Land	DAY2	福岡・西日本総合展示場 新館	
sh_L0720	2021-11-27	THE IDOLM@STER CINDERELLA GIRLS 10th ANNIVERSARY M@GICAL WONDERLAND TOUR!!! Celebration Land	DAY1	千葉・幕張メッセ イベントホール	
sh_L0721	2021-11-28	THE IDOLM@STER CINDERELLA GIRLS 10th ANNIVERSARY M@GICAL WONDERLAND TOUR!!! Celebration Land	DAY2	千葉・幕張メッセ イベントホール	
sh_L0729	2021-12-25	THE IDOLM@STER CINDERELLA GIRLS 10th ANNIVERSARY M@GICAL WONDERLAND TOUR!!! CosmoStar Land	DAY1	愛知・愛知県国際展示場 ホールA	
sh_L0730	2021-12-26	THE IDOLM@STER CINDERELLA GIRLS 10th ANNIVERSARY M@GICAL WONDERLAND TOUR!!! CosmoStar Land	DAY2	愛知・愛知県国際展示場 ホールA	
sh_L0737	2022-01-29	THE IDOLM@STER CINDERELLA GIRLS 10th ANNIVERSARY M@GICAL WONDERLAND TOUR!!! Tropical Land	DAY1	リアルタイム配信(配信ASOBISTAGE／会場：千葉・幕張メッセイベントホール)	リアルタイム配信(配信ASOBISTAGE／会場：千葉・幕張メッセイベントホール)
sh_L0738	2022-01-30	THE IDOLM@STER CINDERELLA GIRLS 10th ANNIVERSARY M@GICAL WONDERLAND TOUR!!! Tropical Land	DAY2	リアルタイム配信(配信ASOBISTAGE／会場：千葉・幕張メッセイベントホール)	リアルタイム配信(配信ASOBISTAGE／会場：千葉・幕張メッセイベントホール)
sh_L0744	2022-04-02	THE IDOLM@STER CINDERELLA GIRLS 10th ANNIVERSARY M@GICAL WONDERLAND!!!	DAY1	埼玉・ベルーナドーム(西武ドーム)	
sh_L0745	2022-04-03	THE IDOLM@STER CINDERELLA GIRLS 10th ANNIVERSARY M@GICAL WONDERLAND!!!	DAY2	埼玉・ベルーナドーム(西武ドーム)	
sh_L0770	2022-06-25	CINDERELLA REAL PARTY! 08 Panical Emotioful Land	昼の部	東京・科学技術館サイエンスホール	
sh_L0771	2022-06-25	CINDERELLA REAL PARTY! 08 Panical Emotioful Land	夜の部	東京・科学技術館サイエンスホール	
sh_L0785	2022-09-03	THE IDOLM@STER CINDERELLA GIRLS LIKE4LIVE #cg_ootd	DAY1	愛知・日本ガイシホール	
sh_L0786	2022-09-04	THE IDOLM@STER CINDERELLA GIRLS LIKE4LIVE #cg_ootd	DAY2	愛知・日本ガイシホール	
sh_L0797	2022-11-26	THE IDOLM@STER CINDERELLA GIRLS Twinkle LIVE Constellation Gradation	DAY1	埼玉・ベルーナドーム(西武プリンスドーム)	
sh_L0798	2022-11-27	THE IDOLM@STER CINDERELLA GIRLS Twinkle LIVE Constellation Gradation	DAY2	埼玉・ベルーナドーム(西武プリンスドーム)	
sh_L0802	2022-12-31	第6回 ももいろ歌合戦	第6回 ももいろ歌合戦	東京・日本武道館	
sh_L0819	2023-06-10	THE IDOLM@STER CINDERELLA GIRLS 燿城夜祭 -かがやきよまつり-	DAY1	大阪・大阪城ホール	
sh_L0820	2023-06-11	THE IDOLM@STER CINDERELLA GIRLS 燿城夜祭 -かがやきよまつり-	DAY2	大阪・大阪城ホール	
sh_L0836	2023-08-06	CINDERELLA REAL PARTY! 09～御利神（オリジン）～	昼の部	東京・ニッショーホール	
sh_L0837	2023-08-06	CINDERELLA REAL PARTY! 09～御利神（オリジン）～	夜の部	東京・ニッショーホール	
sh_L0841	2023-09-09	THE IDOLM@STER CINDERELLA GIRLS Shout out Live!!!	DAY1	愛知・愛知県国際展示場 ホールA	
sh_L0842	2023-09-10	THE IDOLM@STER CINDERELLA GIRLS Shout out Live!!!	DAY2	愛知・愛知県国際展示場 ホールA	
sh_L0876	2024-02-03	THE IDOLM@STER CINDERELLA GIRLS UNIT LIVE TOUR ConnecTrip! 山形公演	昼公演	山形・やまぎん県民ホール	
sh_L0877	2024-02-03	THE IDOLM@STER CINDERELLA GIRLS UNIT LIVE TOUR ConnecTrip! 山形公演	夜公演	山形・やまぎん県民ホール	
sh_L0888	2024-03-10	THE IDOLM@STER CINDERELLA GIRLS UNIT LIVE TOUR ConnecTrip! 岩手公演	昼公演	岩手・トーサイクラシックホール岩手	
sh_L0889	2024-03-10	THE IDOLM@STER CINDERELLA GIRLS UNIT LIVE TOUR ConnecTrip! 岩手公演	夜公演	岩手・トーサイクラシックホール岩手	
sh_L0898	2024-04-06	THE IDOLM@STER CINDERELLA GIRLS UNIT LIVE TOUR ConnecTrip! 大阪公演	昼公演	大阪・Zepp Osaka Bayside	
sh_L0899	2024-04-06	THE IDOLM@STER CINDERELLA GIRLS UNIT LIVE TOUR ConnecTrip! 大阪公演	夜公演	大阪・Zepp Osaka Bayside	
sh_L0908	2024-05-19	THE IDOLM@STER CINDERELLA GIRLS UNIT LIVE TOUR ConnecTrip! 福岡公演	昼公演	福岡・Zepp Fukuoka	
sh_L0909	2024-05-19	THE IDOLM@STER CINDERELLA GIRLS UNIT LIVE TOUR ConnecTrip! 福岡公演	夜公演	福岡・Zepp Fukuoka	
sh_L0910	2024-05-28	Stage for Cinderella Celebration Night	Stage for Cinderella Celebration Night	配信番組・YouTube アイドルマスターチャンネル	配信番組・YouTube アイドルマスターチャンネル
sh_L0911	2024-06-01	THE IDOLM@STER CINDERELLA GIRLS UNIT LIVE TOUR ConnecTrip! 東京公演	昼公演	東京・Zepp DiverCity Tokyo	
sh_L0912	2024-06-01	THE IDOLM@STER CINDERELLA GIRLS UNIT LIVE TOUR ConnecTrip! 東京公演	夜公演	東京・Zepp DiverCity Tokyo	
sh_L0913	2024-06-16	THE IDOLM@STER CINDERELLA GIRLS UNIT LIVE TOUR ConnecTrip! 石川公演	昼公演	石川・本多の森北電ホール	
sh_L0914	2024-06-16	THE IDOLM@STER CINDERELLA GIRLS UNIT LIVE TOUR ConnecTrip! 石川公演	夜公演	石川・本多の森北電ホール	
sh_L0951	2024-09-14	THE IDOLM@STER CINDERELLA GIRLS STARLIGHT FANTASY	DAY1	神奈川・Kアリーナ横浜	
sh_L0952	2024-09-15	THE IDOLM@STER CINDERELLA GIRLS STARLIGHT FANTASY	DAY2	神奈川・Kアリーナ横浜	
sh_L0959	2024-10-13	CINDERELLA REAL PARTY! 10 拾年の宴～舟民の舞ｗｗ	昼の部】	東京・ニッショーホール（日本消防会館）	
sh_L0960	2024-10-13	CINDERELLA REAL PARTY! 10 拾年の宴～舟民の舞ｗｗ	夜の部】	東京・ニッショーホール（日本消防会館）	
sh_L0989	2024-12-14	M@STER EXPO LIVE SHOWCASE CINDERELLA STAGE	DAY1	千葉・幕張メッセ 国際展示場 展示ホール3	
sh_L0997	2024-12-15	M@STER EXPO LIVE SHOWCASE CINDERELLA STAGE	DAY2	千葉・幕張メッセ 国際展示場 展示ホール3	
sh_L1050	2025-03-08	THE IDOLM@STER CINDERELLA GIRLS STARLIGHT STAGE 10th ANNIVERSARY TOUR Let’s AMUSEMENT!!! 大阪公演	DAY1	大阪・大阪城ホール	
sh_L1052	2025-03-09	THE IDOLM@STER CINDERELLA GIRLS STARLIGHT STAGE 10th ANNIVERSARY TOUR Let’s AMUSEMENT!!! 大阪公演	DAY2	大阪・大阪城ホール	
sh_L1070	2025-04-26	THE IDOLM@STER CINDERELLA GIRLS STARLIGHT STAGE 10th ANNIVERSARY TOUR Let’s AMUSEMENT!!! 東京公演	DAY1	東京・有明アリーナ	
sh_L1072	2025-04-27	THE IDOLM@STER CINDERELLA GIRLS STARLIGHT STAGE 10th ANNIVERSARY TOUR Let’s AMUSEMENT!!! 東京公演	DAY2	東京・有明アリーナ	
sh_L1091	2025-06-07	THE IDOLM@STER CINDERELLA GIRLS STARLIGHT STAGE 10th ANNIVERSARY TOUR Let’s AMUSEMENT!!! 沖縄公演	DAY1	沖縄・沖縄サントリーアリーナ	
sh_L1092	2025-06-08	THE IDOLM@STER CINDERELLA GIRLS STARLIGHT STAGE 10th ANNIVERSARY TOUR Let’s AMUSEMENT!!! 沖縄公演	DAY2	沖縄・沖縄サントリーアリーナ	
sh_L1103	2025-06-28	THE IDOLM@STER CINDERELLA GIRLS STARLIGHT STAGE 10th ANNIVERSARY TOUR Let’s AMUSEMENT!!! 福岡公演	DAY1	福岡・マリンメッセ福岡	
sh_L1104	2025-06-29	THE IDOLM@STER CINDERELLA GIRLS STARLIGHT STAGE 10th ANNIVERSARY TOUR Let’s AMUSEMENT!!! 福岡公演	DAY2	福岡・マリンメッセ福岡	
sh_L1149	2025-09-06	THE IDOLM@STER CINDERELLA GIRLS 10th MEMORIAL LIVE STARLIGHT STAGE	DAY1	神奈川・Kアリーナ横浜	
sh_L1150	2025-09-07	THE IDOLM@STER CINDERELLA GIRLS 10th MEMORIAL LIVE STARLIGHT STAGE	DAY2	神奈川・Kアリーナ横浜	
sh_L1181	2025-10-24	アイドルマスター シンデレラガールズ　15周年イヤー直前！生配信	アイドルマスター シンデレラガールズ　15周年イヤー直前！生配信	YouTube アイドルマスターチャンネル	YouTube アイドルマスターチャンネル
sh_L1195	2025-11-23	CINDERELLA REAL PARTY! 11 Shall we AMUSEMENT???	昼の部	東京・科学技術館サイエンスホール	
sh_L1196	2025-11-23	CINDERELLA REAL PARTY! 11 Shall we AMUSEMENT???	夜の部	東京・科学技術館サイエンスホール	
sh_L1198	2025-11-29	CINDERELLA GIRLS fes. Once Upon a St@rs	DAY1 第1公演 Luminaria Tiara	千葉・幕張メッセ 国際展示場ホール9-10	
sh_L1199	2025-11-29	CINDERELLA GIRLS fes. Once Upon a St@rs	DAY1 第2公演 Nocturne Crown	千葉・幕張メッセ 国際展示場ホール9-10	
sh_L1200	2025-11-29	CINDERELLA GIRLS fes. Once Upon a St@rs	DAY1 STARLIGHT ALLIANCE	千葉・幕張メッセ 国際展示場ホール11	
sh_L1201	2025-11-30	CINDERELLA GIRLS fes. Once Upon a St@rs	DAY2 第3公演 Princess Riot	千葉・幕張メッセ 国際展示場ホール9-10	
sh_L1202	2025-11-30	CINDERELLA GIRLS fes. Once Upon a St@rs	DAY2 第4公演 Ever Starlight	千葉・幕張メッセ 国際展示場ホール9-10	
sh_L1203	2025-11-30	CINDERELLA GIRLS fes. Once Upon a St@rs	DAY2 STARLIGHT ALLIANCE	千葉・幕張メッセ 国際展示場ホール11	
sh_cinderella_girls_musical_starlight_high_school_0	2026-05-08	CINDERELLA GIRLS MUSICAL STARLIGHT HIGH SCHOOL!	DAY1	森のホール21 (松戸市文化会館) 大ホール	
sh_cinderella_girls_musical_starlight_high_school_1	2026-05-09	CINDERELLA GIRLS MUSICAL STARLIGHT HIGH SCHOOL!	夜公演	森のホール21 (松戸市文化会館) 大ホール	
sh_cinderella_girls_musical_starlight_high_school_2	2026-05-10	CINDERELLA GIRLS MUSICAL STARLIGHT HIGH SCHOOL!	昼公演	森のホール21 (松戸市文化会館) 大ホール	
sh_cinderella_girls_musical_starlight_high_school_3	2026-05-10	CINDERELLA GIRLS MUSICAL STARLIGHT HIGH SCHOOL!	夜公演	森のホール21 (松戸市文化会館) 大ホール	
sh_cinderella_girls_musical_第2弾_1	2026-07-04	CINDERELLA GIRLS MUSICAL DERE of the DEAD	DAY1	オリックス劇場 (大阪)	
sh_cinderella_girls_musical_第2弾_2	2026-07-05	CINDERELLA GIRLS MUSICAL DERE of the DEAD	DAY2 昼公演	オリックス劇場 (大阪)	
sh_cinderella_girls_musical_第2弾_3	2026-07-05	CINDERELLA GIRLS MUSICAL DERE of the DEAD	DAY2 夜公演	オリックス劇場 (大阪)	
sh_cinderella_girls_concept_xr_live_pop_n_toybox_1	2026-08-13	CINDERELLA GIRLS CONCEPT xR LIVE Pop'n ToyBox!!	夕方公演	Shibuya LOVEZ	
sh_cinderella_girls_concept_xr_live_pop_n_toybox_2	2026-08-14	CINDERELLA GIRLS CONCEPT xR LIVE Pop'n ToyBox!!	昼公演	Shibuya LOVEZ	
sh_cinderella_girls_concept_xr_live_pop_n_toybox_3	2026-08-14	CINDERELLA GIRLS CONCEPT xR LIVE Pop'n ToyBox!!	夜公演	Shibuya LOVEZ	
sh_cinderella_girls_concept_xr_live_pop_n_toybox_4	2026-08-15	CINDERELLA GIRLS CONCEPT xR LIVE Pop'n ToyBox!!	夕方公演	Shibuya LOVEZ	
sh_cinderella_girls_concept_xr_live_pop_n_toybox_5	2026-08-16	CINDERELLA GIRLS CONCEPT xR LIVE Pop'n ToyBox!!	昼公演	Shibuya LOVEZ	
sh_cinderella_girls_concept_xr_live_pop_n_toybox_6	2026-08-16	CINDERELLA GIRLS CONCEPT xR LIVE Pop'n ToyBox!!	夜公演	Shibuya LOVEZ	
sh_シンデレラガールズ_15周年_大型イベント_1	2026-11-28	THE IDOLM@STER CINDERELLA GIRLS 15th ANNIVERSARY PARTY!!!! ~ for your ONE ~	DAY1	Kアリーナ横浜	
sh_シンデレラガールズ_15周年_大型イベント_2	2026-11-29	THE IDOLM@STER CINDERELLA GIRLS 15th ANNIVERSARY PARTY!!!! ~ for your ONE ~	DAY2	Kアリーナ横浜	
sh_the_idolm@ster_cinderella_girls_15th_anniversary_orchestra_concert_~_シンデレラの演奏会_~_1	2027-01-11	THE IDOLM@STER CINDERELLA GIRLS 15th ANNIVERSARY ORCHESTRA CONCERT ～ シンデレラの演奏会 ～	DAY1	パシフィコ横浜 国立大ホール	
sh_the_idolm@ster_cinderella_girls_15th_anniversary_orchestra_concert_~_シンデレラの演奏会_~_2	2027-01-12	THE IDOLM@STER CINDERELLA GIRLS 15th ANNIVERSARY ORCHESTRA CONCERT ～ シンデレラの演奏会 ～	DAY2	パシフィコ横浜 国立大ホール	
sh_the_idolm@ster_cinderella_girls_×_million_live_clash_m@tch_1	2027-02-27	THE IDOLM@STER CINDERELLA GIRLS × MILLION LIVE! CLASH M@TCH!!	DAY1	IGアリーナ (愛知)	
sh_the_idolm@ster_cinderella_girls_×_million_live_clash_m@tch_2	2027-02-28	THE IDOLM@STER CINDERELLA GIRLS × MILLION LIVE! CLASH M@TCH!!	DAY2	IGアリーナ (愛知)	
