sh_L0293	2016-02-02	THE IDOLM@STER十週年台北國際電玩展特別舞台活動（Taipei Game Show 2016）	THE IDOLM@STER十週年台北國際電玩展特別舞台活動（Taipei Game Show 2016）	台北・台北世界貿易中心展覽一館	
sh_L0296	2016-02-20	THE IDOLM@STER ＆ CINDERELLA GIRLS TALK ＆ LIVE STAGE in C3 Hong Kong（C3日本動玩博覽2016）	THE IDOLM@STER ＆ CINDERELLA GIRLS TALK ＆ LIVE STAGE in C3 Hong Kong（C3日本動玩博覽2016）	香港・香港會議展覽中心	
sh_L0305	2016-04-08	Face to Face with Asami Shimoda（Kawaii Kon 2016内イベント）	Face to Face with Asami Shimoda（Kawaii Kon 2016内イベント）	ホノルル・Hawaii Convention Center	
sh_L0320	2016-07-24	THE IDOLM@STER STATION!!! Summer Night Party!!!	THE IDOLM@STER STATION!!! Summer Night Party!!!	神奈川・横浜ベイホール	
sh_L0322	2016-08-06	THE IDOLM@STER PLATINUM STARS スペシャルステージ（「偶像大師白金星光」特別舞台活動・PlayStation Festival内イベント）	THE IDOLM@STER PLATINUM STARS スペシャルステージ（「偶像大師白金星光」特別舞台活動・PlayStation Festival内イベント）	台北・Clapper Studio（三創生活園區五樓）	
sh_L0329	2016-09-24	「アイドルマスター プラチナスターズ」SPECIAL PARTY	「アイドルマスター プラチナスターズ」SPECIAL PARTY	東京・山野ホール	
sh_L0348	2017-01-28	THE IDOLM@STER PRODUCER MEETING 2017 765PRO ALLSTARS -Fun to the new vision!!-	DAY1	東京・東京体育館	
sh_L0349	2017-01-29	THE IDOLM@STER PRODUCER MEETING 2017 765PRO ALLSTARS -Fun to the new vision!!-	DAY2	東京・東京体育館	
sh_L0350	2017-02-10	THE IDOLM@STER 765 MILLIONSTARS in C3 Hong Kong	THE IDOLM@STER 765 MILLIONSTARS in C3 Hong Kong	香港・香港會議展覽中心	
sh_L0367	2017-04-22	THE IDOLM@STER 765 MILLIONSTARS First Time in TAIWAN	DAY1	台北・TICC台北国際会議センター	
sh_L0368	2017-04-23	THE IDOLM@STER 765 MILLIONSTARS First Time in TAIWAN	DAY2	台北・TICC台北国際会議センター	
sh_L0396	2017-10-07	THE IDOLM@STER 765 MILLIONSTARS HOTCHPOTCH FESTIV@L!!	DAY1	東京・日本武道館	
sh_L0397	2017-10-08	THE IDOLM@STER 765 MILLIONSTARS HOTCHPOTCH FESTIV@L!!	DAY2	東京・日本武道館	
sh_L0406	2017-12-16	THE IDOLM@STER STATION!!! WINTER PREMIUM PARTY!!!	THE IDOLM@STER STATION!!! WINTER PREMIUM PARTY!!!	東京・白金高輪SELENE b2	
sh_L0412	2018-01-06	THE IDOLM@STER ニューイヤーライブ!! 初星宴舞	DAY1	千葉・幕張メッセイベントホール	
sh_L0413	2018-01-07	THE IDOLM@STER ニューイヤーライブ!! 初星宴舞	DAY2	千葉・幕張メッセイベントホール	
sh_L0437	2018-04-30	THE IDOLM@STER MR ST@GE!! MUSIC♪GROOVE☆	THE IDOLM@STER MR ST@GE!! MUSIC♪GROOVE☆第一部(4/30日替わり主演アイドル：天海春香)	神奈川・DMM VR THEATER	
sh_L0438	2018-04-30	THE IDOLM@STER MR ST@GE!! MUSIC♪GROOVE☆	THE IDOLM@STER MR ST@GE!! MUSIC♪GROOVE☆第二部(4/30日替わり主演アイドル：天海春香)	神奈川・DMM VR THEATER	
sh_L0439	2018-04-30	THE IDOLM@STER MR ST@GE!! MUSIC♪GROOVE☆	THE IDOLM@STER MR ST@GE!! MUSIC♪GROOVE☆第三部(4/30日替わり主演アイドル：天海春香)	神奈川・DMM VR THEATER	
sh_L0442	2018-05-01	THE IDOLM@STER MR ST@GE!! MUSIC♪GROOVE☆	THE IDOLM@STER MR ST@GE!! MUSIC♪GROOVE☆第一部(5/1日替わり主演アイドル：菊地真)	神奈川・DMM VR THEATER	
sh_L0443	2018-05-01	THE IDOLM@STER MR ST@GE!! MUSIC♪GROOVE☆	THE IDOLM@STER MR ST@GE!! MUSIC♪GROOVE☆第二部(5/1日替わり主演アイドル：菊地真)	神奈川・DMM VR THEATER	
sh_L0444	2018-05-01	THE IDOLM@STER MR ST@GE!! MUSIC♪GROOVE☆	THE IDOLM@STER MR ST@GE!! MUSIC♪GROOVE☆第三部(5/1日替わり主演アイドル：菊地真)	神奈川・DMM VR THEATER	
sh_L0445	2018-05-02	THE IDOLM@STER MR ST@GE!! MUSIC♪GROOVE☆	THE IDOLM@STER MR ST@GE!! MUSIC♪GROOVE☆第一部(5/2日替わり主演アイドル：天海春香)	神奈川・DMM VR THEATER	
sh_L0446	2018-05-02	THE IDOLM@STER MR ST@GE!! MUSIC♪GROOVE☆	THE IDOLM@STER MR ST@GE!! MUSIC♪GROOVE☆第二部(5/2日替わり主演アイドル：天海春香)	神奈川・DMM VR THEATER	
sh_L0447	2018-05-02	THE IDOLM@STER MR ST@GE!! MUSIC♪GROOVE☆	THE IDOLM@STER MR ST@GE!! MUSIC♪GROOVE☆第三部(5/2日替わり主演アイドル：天海春香)	神奈川・DMM VR THEATER	
sh_L0448	2018-05-03	THE IDOLM@STER MR ST@GE!! MUSIC♪GROOVE☆	THE IDOLM@STER MR ST@GE!! MUSIC♪GROOVE☆第一部(5/3日替わり主演アイドル：四条貴音)	神奈川・DMM VR THEATER	
sh_L0449	2018-05-03	THE IDOLM@STER MR ST@GE!! MUSIC♪GROOVE☆	THE IDOLM@STER MR ST@GE!! MUSIC♪GROOVE☆第二部(5/3日替わり主演アイドル：四条貴音)	神奈川・DMM VR THEATER	
sh_L0450	2018-05-03	THE IDOLM@STER MR ST@GE!! MUSIC♪GROOVE☆	THE IDOLM@STER MR ST@GE!! MUSIC♪GROOVE☆第三部(5/3日替わり主演アイドル：四条貴音)	神奈川・DMM VR THEATER	
sh_L0451	2018-05-04	THE IDOLM@STER MR ST@GE!! MUSIC♪GROOVE☆	THE IDOLM@STER MR ST@GE!! MUSIC♪GROOVE☆第一部(5/4日替わり主演アイドル：菊地真)	神奈川・DMM VR THEATER	
sh_L0452	2018-05-04	THE IDOLM@STER MR ST@GE!! MUSIC♪GROOVE☆	THE IDOLM@STER MR ST@GE!! MUSIC♪GROOVE☆第二部(5/4日替わり主演アイドル：菊地真)	神奈川・DMM VR THEATER	
sh_L0453	2018-05-04	THE IDOLM@STER MR ST@GE!! MUSIC♪GROOVE☆	THE IDOLM@STER MR ST@GE!! MUSIC♪GROOVE☆第三部(5/4日替わり主演アイドル：菊地真)	神奈川・DMM VR THEATER	
sh_L0454	2018-05-05	THE IDOLM@STER MR ST@GE!! MUSIC♪GROOVE☆	THE IDOLM@STER MR ST@GE!! MUSIC♪GROOVE☆第一部(5/5日替わり主演アイドル：萩原雪歩)	神奈川・DMM VR THEATER	
sh_L0455	2018-05-05	THE IDOLM@STER MR ST@GE!! MUSIC♪GROOVE☆	THE IDOLM@STER MR ST@GE!! MUSIC♪GROOVE☆第二部(5/5日替わり主演アイドル：萩原雪歩)	神奈川・DMM VR THEATER	
sh_L0456	2018-05-05	THE IDOLM@STER MR ST@GE!! MUSIC♪GROOVE☆	THE IDOLM@STER MR ST@GE!! MUSIC♪GROOVE☆第三部(5/5日替わり主演アイドル：萩原雪歩)	神奈川・DMM VR THEATER	
sh_L0457	2018-05-06	THE IDOLM@STER MR ST@GE!! MUSIC♪GROOVE☆	THE IDOLM@STER MR ST@GE!! MUSIC♪GROOVE☆第一部(5/6日替わり主演アイドル：我那覇響)	神奈川・DMM VR THEATER	
sh_L0458	2018-05-06	THE IDOLM@STER MR ST@GE!! MUSIC♪GROOVE☆	THE IDOLM@STER MR ST@GE!! MUSIC♪GROOVE☆第二部(5/6日替わり主演アイドル：我那覇響)	神奈川・DMM VR THEATER	
sh_L0459	2018-05-06	THE IDOLM@STER MR ST@GE!! MUSIC♪GROOVE☆	THE IDOLM@STER MR ST@GE!! MUSIC♪GROOVE☆第三部(5/6日替わり主演アイドル：我那覇響)	神奈川・DMM VR THEATER	
sh_L0460	2018-05-11	THE IDOLM@STER MR ST@GE!! MUSIC♪GROOVE☆	THE IDOLM@STER MR ST@GE!! MUSIC♪GROOVE☆第一部(5/11日替わり主演アイドル：菊地真)	神奈川・DMM VR THEATER	
sh_L0461	2018-05-11	THE IDOLM@STER MR ST@GE!! MUSIC♪GROOVE☆	THE IDOLM@STER MR ST@GE!! MUSIC♪GROOVE☆第二部(5/11日替わり主演アイドル：菊地真)	神奈川・DMM VR THEATER	
sh_L0462	2018-05-11	THE IDOLM@STER MR ST@GE!! MUSIC♪GROOVE☆	THE IDOLM@STER MR ST@GE!! MUSIC♪GROOVE☆第三部(5/11日替わり主演アイドル：菊地真)	神奈川・DMM VR THEATER	
sh_L0463	2018-05-12	THE IDOLM@STER MR ST@GE!! MUSIC♪GROOVE☆	THE IDOLM@STER MR ST@GE!! MUSIC♪GROOVE☆第一部(5/12日替わり主演アイドル：如月千早)	神奈川・DMM VR THEATER	
sh_L0464	2018-05-12	THE IDOLM@STER MR ST@GE!! MUSIC♪GROOVE☆	THE IDOLM@STER MR ST@GE!! MUSIC♪GROOVE☆第二部(5/12日替わり主演アイドル：如月千早)	神奈川・DMM VR THEATER	
sh_L0465	2018-05-12	THE IDOLM@STER MR ST@GE!! MUSIC♪GROOVE☆	THE IDOLM@STER MR ST@GE!! MUSIC♪GROOVE☆第三部(5/12日替わり主演アイドル：如月千早)	神奈川・DMM VR THEATER	
sh_L0466	2018-05-13	THE IDOLM@STER MR ST@GE!! MUSIC♪GROOVE☆	THE IDOLM@STER MR ST@GE!! MUSIC♪GROOVE☆第一部(5/13日替わり主演アイドル：我那覇響)	神奈川・DMM VR THEATER	
sh_L0467	2018-05-13	THE IDOLM@STER MR ST@GE!! MUSIC♪GROOVE☆	THE IDOLM@STER MR ST@GE!! MUSIC♪GROOVE☆第二部(5/13日替わり主演アイドル：我那覇響)	神奈川・DMM VR THEATER	
sh_L0468	2018-05-13	THE IDOLM@STER MR ST@GE!! MUSIC♪GROOVE☆	THE IDOLM@STER MR ST@GE!! MUSIC♪GROOVE☆第三部(5/13日替わり主演アイドル：我那覇響)	神奈川・DMM VR THEATER	
sh_L0470	2018-05-18	THE IDOLM@STER MR ST@GE!! MUSIC♪GROOVE☆	THE IDOLM@STER MR ST@GE!! MUSIC♪GROOVE☆第一部(5/18日替わり主演アイドル：如月千早)	神奈川・DMM VR THEATER	
sh_L0471	2018-05-18	THE IDOLM@STER MR ST@GE!! MUSIC♪GROOVE☆	THE IDOLM@STER MR ST@GE!! MUSIC♪GROOVE☆第二部(5/18日替わり主演アイドル：如月千早)	神奈川・DMM VR THEATER	
sh_L0472	2018-05-18	THE IDOLM@STER MR ST@GE!! MUSIC♪GROOVE☆	THE IDOLM@STER MR ST@GE!! MUSIC♪GROOVE☆第三部(5/18日替わり主演アイドル：如月千早)	神奈川・DMM VR THEATER	
sh_L0473	2018-05-19	THE IDOLM@STER MR ST@GE!! MUSIC♪GROOVE☆	THE IDOLM@STER MR ST@GE!! MUSIC♪GROOVE☆第一部(5/19日替わり主演アイドル：我那覇響)	神奈川・DMM VR THEATER	
sh_L0474	2018-05-19	THE IDOLM@STER MR ST@GE!! MUSIC♪GROOVE☆	THE IDOLM@STER MR ST@GE!! MUSIC♪GROOVE☆第二部(5/19日替わり主演アイドル：我那覇響)	神奈川・DMM VR THEATER	
sh_L0475	2018-05-19	THE IDOLM@STER MR ST@GE!! MUSIC♪GROOVE☆	THE IDOLM@STER MR ST@GE!! MUSIC♪GROOVE☆第三部(5/19日替わり主演アイドル：我那覇響)	神奈川・DMM VR THEATER	
sh_L0476	2018-05-20	THE IDOLM@STER MR ST@GE!! MUSIC♪GROOVE☆	THE IDOLM@STER MR ST@GE!! MUSIC♪GROOVE☆第一部(5/20日替わり主演アイドル：四条貴音)	神奈川・DMM VR THEATER	
sh_L0477	2018-05-20	THE IDOLM@STER MR ST@GE!! MUSIC♪GROOVE☆	THE IDOLM@STER MR ST@GE!! MUSIC♪GROOVE☆第二部(5/20日替わり主演アイドル：四条貴音)	神奈川・DMM VR THEATER	
sh_L0478	2018-05-20	THE IDOLM@STER MR ST@GE!! MUSIC♪GROOVE☆	THE IDOLM@STER MR ST@GE!! MUSIC♪GROOVE☆第三部(5/20日替わり主演アイドル：四条貴音)	神奈川・DMM VR THEATER	
sh_L0479	2018-05-25	THE IDOLM@STER MR ST@GE!! MUSIC♪GROOVE☆	THE IDOLM@STER MR ST@GE!! MUSIC♪GROOVE☆第一部(5/25日替わり主演アイドル：四条貴音)	神奈川・DMM VR THEATER	
sh_L0480	2018-05-25	THE IDOLM@STER MR ST@GE!! MUSIC♪GROOVE☆	THE IDOLM@STER MR ST@GE!! MUSIC♪GROOVE☆第二部(5/25日替わり主演アイドル：四条貴音)	神奈川・DMM VR THEATER	
sh_L0481	2018-05-25	THE IDOLM@STER MR ST@GE!! MUSIC♪GROOVE☆	THE IDOLM@STER MR ST@GE!! MUSIC♪GROOVE☆第三部(5/25日替わり主演アイドル：四条貴音)	神奈川・DMM VR THEATER	
sh_L0482	2018-05-26	THE IDOLM@STER MR ST@GE!! MUSIC♪GROOVE☆	THE IDOLM@STER MR ST@GE!! MUSIC♪GROOVE☆第一部(5/26日替わり主演アイドル：萩原雪歩)	神奈川・DMM VR THEATER	
sh_L0483	2018-05-26	THE IDOLM@STER MR ST@GE!! MUSIC♪GROOVE☆	THE IDOLM@STER MR ST@GE!! MUSIC♪GROOVE☆第二部(5/26日替わり主演アイドル：萩原雪歩)	神奈川・DMM VR THEATER	
sh_L0484	2018-05-26	THE IDOLM@STER MR ST@GE!! MUSIC♪GROOVE☆	THE IDOLM@STER MR ST@GE!! MUSIC♪GROOVE☆第三部(5/26日替わり主演アイドル：萩原雪歩)	神奈川・DMM VR THEATER	
sh_L0485	2018-05-27	THE IDOLM@STER MR ST@GE!! MUSIC♪GROOVE☆	THE IDOLM@STER MR ST@GE!! MUSIC♪GROOVE☆第一部(5/27日替わり主演アイドル：如月千早)	神奈川・DMM VR THEATER	
sh_L0486	2018-05-27	THE IDOLM@STER MR ST@GE!! MUSIC♪GROOVE☆	THE IDOLM@STER MR ST@GE!! MUSIC♪GROOVE☆第二部(5/27日替わり主演アイドル：如月千早)	神奈川・DMM VR THEATER	
sh_L0487	2018-05-27	THE IDOLM@STER MR ST@GE!! MUSIC♪GROOVE☆	THE IDOLM@STER MR ST@GE!! MUSIC♪GROOVE☆第三部(5/27日替わり主演アイドル：如月千早)	神奈川・DMM VR THEATER	
sh_L0502	2018-08-04	THE IDOLM@STER PRODUCER MEETING 2018 What is TOP!!!!!!!!!!!!!?	DAY1	千葉・幕張メッセイベントホール	
sh_L0503	2018-08-05	THE IDOLM@STER PRODUCER MEETING 2018 What is TOP!!!!!!!!!!!!!?	DAY2	千葉・幕張メッセイベントホール	
sh_L0515	2018-09-15	THE IDOLM@STER MR ST@GE!! MUSIC♪GROOVE☆ 2nd SEASON	THE IDOLM＠STER MR ST@GE!! MUSIC♪GROOVE☆2nd SEASON 第一部(9/15日替わり主演アイドル：萩原雪歩)	神奈川・DMM VR THEATER	
sh_L0516	2018-09-15	THE IDOLM@STER MR ST@GE!! MUSIC♪GROOVE☆ 2nd SEASON	THE IDOLM＠STER MR ST@GE!! MUSIC♪GROOVE☆2nd SEASON 第二部(9/15日替わり主演アイドル：萩原雪歩)	神奈川・DMM VR THEATER	
sh_L0517	2018-09-15	THE IDOLM@STER MR ST@GE!! MUSIC♪GROOVE☆ 2nd SEASON	THE IDOLM＠STER MR ST@GE!! MUSIC♪GROOVE☆2nd SEASON 第三部(9/15日替わり主演アイドル：萩原雪歩)	神奈川・DMM VR THEATER	
sh_L0518	2018-09-16	THE IDOLM@STER MR ST@GE!! MUSIC♪GROOVE☆ 2nd SEASON	THE IDOLM＠STER MR ST@GE!! MUSIC♪GROOVE☆2nd SEASON 第一部(9/16日替わり主演アイドル：秋月律子)	神奈川・DMM VR THEATER	
sh_L0519	2018-09-16	THE IDOLM@STER MR ST@GE!! MUSIC♪GROOVE☆ 2nd SEASON	THE IDOLM＠STER MR ST@GE!! MUSIC♪GROOVE☆2nd SEASON 第二部(9/16日替わり主演アイドル：秋月律子)	神奈川・DMM VR THEATER	
sh_L0520	2018-09-16	THE IDOLM@STER MR ST@GE!! MUSIC♪GROOVE☆ 2nd SEASON	THE IDOLM＠STER MR ST@GE!! MUSIC♪GROOVE☆2nd SEASON 第三部(9/16日替わり主演アイドル：秋月律子)	神奈川・DMM VR THEATER	
sh_L0521	2018-09-17	THE IDOLM@STER MR ST@GE!! MUSIC♪GROOVE☆ 2nd SEASON	THE IDOLM＠STER MR ST@GE!! MUSIC♪GROOVE☆2nd SEASON 第一部(9/17日替わり主演アイドル：高槻やよい)	神奈川・DMM VR THEATER	
sh_L0522	2018-09-17	THE IDOLM@STER MR ST@GE!! MUSIC♪GROOVE☆ 2nd SEASON	THE IDOLM＠STER MR ST@GE!! MUSIC♪GROOVE☆2nd SEASON 第二部(9/17日替わり主演アイドル：高槻やよい)	神奈川・DMM VR THEATER	
sh_L0523	2018-09-17	THE IDOLM@STER MR ST@GE!! MUSIC♪GROOVE☆ 2nd SEASON	THE IDOLM＠STER MR ST@GE!! MUSIC♪GROOVE☆2nd SEASON 第三部(9/17日替わり主演アイドル：高槻やよい)	神奈川・DMM VR THEATER	
sh_L0525	2018-09-22	THE IDOLM@STER MR ST@GE!! MUSIC♪GROOVE☆ 2nd SEASON	THE IDOLM＠STER MR ST@GE!! MUSIC♪GROOVE☆2nd SEASON 第一部(9/22日替わり主演アイドル：萩原雪歩)	神奈川・DMM VR THEATER	
sh_L0526	2018-09-22	THE IDOLM@STER MR ST@GE!! MUSIC♪GROOVE☆ 2nd SEASON	THE IDOLM＠STER MR ST@GE!! MUSIC♪GROOVE☆2nd SEASON 第二部(9/22日替わり主演アイドル：萩原雪歩)	神奈川・DMM VR THEATER	
sh_L0527	2018-09-22	THE IDOLM@STER MR ST@GE!! MUSIC♪GROOVE☆ 2nd SEASON	THE IDOLM＠STER MR ST@GE!! MUSIC♪GROOVE☆2nd SEASON 第三部(9/22日替わり主演アイドル：萩原雪歩)	神奈川・DMM VR THEATER	
sh_L0528	2018-09-23	THE IDOLM@STER MR ST@GE!! MUSIC♪GROOVE☆ 2nd SEASON	THE IDOLM＠STER MR ST@GE!! MUSIC♪GROOVE☆2nd SEASON 第一部(9/23日替わり主演アイドル：秋月律子)	神奈川・DMM VR THEATER	
sh_L0529	2018-09-23	THE IDOLM@STER MR ST@GE!! MUSIC♪GROOVE☆ 2nd SEASON	THE IDOLM＠STER MR ST@GE!! MUSIC♪GROOVE☆2nd SEASON 第二部(9/23日替わり主演アイドル：秋月律子)	神奈川・DMM VR THEATER	
sh_L0530	2018-09-23	THE IDOLM@STER MR ST@GE!! MUSIC♪GROOVE☆ 2nd SEASON	THE IDOLM＠STER MR ST@GE!! MUSIC♪GROOVE☆2nd SEASON 第三部(9/23日替わり主演アイドル：秋月律子)	神奈川・DMM VR THEATER	
sh_L0531	2018-09-24	THE IDOLM@STER MR ST@GE!! MUSIC♪GROOVE☆ 2nd SEASON	THE IDOLM＠STER MR ST@GE!! MUSIC♪GROOVE☆2nd SEASON 第一部(9/24日替わり主演アイドル：菊地真)	神奈川・DMM VR THEATER	
sh_L0532	2018-09-24	THE IDOLM@STER MR ST@GE!! MUSIC♪GROOVE☆ 2nd SEASON	THE IDOLM＠STER MR ST@GE!! MUSIC♪GROOVE☆2nd SEASON 第二部(9/24日替わり主演アイドル：菊地真)	神奈川・DMM VR THEATER	
sh_L0533	2018-09-24	THE IDOLM@STER MR ST@GE!! MUSIC♪GROOVE☆ 2nd SEASON	THE IDOLM＠STER MR ST@GE!! MUSIC♪GROOVE☆2nd SEASON 第三部(9/24日替わり主演アイドル：菊地真)	神奈川・DMM VR THEATER	
sh_L0534	2018-09-29	THE IDOLM@STER MR ST@GE!! MUSIC♪GROOVE☆ 2nd SEASON	THE IDOLM＠STER MR ST@GE!! MUSIC♪GROOVE☆2nd SEASON 第一部(9/29日替わり主演アイドル：天海春香)	神奈川・DMM VR THEATER	
sh_L0535	2018-09-29	THE IDOLM@STER MR ST@GE!! MUSIC♪GROOVE☆ 2nd SEASON	THE IDOLM＠STER MR ST@GE!! MUSIC♪GROOVE☆2nd SEASON 第二部(9/29日替わり主演アイドル：天海春香)	神奈川・DMM VR THEATER	
sh_L0536	2018-09-29	THE IDOLM@STER MR ST@GE!! MUSIC♪GROOVE☆ 2nd SEASON	THE IDOLM＠STER MR ST@GE!! MUSIC♪GROOVE☆2nd SEASON 第三部(9/29日替わり主演アイドル：天海春香)	神奈川・DMM VR THEATER	
sh_L0537	2018-09-30	THE IDOLM@STER MR ST@GE!! MUSIC♪GROOVE☆ 2nd SEASON	THE IDOLM＠STER MR ST@GE!! MUSIC♪GROOVE☆2nd SEASON 第一部(9/30日替わり主演アイドル：天海春香)	神奈川・DMM VR THEATER	
sh_L0538	2018-09-30	THE IDOLM@STER MR ST@GE!! MUSIC♪GROOVE☆ 2nd SEASON	THE IDOLM＠STER MR ST@GE!! MUSIC♪GROOVE☆2nd SEASON 第二部(9/30日替わり主演アイドル：天海春香)	神奈川・DMM VR THEATER	
sh_L0542	2018-10-06	THE IDOLM@STER MR ST@GE!! MUSIC♪GROOVE☆ 2nd SEASON	THE IDOLM＠STER MR ST@GE!! MUSIC♪GROOVE☆2nd SEASON 第一部(10/6日替わり主演アイドル：三浦あずさ)	神奈川・DMM VR THEATER	
sh_L0543	2018-10-06	THE IDOLM@STER MR ST@GE!! MUSIC♪GROOVE☆ 2nd SEASON	THE IDOLM＠STER MR ST@GE!! MUSIC♪GROOVE☆2nd SEASON 第二部(10/6日替わり主演アイドル：三浦あずさ)	神奈川・DMM VR THEATER	
sh_L0544	2018-10-06	THE IDOLM@STER MR ST@GE!! MUSIC♪GROOVE☆ 2nd SEASON	THE IDOLM＠STER MR ST@GE!! MUSIC♪GROOVE☆2nd SEASON 第三部(10/6日替わり主演アイドル：三浦あずさ)	神奈川・DMM VR THEATER	
sh_L0547	2018-10-07	THE IDOLM@STER MR ST@GE!! MUSIC♪GROOVE☆ 2nd SEASON	THE IDOLM＠STER MR ST@GE!! MUSIC♪GROOVE☆2nd SEASON 第一部(10/7日替わり主演アイドル：双海亜美・真美)	神奈川・DMM VR THEATER	
sh_L0548	2018-10-07	THE IDOLM@STER MR ST@GE!! MUSIC♪GROOVE☆ 2nd SEASON	THE IDOLM＠STER MR ST@GE!! MUSIC♪GROOVE☆2nd SEASON 第二部(10/7日替わり主演アイドル：双海亜美・真美)	神奈川・DMM VR THEATER	
sh_L0549	2018-10-07	THE IDOLM@STER MR ST@GE!! MUSIC♪GROOVE☆ 2nd SEASON	THE IDOLM＠STER MR ST@GE!! MUSIC♪GROOVE☆2nd SEASON 第三部(10/7日替わり主演アイドル：双海亜美・真美)	神奈川・DMM VR THEATER	
sh_L0550	2018-10-08	THE IDOLM@STER MR ST@GE!! MUSIC♪GROOVE☆ 2nd SEASON	THE IDOLM＠STER MR ST@GE!! MUSIC♪GROOVE☆2nd SEASON 第一部(10/8日替わり主演アイドル：高槻やよい)	神奈川・DMM VR THEATER	
sh_L0551	2018-10-08	THE IDOLM@STER MR ST@GE!! MUSIC♪GROOVE☆ 2nd SEASON	THE IDOLM＠STER MR ST@GE!! MUSIC♪GROOVE☆2nd SEASON 第二部(10/8日替わり主演アイドル：高槻やよい)	神奈川・DMM VR THEATER	
sh_L0552	2018-10-08	THE IDOLM@STER MR ST@GE!! MUSIC♪GROOVE☆ 2nd SEASON	THE IDOLM＠STER MR ST@GE!! MUSIC♪GROOVE☆2nd SEASON 第三部(10/8日替わり主演アイドル：高槻やよい)	神奈川・DMM VR THEATER	
sh_L0642	2020-02-22	THE IDOLM@STER MR ST@GE!! MUSIC♪GROOVE☆ENCORE	THE IDOLM＠STER MR ST@GE!! MUSIC♪GROOVE☆ENCORE 第一部(2/22日替わり主演アイドル：双海亜美・真美)	神奈川・DMM VR THEATER	
sh_L0643	2020-02-22	THE IDOLM@STER MR ST@GE!! MUSIC♪GROOVE☆ENCORE	THE IDOLM＠STER MR ST@GE!! MUSIC♪GROOVE☆ENCORE 第二部(2/22日替わり主演アイドル：双海亜美・真美)	神奈川・DMM VR THEATER	
sh_L0644	2020-02-22	THE IDOLM@STER MR ST@GE!! MUSIC♪GROOVE☆ENCORE	THE IDOLM＠STER MR ST@GE!! MUSIC♪GROOVE☆ENCORE 第三部(2/22日替わり主演アイドル：双海亜美・真美)	神奈川・DMM VR THEATER	
sh_L0645	2020-02-23	THE IDOLM@STER MR ST@GE!! MUSIC♪GROOVE☆ENCORE	THE IDOLM＠STER MR ST@GE!! MUSIC♪GROOVE☆ENCORE 第一部(2/23日替わり主演アイドル：水瀬伊織)	神奈川・DMM VR THEATER	
sh_L0646	2020-02-23	THE IDOLM@STER MR ST@GE!! MUSIC♪GROOVE☆ENCORE	THE IDOLM＠STER MR ST@GE!! MUSIC♪GROOVE☆ENCORE 第二部(2/23日替わり主演アイドル：水瀬伊織)	神奈川・DMM VR THEATER	
sh_L0647	2020-02-23	THE IDOLM@STER MR ST@GE!! MUSIC♪GROOVE☆ENCORE	THE IDOLM＠STER MR ST@GE!! MUSIC♪GROOVE☆ENCORE 第三部(2/23日替わり主演アイドル：水瀬伊織)	神奈川・DMM VR THEATER	
sh_L0648	2020-02-24	THE IDOLM@STER MR ST@GE!! MUSIC♪GROOVE☆ENCORE	THE IDOLM＠STER MR ST@GE!! MUSIC♪GROOVE☆ENCORE 第一部(2/24日替わり主演アイドル：双海亜美・真美)	神奈川・DMM VR THEATER	
sh_L0649	2020-02-24	THE IDOLM@STER MR ST@GE!! MUSIC♪GROOVE☆ENCORE	THE IDOLM＠STER MR ST@GE!! MUSIC♪GROOVE☆ENCORE 第二部(2/24日替わり主演アイドル：双海亜美・真美)	神奈川・DMM VR THEATER	
sh_L0650	2020-02-24	THE IDOLM@STER MR ST@GE!! MUSIC♪GROOVE☆ENCORE	THE IDOLM＠STER MR ST@GE!! MUSIC♪GROOVE☆ENCORE 第三部(2/24日替わり主演アイドル：双海亜美・真美)	神奈川・DMM VR THEATER	
sh_L0654	2020-07-11	「THE IDOLM@STER 765プロダクション所属星井美希特別生配信」in SHOWROOM	「THE IDOLM@STER 765プロダクション所属星井美希特別生配信」in SHOWROOM		SHOWROOM（配信番組）
sh_L0657	2020-08-02	「THE IDOLM@STER」765PRO ALLSTARS 15周年記念特番 ～M@STER WEEKEND☆〜-	DAY2-みんな一緒に生配信！！		生配信番組
sh_L0775	2022-07-09	THE IDOLM＠STER 765PRO ALLSTARS LIVE SUNRICH COLORFUL	DAY1	千葉・幕張メッセ イベントホール	
sh_L0776	2022-07-10	THE IDOLM＠STER 765PRO ALLSTARS LIVE SUNRICH COLORFUL	DAY2	千葉・幕張メッセ イベントホール	
sh_L0777	2022-07-26	アイドルマスター 17周年生配信 〜17th Anniversary P@rty!!!!!〜	アイドルマスター 17周年生配信 〜17th Anniversary P@rty!!!!!〜	収録ムービーを放送(配信YouTube Live(アイドルマスターチャンネル)、ニコニコ生放送、Twitter Media Studio／会場：東京・MIRAIKEN studio)	収録ムービーを放送(配信YouTube Live(アイドルマスターチャンネル)、ニコニコ生放送、Twitter Media Studio／会場：東京・MIRAIKEN studio)
sh_L0793	2022-11-12	THE IDOLM@STER ORCHESTRA CONCERT 〜SYMPHONY OF FIVE STARS!!!!! 〜	DAY1	千葉・幕張イベントホール	
sh_L0794	2022-11-13	THE IDOLM@STER ORCHESTRA CONCERT 〜SYMPHONY OF FIVE STARS!!!!! 〜	DAY2	千葉・幕張イベントホール	
sh_L0808	2023-02-10	如月千早『約束』【アイドルマスター】	如月千早『約束』【アイドルマスター】	収録ムービーを放送(配信YouTube Live(アイドルマスターチャンネル)／会場：？？？)	収録ムービーを放送(配信YouTube Live(アイドルマスターチャンネル)／会場：？？？)
sh_L0809	2023-02-11	THE IDOLM@STER M@STERS OF IDOL WORLD!!!!! 2023	DAY1	東京・東京ドーム	
sh_L0810	2023-02-12	THE IDOLM@STER M@STERS OF IDOL WORLD!!!!! 2023	DAY2	東京・東京ドーム	
sh_L0893	2024-03-16	菊地 真 ・ 萩原 雪歩 twin live “ はんげつであえたら ”	菊地 真 ・ 萩原 雪歩 twin live “ はんげつであえたら ”～友藍～	会場：ベイシア文化ホール（群馬県民会館）、配信：ASOBI STAGE	ASOBI STAGE
sh_L0894	2024-03-17	菊地 真 ・ 萩原 雪歩 twin live “ はんげつであえたら ”	菊地 真 ・ 萩原 雪歩 twin live “ はんげつであえたら ”～悲藍～	会場：ベイシア文化ホール（群馬県民会館）、配信：ASOBI STAGE	ASOBI STAGE
sh_L0895	2024-03-17	菊地 真 ・ 萩原 雪歩 twin live “ はんげつであえたら ”	菊地 真 ・ 萩原 雪歩 twin live “ はんげつであえたら ”～純藍～	会場：ベイシア文化ホール（群馬県民会館）、配信：ASOBI STAGE	ASOBI STAGE
sh_L0987	2024-12-14	M@STER EXPO LIVE SHOWCASE HARUKA AMAMI SOLO LIVE "START"	M@STER EXPO LIVE SHOWCASE HARUKA AMAMI SOLO LIVE "START"	千葉・幕張メッセ 国際展示場 展示ホール3	
sh_L0995	2024-12-15	M@STER EXPO LIVE SHOWCASE RITSUKO AKIZUKI SOLO LIVE "Let me hear"	M@STER EXPO LIVE SHOWCASE RITSUKO AKIZUKI SOLO LIVE "Let me hear"	千葉・幕張メッセ 国際展示場 展示ホール3	
sh_L1064	2025-03-29	THE IDOLM@STER 765 MILLIONSTARS HOTCHPOTCH FESTIV@L!! 2	DAY1	埼玉・さいたまスーパーアリーナ(アリーナモード)	
sh_L1065	2025-03-30	THE IDOLM@STER 765 MILLIONSTARS HOTCHPOTCH FESTIV@L!! 2	DAY2	埼玉・さいたまスーパーアリーナ(アリーナモード)	
sh_L1120	2025-07-21	THE IDOLM@STER 20th anniversary ORCHESTRA CONCERT SYMPHONY OF BRILLIANT STARS	昼公演	神奈川・パシフィコ横浜 国立大ホール	
sh_L1121	2025-07-21	THE IDOLM@STER 20th anniversary ORCHESTRA CONCERT SYMPHONY OF BRILLIANT STARS	夜公演	神奈川・パシフィコ横浜 国立大ホール	
sh_L1126	2025-07-26	THE IDOLM@STER 20th anniversary special party アイ MUST GO ON!! これからもアイマスですよ！ 20th特別生配信イベント	THE IDOLM@STER 20th anniversary special party アイ MUST GO ON!! これからもアイマスですよ！ 20th特別生配信イベント	千葉・森のホール21(松戸市文化会館) 大ホール	
sh_L1134	2025-08-02	THE IDOLM@STER 765PRO ALLSTARS LIVE ～NEVER END IDOL!!!!!!!!!!!!!～	DAY1	神奈川・Kアリーナ横浜	
sh_L1136	2025-08-03	THE IDOLM@STER 765PRO ALLSTARS LIVE ～NEVER END IDOL!!!!!!!!!!!!!～	DAY2	神奈川・Kアリーナ横浜	
sh_L1177	2025-10-18	高槻 やよい ・ 水瀬 伊織 twin live “ いつまでもなかよし！ ”	高槻 やよい ・ 水瀬 伊織 twin live “ いつまでもなかよし！ ” えがおだね！	千葉・森のホール21(松戸市文化会館) 大ホール、配信：ASOBI STAGE	ASOBI STAGE
sh_L1179	2025-10-19	高槻 やよい ・ 水瀬 伊織 twin live “ いつまでもなかよし！ ”	高槻 やよい ・ 水瀬 伊織 twin live “ いつまでもなかよし！ ” ひゃくねんさきも！	千葉・森のホール21(松戸市文化会館) 大ホール、配信：ASOBI STAGE	ASOBI STAGE
sh_L1180	2025-10-19	高槻 やよい ・ 水瀬 伊織 twin live “ いつまでもなかよし！ ”	高槻 やよい ・ 水瀬 伊織 twin live “ いつまでもなかよし！ ” きみとおはなし！	千葉・森のホール21(松戸市文化会館) 大ホール、配信：ASOBI STAGE	ASOBI STAGE
sh_L1197	2025-11-28	如月千早 - 約束 / THE FIRST TAKE	如月千早 - 約束 / THE FIRST TAKE	THE FIRST TAKE (YouTubeチャンネル)	THE FIRST TAKE (YouTubeチャンネル)
sh_L1207	2025-12-10	如月千早 - M@STERPIECE / THE FIRST TAKE	如月千早 - M@STERPIECE / THE FIRST TAKE	THE FIRST TAKE (YouTubeチャンネル)	THE FIRST TAKE (YouTubeチャンネル)
sh_L1208	2025-12-11	【アイマス】マコトーーク！【アイドルマスター】#アイのキセキWEEK	【アイマス】マコトーーク！【アイドルマスター】#アイのキセキWEEK	アイドルマスターチャンネル(YouTube 公式チャンネル)	アイドルマスターチャンネル(YouTube 公式チャンネル)
sh_L1208B	2025-12-12	THE IDOLM@STER M@STERS OF IDOL WORLD 2025 前夜祭DJイベント	THE IDOLM@STER M@STERS OF IDOL WORLD 2025 前夜祭DJイベント	大阪・なんばHatch	
sh_L1209	2025-12-13	THE IDOLM@STER M@STERS OF IDOL WORLD 2025	DAY1	大阪・京セラドーム大阪	
sh_L1210	2025-12-14	THE IDOLM@STER M@STERS OF IDOL WORLD 2025	DAY2	大阪・京セラドーム大阪	
sh_L1225	2026-01-24	如月千早武道館単独公演「OathONE」	如月千早武道館単独公演「OathONE」1/24(土)公演	東京・日本武道館	
sh_L1226	2026-01-25	如月千早武道館単独公演「OathONE」	如月千早武道館単独公演「OathONE」1/25(日)公演	東京・日本武道館	
sh_miki_hoshii_solo_showcase_the_future_spotlight_anime_central_2026_1	2026-05-15	MIKI HOSHII SOLO SHOWCASE THE FUTURE SPOTLIGHT (Anime Central 2026)	MIKI HOSHII SOLO SHOWCASE THE FUTURE SPOTLIGHT (Anime Central 2026)	Donald E. Stephens Convention Center / Hyatt Regency O'Hare (Rosemont, IL, USA)	
sh_765pro_allstars_dual_twin_live_tour_ふたごぼしのつばさ_つみまつよるまち_1	2026-08-06	765PRO ALLSTARS dual twin live tour ふたごぼしのつばさ / つみまつよるまち	ふたごぼしのつばさ ワクワクフタリボシ	Zepp Namba (大阪)	
sh_765pro_allstars_dual_twin_live_tour_ふたごぼしのつばさ_つみまつよるまち_2	2026-08-07	765PRO ALLSTARS dual twin live tour ふたごぼしのつばさ / つみまつよるまち	つみまつよるまち OSAKA SILENTCITY LOVE	Zepp Namba (大阪)	
sh_miki_hoshii_solo_showcase_the_future_spotlight_in_korea_1	2026-08-09	MIKI HOSHII SOLO SHOWCASE「THE FUTURE SPOTLIGHT」in KOREA	MIKI HOSHII SOLO SHOWCASE「THE FUTURE SPOTLIGHT」in KOREA	Gabin Art Hall (ソウル / 韓国)	
sh_765pro_allstars_dual_twin_live_tour_ふたごぼしのつばさ_つみまつよるまち_3	2026-08-13	765PRO ALLSTARS dual twin live tour ふたごぼしのつばさ / つみまつよるまち	ふたごぼしのつばさ ソワソワフタリボシ	Zepp Nagoya	
sh_765pro_allstars_dual_twin_live_tour_ふたごぼしのつばさ_つみまつよるまち_4	2026-08-14	765PRO ALLSTARS dual twin live tour ふたごぼしのつばさ / つみまつよるまち	つみまつよるまち NAGOYA MISTY NIGHT	Zepp Nagoya	
sh_765pro_allstars_dual_twin_live_tour_ふたごぼしのつばさ_つみまつよるまち_5	2026-08-27	765PRO ALLSTARS dual twin live tour ふたごぼしのつばさ / つみまつよるまち	ふたごぼしのつばさ キラキラフタリボシ	Zepp Haneda (TOKYO)	
sh_765pro_allstars_dual_twin_live_tour_ふたごぼしのつばさ_つみまつよるまち_6	2026-08-28	765PRO ALLSTARS dual twin live tour ふたごぼしのつばさ / つみまつよるまち	つみまつよるまち TOKYO LAST CHOICE	Zepp Haneda (TOKYO)	
sh_765_production_×_961_production_idol_ultimate_once_and_for_all_1	2027-07-24	765 PRODUCTION × 961 PRODUCTION IDOL ULTIMATE ONCE AND FOR ALL	第一公演 TO:STARLIT OF PROMISE	京王アリーナ TOKYO	
sh_765_production_×_961_production_idol_ultimate_once_and_for_all_2	2027-07-25	765 PRODUCTION × 961 PRODUCTION IDOL ULTIMATE ONCE AND FOR ALL	第二公演 BE:STELLA OF ABSOLUTE	京王アリーナ TOKYO	
sh_765_production_×_961_production_idol_ultimate_once_and_for_all_3	2027-07-25	765 PRODUCTION × 961 PRODUCTION IDOL ULTIMATE ONCE AND FOR ALL	第三公演 IF:THE DAY OF JUDGMENT	京王アリーナ TOKYO	
