sh_L0577	2019-03-09	THE IDOLM@STER SHINY COLORS 1stLIVE FLY TO THE SHINY SKY	1日目	千葉・舞浜アンフィシアター	
sh_L0578	2019-03-10	THE IDOLM@STER SHINY COLORS 1stLIVE FLY TO THE SHINY SKY	2日目昼公演	千葉・舞浜アンフィシアター	
sh_L0579	2019-03-10	THE IDOLM@STER SHINY COLORS 1stLIVE FLY TO THE SHINY SKY	2日目夜公演	千葉・舞浜アンフィシアター	
sh_L0610	2019-08-18	アソビストア presents THE IDOLM@STER SHINY COLORS SUMMER PARTY 2019	昼公演	神奈川・パシフィコ横浜国立大ホール	
sh_L0611	2019-08-18	アソビストア presents THE IDOLM@STER SHINY COLORS SUMMER PARTY 2019	夜公演	神奈川・パシフィコ横浜国立大ホール	
sh_L0627	2019-10-27	アイドルマスター シャイニーカラーズ 283プロダクションプロデューサー感謝祭～1.5 Anniversary Festival!!～	アイドルマスター シャイニーカラーズ 283プロダクションプロデューサー感謝祭～1.5 Anniversary Festival!!～	千葉・森のホール21(松戸市文化会館)	
sh_L0662	2020-09-25	フジテレビ『この指と～まれ！season4 TIFオンライン2020直前SP』	フジテレビ『この指と～まれ！season4 TIFオンライン2020直前SP』	フジテレビ	
sh_L0666	2020-10-31	THE IDOLM@STER SHINY COLORS MUSIC DAWN	DAY1	リアルタイム配信(会場:千葉・幕張メッセイベントホール)	リアルタイム配信(会場:千葉・幕張メッセイベントホール)
sh_L0667	2020-11-01	THE IDOLM@STER SHINY COLORS MUSIC DAWN	DAY2	リアルタイム配信(会場:千葉・幕張メッセイベントホール)	リアルタイム配信(会場:千葉・幕張メッセイベントホール)
sh_L0677	2021-03-20	THE IDOLM@STER SHINY COLORS 2ndLIVE STEP INTO THE SUNSET SKY	DAY1	千葉・幕張メッセ国際展示場 展示ホール1～3	
sh_L0678	2021-03-21	THE IDOLM@STER SHINY COLORS 2ndLIVE STEP INTO THE SUNSET SKY	DAY2	千葉・幕張メッセ国際展示場 展示ホール1～3	
sh_L0679	2021-04-03	THE IDOLM@STER SHINY COLORS 3rdLIVE TOUR PIECE ON PLANET / NAGOYA	DAY1	愛知・日本ガイシホール	
sh_L0680	2021-04-04	THE IDOLM@STER SHINY COLORS 3rdLIVE TOUR PIECE ON PLANET / NAGOYA	DAY2	愛知・日本ガイシホール	
sh_L0681	2021-04-24	THE IDOLM@STER SHINY COLORS 3rdLIVE TOUR PIECE ON PLANET / TOKYO	DAY1	東京・東京ガーデンシアター	
sh_L0682	2021-04-25	THE IDOLM@STER SHINY COLORS 3rdLIVE TOUR PIECE ON PLANET / TOKYO	DAY2	リアルタイム配信(配信ASOBISTAGE／会場：東京・東京ガーデンシアター)	リアルタイム配信(配信ASOBISTAGE／会場：東京・東京ガーデンシアター)
sh_L0688	2021-05-29	THE IDOLM@STER SHINY COLORS 3rdLIVE TOUR PIECE ON PLANET / FUKUOKA	DAY1	福岡・西日本総合展示場 新館ABC	
sh_L0689	2021-05-30	THE IDOLM@STER SHINY COLORS 3rdLIVE TOUR PIECE ON PLANET / FUKUOKA	DAY2	福岡・西日本総合展示場 新館ABC	
sh_L0709	2021-10-23	THE IDOLM@STER SHINY COLORS 283フェス 2021 Happy Buffet!	DAY1	リアルタイム配信(配信ASOBISTAGE／会場：東京・MIRAIKEN studio)	リアルタイム配信(配信ASOBISTAGE／会場：東京・MIRAIKEN studio)
sh_L0710	2021-10-24	THE IDOLM@STER SHINY COLORS 283フェス 2021 Happy Buffet!	DAY2	リアルタイム配信(配信ASOBISTAGE／会場：東京・MIRAIKEN studio)	リアルタイム配信(配信ASOBISTAGE／会場：東京・MIRAIKEN studio)
sh_L0725	2021-12-18	THE IDOLM@STER SHINY COLORS Xmas Party -Silent night-	DAY1	東京・両国国技館	
sh_L0726	2021-12-19	THE IDOLM@STER SHINY COLORS Xmas Party -Silent night-	DAY2	東京・両国国技館	
sh_L0748	2022-04-23	THE IDOLM@STER SHINY COLORS 4thLIVE 空は澄み、今を越えて。	DAY1	千葉・幕張メッセ国際展示場 1〜3ホール	
sh_L0749	2022-04-24	THE IDOLM@STER SHINY COLORS 4thLIVE 空は澄み、今を越えて。	DAY2	千葉・幕張メッセ国際展示場 1〜3ホール	
sh_L0779	2022-08-13	シャニマス初の対バンライブ 283PRODUCTION UNIT LIVE SETSUNA BEAT	DAY1	東京・東京ガーデンシアター	
sh_L0782	2022-08-14	シャニマス初の対バンライブ 283PRODUCTION UNIT LIVE SETSUNA BEAT	DAY2	東京・東京ガーデンシアター	
sh_L0787	2022-09-17	CDTVライブ！ライブ！フェスティバル	DAY1	東京・東京ガーデンシアター	
sh_L0791	2022-10-22	シャニマス初の対バンライブ 283PRODUCTION UNIT LIVE MUGEN BEAT	DAY1	東京・武蔵野の森総合スポーツプラザ メインアリーナ	
sh_L0792	2022-10-23	シャニマス初の対バンライブ 283PRODUCTION UNIT LIVE MUGEN BEAT	DAY2	東京・武蔵野の森総合スポーツプラザ メインアリーナ	
sh_L0801	2022-12-10	京 Premium Live 2022 12月10日(土)	京 Premium Live 2022 12月10日(土)	京都・ロームシアター京都 メインホール	
sh_L0806	2023-01-29	「THE IDOLM@STER SHINY COLORS PANOR@MA WING」シリーズ完走記念イベント	「THE IDOLM@STER SHINY COLORS PANOR@MA WING」シリーズ完走記念イベント【第一回】	神奈川・カルッツかわさき（川崎市スポーツ・文化総合センター）	
sh_L0807	2023-01-29	「THE IDOLM@STER SHINY COLORS PANOR@MA WING」シリーズ完走記念イベント	「THE IDOLM@STER SHINY COLORS PANOR@MA WING」シリーズ完走記念イベント【第二回】	神奈川・カルッツかわさき（川崎市スポーツ・文化総合センター）	
sh_L0814	2023-03-18	THE IDOLM@STER SHINY COLORS 5thLIVE If I_wings.	DAY1	東京・国立代々木競技場 第一体育館	
sh_L0815	2023-03-19	THE IDOLM@STER SHINY COLORS 5thLIVE If I_wings.	DAY2	東京・国立代々木競技場 第一体育館	
sh_L0829	2023-07-22	283PRODUCTION SOLO PERFORMANCE LIVE「我儘なまま」	DAY1	東京・武蔵野の森総合スポーツプラザ メインアリーナ	
sh_L0830	2023-07-23	283PRODUCTION SOLO PERFORMANCE LIVE「我儘なまま」	DAY2	東京・武蔵野の森総合スポーツプラザ メインアリーナ	
sh_L0844	2023-10-06	THE IDOLM@STER SHINY COLORS 5.5th Anniversary LIVE 星が見上げた空 開催直前スペシャル配信	THE IDOLM@STER SHINY COLORS 5.5th Anniversary LIVE 星が見上げた空 開催直前スペシャル配信	リアルタイム配信(配信ASOBISTAGE、YouTube Live／会場：東京・MIRAIKEN studio)	リアルタイム配信(配信ASOBISTAGE、YouTube Live／会場：東京・MIRAIKEN studio)
sh_L0846	2023-10-21	THE IDOLM@STER SHINY COLORS 5.5th Anniversary LIVE 星が見上げた空	DAY1	千葉・幕張イベントホール	
sh_L0847	2023-10-22	THE IDOLM@STER SHINY COLORS 5.5th Anniversary LIVE 星が見上げた空	DAY2	千葉・幕張イベントホール	
sh_L0864	2023-12-08	異次元フェス開催記念音楽番組　MUSIC BIGBANG！	異次元フェス開催記念音楽番組　MUSIC BIGBANG！	アイドルマスター公式YouTubeチャンネル「アイマスチャンネル」／ラブライブ！シリーズ公式YouTubeチャンネル	アイドルマスター公式YouTubeチャンネル「アイマスチャンネル」／ラブライブ！シリーズ公式YouTubeチャンネル
sh_L0886	2024-03-02	THE IDOLM@STER SHINY COLORS 6thLIVE TOUR Come and Unite! Brilliant Blooms	DAY1	大阪・大阪城ホール	
sh_L0887	2024-03-03	THE IDOLM@STER SHINY COLORS 6thLIVE TOUR Come and Unite! Brilliant Blooms	DAY2	大阪・大阪城ホール	
sh_L0904	2024-04-20	THE IDOLM@STER SHINY COLORS 6thLIVE TOUR Come and Unite! Fantastic Fireworks	DAY1	神奈川・Kアリーナ横浜	
sh_L0905	2024-04-21	THE IDOLM@STER SHINY COLORS 6thLIVE TOUR Come and Unite! Fantastic Fireworks	DAY2	神奈川・Kアリーナ横浜	
sh_L0921	2024-07-27	THE IDOLM@STER SHINY COLORS LIVE FUN!! -Beyond the Blue sky-	DAY1	神奈川・横浜アリーナ	
sh_L0922	2024-07-28	THE IDOLM@STER SHINY COLORS LIVE FUN!! -Beyond the Blue sky-	DAY2	神奈川・横浜アリーナ	
sh_L0929	2024-08-24	KIMCHIKURA Fes VOL.03 with ILLUSTAR	KIMCHIKURA Fes VOL.03 with ILLUSTAR	ソウル・ COEX SHINHAN ARTIUM (coex 신한카드 artium)	
sh_L0938	2024-08-31	283 PRODUCTION MUSIC SCENE	283 PRODUCTION MUSIC SCENE	アイドルマスターチャンネル(YouTube 公式チャンネル)で配信	アイドルマスターチャンネル(YouTube 公式チャンネル)で配信
sh_L0948	2024-09-09	JOYNT POPS 公開収録	JOYNT POPS 公開収録	東京・NHKホール	
sh_L0957	2024-10-05	THE IDOLM@STER SHINY COLORS 6.5th Anniversary LIVE “Chapter 283”	DAY1	東京・武蔵野の森総合スポーツプラザ メインアリーナ	
sh_L0958	2024-10-06	THE IDOLM@STER SHINY COLORS 6.5th Anniversary LIVE “Chapter 283”	DAY2	東京・武蔵野の森総合スポーツプラザ メインアリーナ	
sh_L0984	2024-12-01	アイドルマスター シャイニーカラーズ「Shiny Pieces」スペシャルドルフィンステージ	アイドルマスター シャイニーカラーズ「Shiny Pieces」スペシャルドルフィンステージ	横浜・八景島シーパラダイス アクアミュージアム ライブスタジアム	
sh_L0988	2024-12-14	M@STER EXPO LIVE SHOWCASE { “THE CUBE” ( 1535114 ) }	M@STER EXPO LIVE SHOWCASE { “THE CUBE” ( 1535114 ) }	千葉・幕張メッセ 国際展示場 展示ホール3	
sh_L0996	2024-12-15	M@STER EXPO LIVE SHOWCASE { “THE CUBE” ( 6151851920 ) }	M@STER EXPO LIVE SHOWCASE { “THE CUBE” ( 6151851920 ) }	千葉・幕張メッセ 国際展示場 展示ホール3	
sh_L1009	2025-01-11	283 Production LIVE Performance [liminal;marginal;eternal]	283 Production LIVE Performance [liminal;marginal;eternal] [never;1]	東京・TACHIKAWA STAGE GARDEN(立川ステージガーデン)、配信：ASOBI STAGE	ASOBI STAGE
sh_L1010	2025-01-11	283 Production LIVE Performance [liminal;marginal;eternal]	283 Production LIVE Performance [liminal;marginal;eternal] [odd;2]	東京・TACHIKAWA STAGE GARDEN(立川ステージガーデン)、配信：ASOBI STAGE	ASOBI STAGE
sh_L1011	2025-01-12	283 Production LIVE Performance [liminal;marginal;eternal]	283 Production LIVE Performance [liminal;marginal;eternal] [or;3]	東京・TACHIKAWA STAGE GARDEN(立川ステージガーデン)、配信：ASOBI STAGE	ASOBI STAGE
sh_L1012	2025-01-12	283 Production LIVE Performance [liminal;marginal;eternal]	283 Production LIVE Performance [liminal;marginal;eternal] [even;4]	東京・TACHIKAWA STAGE GARDEN(立川ステージガーデン)、配信：ASOBI STAGE	ASOBI STAGE
sh_L1048	2025-03-01	THE IDOLM@STER SHINY COLORS 2nd season LIVE Over the prism	DAY1	神奈川・ぴあアリーナMM	
sh_L1049	2025-03-02	THE IDOLM@STER SHINY COLORS 2nd season LIVE Over the prism	DAY2	神奈川・ぴあアリーナMM	
sh_L1054	2025-03-12	MUSIC SCENE SPECIAL LIVE	MUSIC SCENE SPECIAL LIVE	アイドルマスターチャンネル(YouTube 公式チャンネル)で配信	アイドルマスターチャンネル(YouTube 公式チャンネル)で配信
sh_L1074	2025-05-10	283 Production LIVE Performance Uka	283 Production LIVE Performance Uka, Larva,1	大阪・オリックス劇場、配信：ASOBI STAGE	ASOBI STAGE
sh_L1075	2025-05-11	283 Production LIVE Performance Uka	283 Production LIVE Performance Uka, Pupa,2	大阪・オリックス劇場、配信：ASOBI STAGE	ASOBI STAGE
sh_L1076	2025-05-11	283 Production LIVE Performance Uka	283 Production LIVE Performance Uka, Imago,3	大阪・オリックス劇場、配信：ASOBI STAGE	ASOBI STAGE
sh_L1100	2025-06-21	THE IDOLM@STER SHINY COLORS 7th UNITLIVE TOUR 円環 -Halo around- first quadrant	DAY1	福岡・福岡国際センター	
sh_L1101	2025-06-22	THE IDOLM@STER SHINY COLORS 7th UNITLIVE TOUR 円環 -Halo around- first quadrant	DAY2	福岡・福岡国際センター	
sh_L1108	2025-07-05	THE IDOLM@STER SHINY COLORS 7th UNITLIVE TOUR 円環 -Halo around- second quadrant	DAY1	神奈川・横浜BUNTAI	
sh_L1109	2025-07-06	THE IDOLM@STER SHINY COLORS 7th UNITLIVE TOUR 円環 -Halo around- second quadrant	DAY2	神奈川・横浜BUNTAI	
sh_L1110	2025-07-11	BILIBILI MACRO LINK 2025	DAY1	上海・上海国家会展中心・虹館EH	
sh_L1112	2025-07-13	THE IDOLM@STER SHINY COLORS -Shiny Party- in Shanghai 2025	昼公演	上海・瓦肆VAS est	
sh_L1113	2025-07-13	THE IDOLM@STER SHINY COLORS -Shiny Party- in Shanghai 2025	夜公演	上海・瓦肆VAS est	
sh_L1138	2025-08-09	THE IDOLM@STER SHINY COLORS 7th UNITLIVE TOUR 円環 -Halo around- third quadrant	DAY1	愛知・Aichi Sky Expo ホールA	
sh_L1139	2025-08-10	THE IDOLM@STER SHINY COLORS 7th UNITLIVE TOUR 円環 -Halo around- third quadrant	DAY2	愛知・Aichi Sky Expo ホールA	
sh_L1154	2025-09-14	ナガノアニエラフェスタ2025	DAY2	長野・駒場公園 テンペストステージ	
sh_L1155	2025-09-14	ナガノアニエラフェスタ2025	DAY2	長野・駒場公園 ファントムステージ	
sh_L1162	2025-09-27	THE IDOLM@STER SHINY COLORS 7th UNITLIVE TOUR 円環 -Halo around- fourth quadrant	DAY1	青森・盛運輸アリーナ	
sh_L1163	2025-09-28	THE IDOLM@STER SHINY COLORS 7th UNITLIVE TOUR 円環 -Halo around- fourth quadrant	DAY2	青森・盛運輸アリーナ	
sh_L1164	2025-10-03	THE IDOLM@STER SHINY COLORS -Shiny Stage- in Beijing IDO	THE IDOLM@STER SHINY COLORS -Shiny Stage- in Beijing IDO	北京・北京展覧館	
sh_L1182	2025-10-25	THE IDOLM@STER SHINY COLORS 7th LIVE TOUR 螺旋 -Halo around- “The origin on the axes”	DAY1	神奈川・Kアリーナ横浜	
sh_L1183	2025-10-26	THE IDOLM@STER SHINY COLORS 7th LIVE TOUR 螺旋 -Halo around- “The origin on the axes”	DAY2	神奈川・Kアリーナ横浜	
sh_L1219	2025-12-27	283 Production MUSICAL Performance 騎士団のヴェール – Veil of Order	283 Production MUSICAL Performance 騎士団のヴェール – Veil of Order – – Abnegatio (I) –	愛知・Niterra日本特殊陶業市民会館 フォレストホール	
sh_L1220	2025-12-28	283 Production MUSICAL Performance 騎士団のヴェール – Veil of Order	283 Production MUSICAL Performance 騎士団のヴェール – Veil of Order – – Odium (II) –	愛知・Niterra日本特殊陶業市民会館 フォレストホール	
sh_L1221	2025-12-28	283 Production MUSICAL Performance 騎士団のヴェール – Veil of Order	283 Production MUSICAL Performance 騎士団のヴェール – Veil of Order – – Cupiditas (III) –	愛知・Niterra日本特殊陶業市民会館 フォレストホール	
sh_L1235	2026-02-14	THE IDOLM@STER SHINY COLORS シャニマス大感謝祭！ 〜283スポーツフェスティバル〜	DAY1	東京・京王アリーナTOKYO	
sh_L1236	2026-02-15	THE IDOLM@STER SHINY COLORS シャニマス大感謝祭！ 〜283スポーツフェスティバル〜	DAY2	東京・京王アリーナTOKYO	
sh_L1247	2026-04-11	283 Production XXXX Performance XXX= S/N-GUL4R1TY // 0x01; initialize()	283 Production XXXX Performance XXX= S/N-GUL4R1TY // 0x01; initialize()	千葉・幕張イベントホール、配信：ASOBI STAGE	ASOBI STAGE
sh_L1248	2026-04-12	283 Production XXXX Performance XXX= S/N-GUL4R1TY // 0x01; initialize()	283 Production XXXX Performance XXX= S/N-GUL4R1TY // 0x02; evolve()	千葉・幕張イベントホール、配信：ASOBI STAGE	ASOBI STAGE
sh_L1249	2026-04-12	283 Production XXXX Performance XXX= S/N-GUL4R1TY // 0x01; initialize()	283 Production XXXX Performance XXX= S/N-GUL4R1TY // 0x03; overflow()	千葉・幕張イベントホール、配信：ASOBI STAGE	ASOBI STAGE
sh_the_idolm@ster_shiny_colors_8th_live_ito_yume_1	2026-04-25	THE IDOLM@STER SHINY COLORS 8th LIVE iと夢	DAY1	Kアリーナ横浜	
sh_the_idolm@ster_shiny_colors_8th_live_ito_yume_2	2026-04-26	THE IDOLM@STER SHINY COLORS 8th LIVE iと夢	DAY2	Kアリーナ横浜	
sh_e656e30e-e4a6-4f8e-84fe-ab83bc7f7eb8	2026-06-09	リスアニ！LIVE on TOKYO ANIME MUSIC HIGHLIGHTS	リスアニ！LIVE on TOKYO ANIME MUSIC	TOYOTA ARENA TOKYO	
sh_283_production_solo_live_collection_-master_showpiece-_1	2026-09-26	283 PRODUCTION Solo Live Collection -Master ShowPiece-	DAY1	京王アリーナ TOKYO	
sh_283_production_solo_live_collection_-master_showpiece-_2	2026-09-27	283 PRODUCTION Solo Live Collection -Master ShowPiece-	DAY2	京王アリーナ TOKYO	
sh_shiny_the_first_refrac7ions_still_blue_1	2026-12-19	shiny, the first REFRAC7IONS " Still blue "	DAY1	国立代々木競技場 第一体育館	
sh_shiny_the_first_refrac7ions_still_blue_2	2026-12-20	shiny, the first REFRAC7IONS " Still blue "	DAY2	国立代々木競技場 第一体育館	
