sh_L0924	2024-08-10	学園アイドルマスター DEBUT LIVE 初 TOUR -初声公演- 名古屋クラブクアトロ公演	学園アイドルマスター DEBUT LIVE 初 TOUR -初声公演- 名古屋クラブクアトロ公演	愛知・名古屋クラブクアトロ	
sh_L0927	2024-08-18	学園アイドルマスター DEBUT LIVE 初 TOUR -初声公演- 梅田クラブクアトロ公演	昼の部	大阪・梅田クラブクアトロ	
sh_L0928	2024-08-18	学園アイドルマスター DEBUT LIVE 初 TOUR -初声公演- 梅田クラブクアトロ公演	夜の部	大阪・梅田クラブクアトロ	
sh_L0932	2024-08-25	学園アイドルマスター DEBUT LIVE 初 TOUR -初声公演- 渋谷クラブクアトロ公演	昼の部	東京・渋谷クラブクアトロ	
sh_L0934	2024-08-25	学園アイドルマスター DEBUT LIVE 初 TOUR -初声公演- 渋谷クラブクアトロ公演	夜の部	東京・渋谷クラブクアトロ	
sh_L0944	2024-09-07	学園アイドルマスター DEBUT LIVE 初 TOUR -初心公演- 名古屋クラブクアトロ公演	昼の部	愛知・名古屋クラブクアトロ	
sh_L0945	2024-09-07	学園アイドルマスター DEBUT LIVE 初 TOUR -初心公演- 名古屋クラブクアトロ公演	夜の部	愛知・名古屋クラブクアトロ	
sh_L0953	2024-09-23	学園アイドルマスター DEBUT LIVE 初 TOUR -初心公演- 広島クラブクアトロ公演	昼の部	広島・広島クラブクアトロ	
sh_L0954	2024-09-23	学園アイドルマスター DEBUT LIVE 初 TOUR -初心公演- 広島クラブクアトロ公演	夜の部	広島・広島クラブクアトロ	
sh_L0961	2024-10-14	学園アイドルマスター DEBUT LIVE 初 TOUR -初恋公演- 梅田クラブクアトロ公演	昼の部	大阪・梅田クラブクアトロ	
sh_L0962	2024-10-14	学園アイドルマスター DEBUT LIVE 初 TOUR -初恋公演- 梅田クラブクアトロ公演	夜の部	大阪・梅田クラブクアトロ	
sh_L0963	2024-10-19	学園アイドルマスター DEBUT LIVE 初 TOUR -初恋公演- 広島クラブクアトロ公演	昼の部	広島・広島クラブクアトロ	
sh_L0964	2024-10-19	学園アイドルマスター DEBUT LIVE 初 TOUR -初恋公演- 広島クラブクアトロ公演	夜の部	広島・広島クラブクアトロ	
sh_L0969	2024-10-27	学園アイドルマスター DEBUT LIVE 初 TOUR -初恋公演- 渋谷クラブクアトロ公演	昼の部	東京・渋谷クラブクアトロ	
sh_L0970	2024-10-27	学園アイドルマスター DEBUT LIVE 初 TOUR -初恋公演- 渋谷クラブクアトロ公演	夜の部	東京・渋谷クラブクアトロ	
sh_L0985	2024-12-01	学園アイドルマスター DEBUT LIVE 初 TOUR -初心公演- 梅田クラブクアトロ公演	昼の部	大阪・梅田クラブクアトロ	
sh_L0986	2024-12-01	学園アイドルマスター DEBUT LIVE 初 TOUR -初心公演- 梅田クラブクアトロ公演	夜の部	大阪・梅田クラブクアトロ	
sh_L1031	2025-02-08	学園アイドルマスター DEBUT LIVE 初 TOUR -初陣公演- 名古屋クラブクアトロ公演	昼の部	愛知・名古屋クラブクアトロ	
sh_L1032	2025-02-08	学園アイドルマスター DEBUT LIVE 初 TOUR -初陣公演- 名古屋クラブクアトロ公演	夜の部	愛知・名古屋クラブクアトロ	
sh_L1037	2025-02-11	学園アイドルマスター DEBUT LIVE 初 TOUR -初陣公演- 梅田クラブクアトロ公演	昼の部	大阪・梅田クラブクアトロ	
sh_L1038	2025-02-11	学園アイドルマスター DEBUT LIVE 初 TOUR -初陣公演- 梅田クラブクアトロ公演	夜の部	大阪・梅田クラブクアトロ	
sh_L1042	2025-02-16	学園アイドルマスター DEBUT LIVE 初 TOUR -初陣公演- 渋谷クラブクアトロ公演	昼の部	東京・渋谷クラブクアトロ	
sh_L1043	2025-02-16	学園アイドルマスター DEBUT LIVE 初 TOUR -初陣公演- 渋谷クラブクアトロ公演	夜の部	東京・渋谷クラブクアトロ	
sh_L1085	2025-05-24	学園アイドルマスター The 1st Period	DAY1	東京・立川ステージガーデン	
sh_L1086	2025-05-25	学園アイドルマスター The 1st Period	DAY2	東京・立川ステージガーデン	
sh_L1087	2025-05-31	学園アイドルマスター The 1st Period	DAY1	東京・立川ステージガーデン	
sh_L1088	2025-06-01	学園アイドルマスター The 1st Period	DAY2	東京・立川ステージガーデン	
sh_L1106	2025-07-04	学園アイドルマスター DEBUT LIVE 初 TOUR -初陣公演- 東京追加公演	昼の部	東京・新宿ReNY	
sh_L1107	2025-07-04	学園アイドルマスター DEBUT LIVE 初 TOUR -初陣公演- 東京追加公演	夜の部	東京・新宿ReNY	
sh_L1158	2025-09-20	学園アイドルマスター クラス対抗初星大運動会	DAY1	東京・国立代々木競技場 第一体育館	
sh_L1159	2025-09-21	学園アイドルマスター クラス対抗初星大運動会	DAY2	東京・国立代々木競技場 第一体育館	
sh_L1242	2026-02-28	学園アイドルマスター 初星音楽祭	DAY1	東京・京王アリーナTOKYO	
sh_L1243	2026-03-01	学園アイドルマスター 初星音楽祭	DAY2	東京・京王アリーナTOKYO	
sh_L1250	2026-03-02	学園アイドルマスター 初星音楽祭	初星文化祭 後夜祭 -Music Video上映会-	YouTube 初星学園チャンネル	YouTube 初星学園チャンネル
sh_学園アイドルマスター_the_2nd_period_h_i_f選抜試験_セレクション_1	2026-05-16	学園アイドルマスター The 2nd Period H.I.F選抜試験(セレクション)	DAY1	幕張メッセ イベントホール	
sh_学園アイドルマスター_the_2nd_period_h_i_f選抜試験_セレクション_2	2026-05-17	学園アイドルマスター The 2nd Period H.I.F選抜試験(セレクション)	DAY2	幕張メッセ イベントホール	
sh_学園アイドルマスター_the_2nd_period_hatsuboshi_idol_festival_1	2026-06-06	学園アイドルマスター The 2nd Period Hatsuboshi IDOL FESTIVAL	DAY1	横浜アリーナ	
sh_学園アイドルマスター_the_2nd_period_hatsuboshi_idol_festival_2	2026-06-07	学園アイドルマスター The 2nd Period Hatsuboshi IDOL FESTIVAL	DAY2	横浜アリーナ	
sh_学園アイドルマスター_live_tour_-標-_福井公演_1	2026-08-20	学園アイドルマスター LIVE TOUR -標- 福井公演	DAY1	フェニックス・プラザ エルピス 大ホール (福井)	
sh_学園アイドルマスター_live_tour_-標-_福井公演_2	2026-08-21	学園アイドルマスター LIVE TOUR -標- 福井公演	DAY2	フェニックス・プラザ エルピス 大ホール (福井)	
sh_学園アイドルマスター_live_tour_-標-_福岡公演_1	2026-09-05	学園アイドルマスター LIVE TOUR -標- 福岡公演	DAY1	福岡サンパレス ホテル&ホール	
sh_学園アイドルマスター_live_tour_-標-_福岡公演_2	2026-09-06	学園アイドルマスター LIVE TOUR -標- 福岡公演	DAY2	福岡サンパレス ホテル&ホール	
sh_学園アイドルマスター_live_tour_-標-_岩手公演_1	2026-09-22	学園アイドルマスター LIVE TOUR -標- 岩手公演	DAY1	トーサイクラシックホール岩手 (岩手県民会館) 大ホール	
sh_学園アイドルマスター_live_tour_-標-_岩手公演_2	2026-09-23	学園アイドルマスター LIVE TOUR -標- 岩手公演	DAY2	トーサイクラシックホール岩手 (岩手県民会館) 大ホール	
sh_学園アイドルマスター_live_tour_-標-_kアリーナ横浜公演_final_1	2026-11-07	学園アイドルマスター LIVE TOUR -標- Kアリーナ横浜公演 (FINAL)	DAY1	Kアリーナ横浜	
sh_学園アイドルマスター_live_tour_-標-_kアリーナ横浜公演_final_2	2026-11-08	学園アイドルマスター LIVE TOUR -標- Kアリーナ横浜公演 (FINAL)	DAY2	Kアリーナ横浜	
