sh_L0310	2016-04-29	超音楽祭2016	超音楽祭2016	千葉・幕張メッセ国際展示場	
sh_L0317	2016-07-17	アイドルマスター SideM ラジオ 315プロNight! ドラマチックミーティング！ Vol.2	昼の部）	東京・ラフォーレミュージアム六本木	
sh_L0318	2016-07-17	アイドルマスター SideM ラジオ 315プロNight! ドラマチックミーティング！ Vol.2	夜の部）	東京・ラフォーレミュージアム六本木	
sh_L0351	2017-02-11	THE IDOLM@STER SideM 2nd STAGE ～ORIGIN@L STARS～	THE IDOLM@STER SideM 2nd STAGE ～ORIGIN@L STARS～ Shining Side	千葉・幕張メッセイベントホール	
sh_L0352	2017-02-12	THE IDOLM@STER SideM 2nd STAGE ～ORIGIN@L STARS～	THE IDOLM@STER SideM 2nd STAGE ～ORIGIN@L STARS～ Brilliant Side	千葉・幕張メッセイベントホール	
sh_L0365	2017-04-02	THE IDOLM@STER SideM GREETING TOUR 2017 ～BEYOND THE DREAM～ 広島公演	THE IDOLM@STER SideM GREETING TOUR 2017 ～BEYOND THE DREAM～ 広島公演	広島・BLUE LIVE HIROSHIMA	
sh_L0366	2017-04-16	THE IDOLM@STER SideM GREETING TOUR 2017 ～BEYOND THE DREAM～ 大阪公演	THE IDOLM@STER SideM GREETING TOUR 2017 ～BEYOND THE DREAM～ 大阪公演	大阪・オリックス劇場	
sh_L0370	2017-04-30	超音楽祭2017（SideM）	超音楽祭2017（SideM）	千葉・幕張メッセ国際展示場	
sh_L0371	2017-05-06	THE IDOLM@STER SideM GREETING TOUR 2017 ～BEYOND THE DREAM～ 愛知公演	DAY1	愛知・センチュリーホール	
sh_L0372	2017-05-07	THE IDOLM@STER SideM GREETING TOUR 2017 ～BEYOND THE DREAM～ 愛知公演	DAY2	愛知・センチュリーホール	
sh_L0377	2017-06-04	THE IDOLM@STER SideM GREETING TOUR 2017 ～BEYOND THE DREAM～ 東京公演	THE IDOLM@STER SideM GREETING TOUR 2017 ～BEYOND THE DREAM～ 東京公演	東京・豊洲PIT	
sh_L0380	2017-06-11	THE IDOLM@STER SideM GREETING TOUR 2017 ～BEYOND THE DREAM～ 北海道公演	THE IDOLM@STER SideM GREETING TOUR 2017 ～BEYOND THE DREAM～ 北海道公演	北海道・Zepp Sapporo	
sh_L0381	2017-06-17	THE IDOLM@STER SideM GREETING TOUR 2017 ～BEYOND THE DREAM～ 石川公演	THE IDOLM@STER SideM GREETING TOUR 2017 ～BEYOND THE DREAM～ 石川公演	石川・本多の森ホール	
sh_L0386B	2017-07-15	THE IDOLM@STER SideM 3rd Anniversary ST@RTING SIGNAL!!! 2017	THE IDOLM@STER SideM 3rd Anniversary ST@RTING SIGNAL!!! 2017	東京・ニコファーレ	
sh_L0398	2017-11-04	LisOeuf♪ Party 2017 -AUTUMN-（SideM）	LisOeuf♪ Party 2017 -AUTUMN-（SideM）	東京・日本青年館	
sh_L0402	2017-11-19	NHK総合『NAOMIの部屋』	NHK総合『NAOMIの部屋』	NHK放送センター（ライブは収録放送、NHK総合で放映）	NHK総合
sh_L0407	2017-12-28	アイドルマスター SideM KIZUN@ ON ST@GE！	アイドルマスター SideM KIZUN@ ON ST@GE！ステージ１回目	東京・池袋サンシャインシティ噴水広場	
sh_L0408	2017-12-28	アイドルマスター SideM KIZUN@ ON ST@GE！	アイドルマスター SideM KIZUN@ ON ST@GE！ステージ２回目	東京・池袋サンシャインシティ噴水広場	
sh_L0409	2017-12-28	アイドルマスター SideM KIZUN@ ON ST@GE！	アイドルマスター SideM KIZUN@ ON ST@GE！ステージ３回目	東京・池袋サンシャインシティ噴水広場	
sh_L0417	2018-02-03	THE IDOLM@STER SideM 3rdLIVE TOUR 〜GLORIOUS ST@GE!〜 幕張公演（	1日目）	千葉・幕張メッセイベントホール	
sh_L0418	2018-02-04	THE IDOLM@STER SideM 3rdLIVE TOUR 〜GLORIOUS ST@GE!〜 幕張公演（	2日目）	千葉・幕張メッセイベントホール	
sh_L0420	2018-02-24	THE IDOLM@STER SideM 3rdLIVE TOUR 〜GLORIOUS ST@GE!〜 仙台公演（	1日目）	宮城・ゼビオアリーナ仙台	
sh_L0421	2018-02-25	THE IDOLM@STER SideM 3rdLIVE TOUR 〜GLORIOUS ST@GE!〜 仙台公演（	2日目）	宮城・ゼビオアリーナ仙台	
sh_L0429	2018-03-25	THE IDOLM@STER SideM 3rdLIVE TOUR 〜GLORIOUS ST@GE!〜 福岡公演	THE IDOLM@STER SideM 3rdLIVE TOUR 〜GLORIOUS ST@GE!〜 福岡公演	福岡・西日本総合展示場 新館	
sh_L0433	2018-04-28	THE IDOLM@STER SideM 3rdLIVE TOUR～GLORIOUS ST@GE!～ 静岡公演（	1日目）	静岡・エコパアリーナ	
sh_L0434	2018-04-29	THE IDOLM@STER SideM 3rdLIVE TOUR～GLORIOUS ST@GE!～ 静岡公演（	2日目）	静岡・エコパアリーナ	
sh_L0440	2018-05-20	THE IDOLM@STER SideM Five-St@r Party!!	昼の部	神奈川・パシフィコ横浜国立大ホール	
sh_L0441	2018-05-20	THE IDOLM@STER SideM Five-St@r Party!!	夜の部	神奈川・パシフィコ横浜国立大ホール	
sh_L0559	2018-11-25	アニソン！プレミアム！	アニソン！プレミアム！	東京・日本工学院専門学校 蒲田キャンパス 片柳アリーナ	
sh_L0580	2019-03-15	THE IDOLM@STER SideM PRODUCER MEETING 315 SP@RKLING TIME WITH ALL!!!	1日目	千葉・幕張メッセイベントホール	
sh_L0581	2019-03-16	THE IDOLM@STER SideM PRODUCER MEETING 315 SP@RKLING TIME WITH ALL!!!	2日目	千葉・幕張メッセイベントホール	
sh_L0582	2019-03-17	THE IDOLM@STER SideM PRODUCER MEETING 315 SP@RKLING TIME WITH ALL!!!	3日目	千葉・幕張メッセイベントホール	
sh_L0591	2019-05-11	THE IDOLM@STER SideM 4th STAGE ～TRE@SURE GATE～	DAY1：SMILE PASSPORT	埼玉・さいたまスーパーアリーナ(アリーナモード)	
sh_L0592	2019-05-12	THE IDOLM@STER SideM 4th STAGE ～TRE@SURE GATE～	DAY2：DREAM PASSPORT	埼玉・さいたまスーパーアリーナ(アリーナモード)	
sh_L0614	2019-08-25	アイドルマスター SideM 5th Anniversary Because of you!!!!! ～in市原～	アイドルマスター SideM 5th Anniversary Because of you!!!!! ～in市原～	千葉・市原市市民会館	
sh_L0655	2020-07-18	THE IDOLM＠STER SideM 理由あって特別生配信！〜M@KE YOU PROUD〜	DAY1 EXCELLENT BLUE Side		生配信番組
sh_L0656	2020-07-19	THE IDOLM＠STER SideM 理由あって特別生配信！〜M@KE YOU PROUD〜	DAY2 PERFECT BLUE Side		生配信番組
sh_L0675	2021-03-13	THE IDOLM@STER SideM PRODUCER MEETING WELCOME TO PLEASURE 315 G＠RDEN!!!	DAY1	東京・武蔵野の森総合スポーツプラザ メインアリーナ	
sh_L0676	2021-03-14	THE IDOLM@STER SideM PRODUCER MEETING WELCOME TO PLEASURE 315 G＠RDEN!!!	DAY2	東京・武蔵野の森総合スポーツプラザ メインアリーナ	
sh_L0715	2021-11-06	THE IDOLM@STER SideM 6thLIVE TOUR ～NEXT DESTIN@TION!～ Side KOBE	DAY1	兵庫・神戸ワールド記念ホール	
sh_L0716	2021-11-07	THE IDOLM@STER SideM 6thLIVE TOUR ～NEXT DESTIN@TION!～ Side KOBE	DAY2	兵庫・神戸ワールド記念ホール	
sh_L0717	2021-11-10	アイドルマスター SideM 特別生配信 2021	アイドルマスター SideM 特別生配信 2021	リアルタイム配信(配信ニコニコ生放送・YouTube Live・Twitter Media Studio／会場：東京・MIRAIKEN studio)	リアルタイム配信(配信ニコニコ生放送・YouTube Live・Twitter Media Studio／会場：東京・MIRAIKEN studio)
sh_L0731	2022-01-08	THE IDOLM@STER SideM 6thLIVE TOUR 〜NEXT DESTIN@TION!〜 Side TOKYO	DAY1	東京・国立代々木競技場 第一体育館	
sh_L0732	2022-01-09	THE IDOLM@STER SideM 6thLIVE TOUR 〜NEXT DESTIN@TION!〜 Side TOKYO	DAY2	東京・国立代々木競技場 第一体育館	
sh_L0742	2022-03-12	THE IDOLM@STER SideM PRODUCER MEETING 315 BE@T OF PASSION FESTIVAL!!!	DAY1	東京・武蔵野の森総合スポーツプラザ メインアリーナ	
sh_L0743	2022-03-13	THE IDOLM@STER SideM PRODUCER MEETING 315 BE@T OF PASSION FESTIVAL!!!	DAY2	東京・武蔵野の森総合スポーツプラザ メインアリーナ	
sh_L0746	2022-04-16	THE IDOLM@STER SideM 6thLIVE TOUR ～NEXT DESTIN@TION!～ Side HOKKAIDO	DAY1	北海道・真駒内セキスイハイムアイスアリーナ	
sh_L0747	2022-04-17	THE IDOLM@STER SideM 6thLIVE TOUR ～NEXT DESTIN@TION!～ Side HOKKAIDO	DAY2	北海道・真駒内セキスイハイムアイスアリーナ	
sh_L0755	2022-06-16	ドラマチックライブステージ『アイドルマスターSideM』	ドラマチックライブステージ『アイドルマスターSideM』 6月16日(木)18:00の回(初日)	東京・天王洲 銀河劇場	
sh_L0756	2022-06-17	ドラマチックライブステージ『アイドルマスターSideM』	ドラマチックライブステージ『アイドルマスターSideM』 6月17日(金)18:00の回(2公演目)	東京・天王洲 銀河劇場	
sh_L0757	2022-06-18	ドラマチックライブステージ『アイドルマスターSideM』	ドラマチックライブステージ『アイドルマスターSideM』 6月18日(土)13:00の回(3公演目)	東京・天王洲 銀河劇場	
sh_L0758	2022-06-18	ドラマチックライブステージ『アイドルマスターSideM』	ドラマチックライブステージ『アイドルマスターSideM』 6月18日(土)18:00の回(4公演目)	東京・天王洲 銀河劇場	
sh_L0761	2022-06-19	ドラマチックライブステージ『アイドルマスターSideM』	ドラマチックライブステージ『アイドルマスターSideM』 6月19日(日)13:00の回(5公演目)	東京・天王洲 銀河劇場	
sh_L0762	2022-06-19	ドラマチックライブステージ『アイドルマスターSideM』	ドラマチックライブステージ『アイドルマスターSideM』 6月19日(日)18:00の回(6公演目)	東京・天王洲 銀河劇場	
sh_L0763	2022-06-21	ドラマチックライブステージ『アイドルマスターSideM』	ドラマチックライブステージ『アイドルマスターSideM』 6月21日(火)13:00の回(7公演目)	東京・天王洲 銀河劇場	
sh_L0764	2022-06-21	ドラマチックライブステージ『アイドルマスターSideM』	ドラマチックライブステージ『アイドルマスターSideM』 6月21日(火)18:00の回(8公演目)	東京・天王洲 銀河劇場	
sh_L0765	2022-06-22	ドラマチックライブステージ『アイドルマスターSideM』	ドラマチックライブステージ『アイドルマスターSideM』 6月22日(水)18:00の回(9公演目)	東京・天王洲 銀河劇場	
sh_L0766	2022-06-23	ドラマチックライブステージ『アイドルマスターSideM』	ドラマチックライブステージ『アイドルマスターSideM』 6月23日(木)18:00の回(10公演目)	東京・天王洲 銀河劇場	
sh_L0767	2022-06-24	ドラマチックライブステージ『アイドルマスターSideM』	ドラマチックライブステージ『アイドルマスターSideM』 6月24日(金)18:00の回(11公演目)	東京・天王洲 銀河劇場	
sh_L0768	2022-06-25	ドラマチックライブステージ『アイドルマスターSideM』	ドラマチックライブステージ『アイドルマスターSideM』 6月25日(土)13:00の回(12公演目)	東京・天王洲 銀河劇場	
sh_L0769	2022-06-25	ドラマチックライブステージ『アイドルマスターSideM』	ドラマチックライブステージ『アイドルマスターSideM』 6月25日(土)18:00の回(13公演目)	東京・天王洲 銀河劇場	
sh_L0772	2022-06-26	ドラマチックライブステージ『アイドルマスターSideM』	ドラマチックライブステージ『アイドルマスターSideM』 6月26日(日)13:00の回(千穐楽)	東京・天王洲 銀河劇場	
sh_L0788	2022-09-18	イナズマロック フェス 2022	DAY2	滋賀・烏丸半島芝生広場	
sh_L0789	2022-10-01	THE IDOLM@STER SideM 7th STAGE 〜GROW & GLOW〜 STARLIGHT SIGN@L	DAY1	愛知・Aichi Sky Expo Hall A	
sh_L0790	2022-10-02	THE IDOLM@STER SideM 7th STAGE 〜GROW & GLOW〜 STARLIGHT SIGN@L	DAY2	愛知・Aichi Sky Expo Hall A	
sh_L0796	2022-11-17	T.M.Revolution×Bandai Namco Entertainment「X INNOVATIVE LIVE」	T.M.Revolution×Bandai Namco Entertainment「X INNOVATIVE LIVE」	配信ライブ(配信ASOBISTAGE／会場：東京・MIRAIKEN studio)	ASOBI STAGE
sh_L0799	2022-12-03	THE IDOLM@STER SideM 7th STAGE 〜GROW & GLOW〜 SUNLIGHT SIGN@L	DAY1	神奈川・横浜アリーナ	
sh_L0800	2022-12-04	THE IDOLM@STER SideM 7th STAGE 〜GROW & GLOW〜 SUNLIGHT SIGN@L	DAY2	神奈川・横浜アリーナ	
sh_L0807B	2023-02-05	アイドルマスターSideM 315 WINTER PASSION スペシャルイルカショー	アイドルマスターSideM 315 WINTER PASSION スペシャルイルカショー	横浜・八景島シーパラダイス アクアミュージアム ライブスタジアム	
sh_L0810B	2023-02-19	アイドルマスターSideM 315 WINTER PASSION スペシャルイルカショー	アイドルマスターSideM 315 WINTER PASSION スペシャルイルカショー	横浜・八景島シーパラダイス アクアミュージアム ライブスタジアム	
sh_L0811	2023-03-04	AMUSE VOICE ACTORS CHANNEL FES 2023	DAY1（アイマス関連ステージのみ）	東京・LINE CUBE SHIBUYA	
sh_L0812	2023-03-11	THE IDOLM@STER SideM PASSIONABLE READING SHOW ー超常事変〜対立スル正義〜ー	DAY1	東京・武蔵野の森 総合スポーツプラザ メインアリーナ	
sh_L0813	2023-03-12	THE IDOLM@STER SideM PASSIONABLE READING SHOW ー超常事変〜対立スル正義〜ー	DAY2	東京・武蔵野の森 総合スポーツプラザ メインアリーナ	
sh_L0828	2023-07-09	315 Production presents F＠NTASTIC COMBINATION LIVE ～BRAINPOWER!!～ 神奈川公演	315 Production presents F＠NTASTIC COMBINATION LIVE ～BRAINPOWER!!～ 神奈川公演	神奈川県・神奈川県民ホール	
sh_L0848	2023-10-28	THE IDOLM@STER SideM 8th STAGE 〜ALL H@NDS TOGETHER〜	DAY1：CATCH MY H@NDS	神奈川県・Kアリーナ横浜	
sh_L0849	2023-10-29	THE IDOLM@STER SideM 8th STAGE 〜ALL H@NDS TOGETHER〜	DAY2：CLAP OUR H@NDS	神奈川県・Kアリーナ横浜	
sh_L0856	2023-11-17	315 Production presents F＠NTASTIC COMBINATION LIVE ～BRAINPOWER!!～ 幕張公演	315 Production presents F＠NTASTIC COMBINATION LIVE ～BRAINPOWER!!～ 幕張公演	千葉・幕張メッセ 国際展示場ホール9-10	
sh_L0857	2023-11-18	315 Production presents F＠NTASTIC COMBINATION LIVE 〜CONNECTIME!!!!〜	DAY1 昼公演 DIMENSION ARROW	千葉・幕張メッセ 国際展示場ホール9-10	
sh_L0858	2023-11-18	315 Production presents F＠NTASTIC COMBINATION LIVE 〜CONNECTIME!!!!〜	DAY1 夜公演 共鳴和音(harmony chord)	千葉・幕張メッセ 国際展示場ホール9-10	
sh_L0859	2023-11-19	315 Production presents F＠NTASTIC COMBINATION LIVE 〜CONNECTIME!!!!〜	DAY2 昼公演 共鳴和音(harmony chord)	千葉・幕張メッセ 国際展示場ホール9-10	
sh_L0860	2023-11-19	315 Production presents F＠NTASTIC COMBINATION LIVE 〜CONNECTIME!!!!〜	DAY2 夜公演 DIMENSION ARROW	千葉・幕張メッセ 国際展示場ホール9-10	
sh_L0878	2024-02-10	THE IDOLM@STER SideM PASSIONABLE READING SHOW 〜天地四心伝〜	DAY1	千葉・幕張イベントホール	
sh_L0879	2024-02-11	THE IDOLM@STER SideM PASSIONABLE READING SHOW 〜天地四心伝〜	DAY2	千葉・幕張イベントホール	
sh_L0900	2024-04-13	315 Production presents F＠NTASTIC COMBINATION LIVE 〜HEARTMAKER!!!!〜	昼公演	千葉・幕張イベントホール	
sh_L0901	2024-04-13	315 Production presents F＠NTASTIC COMBINATION LIVE 〜HEARTMAKER!!!!〜	夜公演	千葉・幕張イベントホール	
sh_L0902	2024-04-14	315 Production presents F＠NTASTIC COMBINATION LIVE 〜HEARTMAKER!!!!〜	昼公演	千葉・幕張イベントホール	
sh_L0903	2024-04-14	315 Production presents F＠NTASTIC COMBINATION LIVE 〜HEARTMAKER!!!!〜	夜公演	千葉・幕張イベントホール	
sh_L0918	2024-07-13	THE IDOLM@STER SideM 9th STAGE 〜MIR＠-CIRCLE CRESCENDO〜	DAY1	千葉・幕張メッセ 国際展示場ホール9-11	
sh_L0919	2024-07-14	THE IDOLM@STER SideM 9th STAGE 〜MIR＠-CIRCLE CRESCENDO〜	DAY2	千葉・幕張メッセ 国際展示場ホール9-11	
sh_L0920	2024-07-21	VΔLZ×DRAMATIC STARS COLLABORATION LIVE 〜劇的演舞〜	VΔLZ×DRAMATIC STARS COLLABORATION LIVE 〜劇的演舞〜	配信：ASOBI STAGE	ASOBI STAGE
sh_L0975	2024-11-03	THE IDOLM@STER SideM 10th ANNIVERSARY MEETING ～P@SSION BANG!!!～(愛媛公演)	昼公演	愛媛・松山市民会館 大ホール	
sh_L0976	2024-11-03	THE IDOLM@STER SideM 10th ANNIVERSARY MEETING ～P@SSION BANG!!!～(愛媛公演)	夜公演	愛媛・松山市民会館 大ホール	
sh_L0982	2024-12-01	315 Production presents F＠NTASTIC COMBINATION LIVE 〜PINATATIME!!〜	昼公演	神奈川・横浜BUNTAI	
sh_L0983	2024-12-01	315 Production presents F＠NTASTIC COMBINATION LIVE 〜PINATATIME!!〜	夜公演	神奈川・横浜BUNTAI	
sh_L0990	2024-12-14	M@STER EXPO LIVE SHOWCASE Side P@SSION!!!	M@STER EXPO LIVE SHOWCASE Side P@SSION!!!	千葉・幕張メッセ 国際展示場 展示ホール3	
sh_L1003	2024-12-22	THE IDOLM@STER SideM 10th ANNIVERSARY MEETING ～P@SSION SPARKS!!!～(熊本公演)	昼公演	熊本・熊本城ホール メインホール	
sh_L1004	2024-12-22	THE IDOLM@STER SideM 10th ANNIVERSARY MEETING ～P@SSION SPARKS!!!～(熊本公演)	夜公演	熊本・熊本城ホール メインホール	
sh_L1033	2025-02-08	THE IDOLM@STER SideM 10th ANNIVERSARY MEETING ～P@SSION SUNDAE!!!～(大阪公演)	DAY1	大阪・オリックス劇場	
sh_L1035	2025-02-09	THE IDOLM@STER SideM 10th ANNIVERSARY MEETING ～P@SSION SUNDAE!!!～(大阪公演)	DAY2 昼公演	大阪・オリックス劇場	
sh_L1036	2025-02-09	THE IDOLM@STER SideM 10th ANNIVERSARY MEETING ～P@SSION SUNDAE!!!～(大阪公演)	DAY2 夜公演	大阪・オリックス劇場	
sh_L1046	2025-03-01	315アニマルPASSIONステージ	315アニマルPASSIONステージ ～C.FIRST～	横浜・八景島シーパラダイス アクアミュージアム ライブスタジアム	
sh_L1047	2025-03-02	315アニマルPASSIONステージ	315アニマルPASSIONステージ ～Legenders～	横浜・八景島シーパラダイス アクアミュージアム ライブスタジアム	
sh_L1056	2025-03-15	THE IDOLM@STER SideM 10th ANNIVERSARY MEETING ～P@SSION UP!!!～	DAY1	千葉・幕張イベントホール	
sh_L1058	2025-03-16	THE IDOLM@STER SideM 10th ANNIVERSARY MEETING ～P@SSION UP!!!～	DAY2	千葉・幕張イベントホール	
sh_L1079	2025-05-17	315 Production presents F＠NTASTIC COMBINATION LIVE	昼公演	千葉・幕張イベントホール	
sh_L1081	2025-05-17	315 Production presents F＠NTASTIC COMBINATION LIVE	夜公演	千葉・幕張イベントホール	
sh_L1083	2025-05-18	315 Production presents F＠NTASTIC COMBINATION LIVE	昼公演	千葉・幕張イベントホール	
sh_L1084	2025-05-18	315 Production presents F＠NTASTIC COMBINATION LIVE	夜公演	千葉・幕張イベントホール	
sh_L1111	2025-07-12	THE IDOLM@STER SideM 10th ANNIVERSARY ST@GE ～P@SSION-ING!!!～	DAY1	神奈川・Kアリーナ横浜	
sh_L1115	2025-07-13	THE IDOLM@STER SideM 10th ANNIVERSARY ST@GE ～P@SSION-ING!!!～	DAY2	神奈川・Kアリーナ横浜	
sh_L1165	2025-10-04	315 Production presents F＠NTASTIC BATTLE FES ～Who goes first～　幕張公演	DAY1昼公演	千葉・幕張イベントホール	
sh_L1166	2025-10-04	315 Production presents F＠NTASTIC BATTLE FES ～Who goes first～　幕張公演	DAY1夜公演	千葉・幕張イベントホール	
sh_L1168	2025-10-05	315 Production presents F＠NTASTIC BATTLE FES ～Who goes first～　幕張公演	DAY2昼公演	千葉・幕張イベントホール	
sh_L1169	2025-10-05	315 Production presents F＠NTASTIC BATTLE FES ～Who goes first～　幕張公演	DAY2夜公演	千葉・幕張イベントホール	
sh_L1188	2025-11-15	315 Production presents F＠NTASTIC BATTLE FES ～Who goes first～ 大阪公演	DAY1 昼公演	大阪・オリックス劇場	
sh_L1189	2025-11-15	315 Production presents F＠NTASTIC BATTLE FES ～Who goes first～ 大阪公演	DAY1 夜公演	大阪・オリックス劇場	
sh_L1192	2025-11-16	315 Production presents F＠NTASTIC BATTLE FES ～Who goes first～ 大阪公演	DAY2 昼公演	大阪・オリックス劇場	
sh_L1193	2025-11-16	315 Production presents F＠NTASTIC BATTLE FES ～Who goes first～ 大阪公演	DAY2 夜公演	大阪・オリックス劇場	
sh_L1230	2026-02-07	315 WINTER PASSION ステージ ～C.FIRST～	315 WINTER PASSION ステージ ～C.FIRST～	神奈川・アクアミュージアム4F「ライブスタジアム」	
sh_L1231	2026-02-08	315 WINTER PASSION ステージ ～Legenders～	315 WINTER PASSION ステージ ～Legenders～	神奈川・アクアミュージアム4F「ライブスタジアム」	
sh_L1244	2026-03-01	315 WINTER PASSION ステージ ～CLimax～	315 WINTER PASSION ステージ ～CLimax～	神奈川・アクアミュージアム4F「ライブスタジアム」	
sh_the_idolmster_sidem_passionable_reading_show_魂環の人形_1	2026-03-14	THE IDOLM@STER SideM PASSIONABLE READING SHOW ～魂環の人形～	DAY1 -デカルトの影光-	幕張イベントホール	
sh_the_idolmster_sidem_passionable_reading_show_魂環の人形_2	2026-03-15	THE IDOLM@STER SideM PASSIONABLE READING SHOW ～魂環の人形～	DAY2 -テセウスの少年-	幕張イベントホール	
sh_the_idolmster_sidem_11th_stage_ever_everfter_1	2026-09-12	THE IDOLM@STER SideM 11th STAGE ～EVER EVER＠FTER～	DAY1	TOYOTA ARENA TOKYO	
sh_the_idolmster_sidem_11th_stage_ever_everfter_2	2026-09-13	THE IDOLM@STER SideM 11th STAGE ～EVER EVER＠FTER～	DAY2	TOYOTA ARENA TOKYO	
sh_315_production_presents_f@ntastic_battle_fes_~wanna_step_in~_1	2026-12-26	315 Production presents F＠NTASTIC BATTLE FES ～Wanna step in～	315 Production presents F＠NTASTIC BATTLE FES ～Wanna step in～	ホクト文化ホール (長野県県民文化会館) 大ホール	
sh_315_production_presents_f@ntastic_battle_fes_~wanna_step_in~_2	2026-12-27	315 Production presents F＠NTASTIC BATTLE FES ～Wanna step in～	315 Production presents F＠NTASTIC BATTLE FES ～Wanna step in～	ホクト文化ホール (長野県県民文化会館) 大ホール	
sh_315_production_presents_f@ntastic_battle_fes_~wanna_step_in~_3	2027-01-23	315 Production presents F＠NTASTIC BATTLE FES ～Wanna step in～	315 Production presents F＠NTASTIC BATTLE FES ～Wanna step in～	幕張メッセ イベントホール	
sh_315_production_presents_f@ntastic_battle_fes_~wanna_step_in~_4	2027-01-24	315 Production presents F＠NTASTIC BATTLE FES ～Wanna step in～	315 Production presents F＠NTASTIC BATTLE FES ～Wanna step in～	幕張メッセ イベントホール	
sh_the_idolm@ster_sidem_producer_meeting_~ajewelholic_~_1	2027-03-13	THE IDOLM@STER SideM PRODUCER MEETING ～AJewelholIc!!!～	DAY1	京王アリーナ TOKYO	
sh_the_idolm@ster_sidem_producer_meeting_~ajewelholic_~_2	2027-03-14	THE IDOLM@STER SideM PRODUCER MEETING ～AJewelholIc!!!～	DAY2	京王アリーナ TOKYO	
sh_the_idolm@ster_sidem_×_shiny_colors_sparkle_showdown_1	2027-06-05	THE IDOLM@STER SideM × SHINY COLORS SPARKLE SHOWDOWN	DAY1	横浜アリーナ	
sh_the_idolm@ster_sidem_×_shiny_colors_sparkle_showdown_2	2027-06-06	THE IDOLM@STER SideM × SHINY COLORS SPARKLE SHOWDOWN	DAY2	横浜アリーナ	
